symbol,signal_ts,signal_date,hour,peak_hour,open,high,low,close,buy_signal,early_bull,scan_score,wt1,wt2,trend_strength,bar_state,htf_range_20d_pct,htf_dist_sma50_pct,htf_sma20_slope_pct,htf_score,gap_pct,bar_range_pct,bar_body_pct,close_loc,vol_ratio_20,dollar_vol_1h,bars_since_rth_open,dist_hod_pct,dist_lod_pct,consec_green,dist_20d_low_pct,dist_20d_high_pct,dist_52w_high_pct,close_vs_sma20,close_vs_sma50,close_vs_sma200,hh_hl_20,dist_20d_low_bounce,ticker_prior_mfe_p50,ticker_prior_hit1r_rate,ticker_prior_n,launch_score,phase,continuation_score_v0,social_missing,guidance_cut,print,outlook,news_velocity_24h,news_velocity_72h,news_headline_count_48h,dilution_flag,distress_flag,unresolved,catalyst_type,st_msg_24h,st_bull_ratio,st_ok,x_posts_24h,x_authors_24h,x_engage_24h,x_sent_lex,x_ok,continuation_score_v1,php_v0_admit,all_hours_admit,hit_1r,mfe,mae,mfe_ge_3,mfe_ge_5,killed,day_mfe,r_multiple
IREN,2026-06-08 06:00:00-04:00,2026-06-08,7,1,55.45,55.6,55.1408,55.45,True,False,21.12,-58.6848605510416,-62.73035754550618,0.2217821734196639,orange,0.5371,0.0895,0.1204,58.1,0.0199576933688954,0.0082813345356177,0.0,0.6733449477351967,0.0094235591048461,2994290.18784525,1.0,0.0027051397655545,0.0055761947700631,0.0,0.1704238052299369,0.2751415689810638,0.3862939585211902,-0.0554064988714276,0.1115209294680335,0.1854762589405115,0,0.0,0.0,0.0,0.0,41.2,NEUTRAL,95.5,1,0,unknown,unknown,0.0,1.0,0.5,0,0,0,none,0.0,0.5,0,0.0,0.0,0.0,0.0,0,52.38,1,1,1,0.076105,0.005591,1,1,0,0.076105,1.0
IREN,2026-06-10 09:00:00-04:00,2026-06-10,10,0,53.3,56.46,53.05,54.813,False,True,24.6,-31.25681139183408,-30.72785481128969,0.0525761488433992,yellow,0.5371,0.0655,0.0989,55.7,-0.0240651610514625,0.0622115191651616,0.4436950146627576,0.5170087976539599,0.9955730745881736,299488197.47118783,2.0,0.0300476164413551,0.0440224034444384,2.0,0.160783025924507,0.2899604108514402,0.4024045390691989,-0.0637538324892605,0.0811242603550295,0.1626779795837201,0,0.0,0.076105,1.0,1.0,36.2,NEUTRAL,110.0,1,0,unknown,unknown,0.0,1.0,0.5,0,0,0,none,0.0,0.5,0,0.0,0.0,0.0,0.0,0,73.83,0,1,0,0.011986,0.054604,0,0,1,0.011986,-1.0
IREN,2026-06-10 10:00:00-04:00,2026-06-10,11,1,54.835,55.47,53.1033,53.52,True,False,21.09,-31.348609101169732,-31.57024025622383,-0.5059026498302974,red,0.5371,0.0655,0.0989,55.7,-0.0240651610514625,0.0442208520179372,0.5556259770989128,0.1760679427050346,1.0114753722846406,291564139.4645765,3.0,0.0549327354260089,0.0209267563527654,0.0,0.14050822122571,0.3211248131539609,0.4362855007473841,-0.0858392190689293,0.0556213017751479,0.1352512263025322,0,0.0,0.0440455,0.5,2.0,41.2,NEUTRAL,111.7,1,0,unknown,unknown,0.0,1.0,0.5,0,0,0,none,0.0,0.5,0,0.0,0.0,0.0,0.0,0,89.72,1,1,0,0.009716,0.042975,0,0,0,0.009716,0.19432
IREN,2026-06-11 06:00:00-04:00,2026-06-11,7,1,52.91,53.1,52.81,52.85,False,True,14.49,-40.43382093165607,-40.18032293495419,-0.1327408478213806,orange,0.5371,0.0083,0.0707,50.0,0.0279774625995725,0.0054872280037842,0.2068965517241218,0.1379310344827561,0.0091574735545835,2403649.7714117,1.0,0.0047303689687795,0.0007568590350047,0.0,0.1296121097445601,0.3378732261116365,0.4544938505203406,-0.0933809086776397,0.0342870562448628,0.117473178529291,0,0.0,0.011986,0.3333333333333333,3.0,30.0,NEUTRAL,79.3,1,0,unknown,unknown,0.0,1.0,0.5,0,0,0,none,0.0,0.5,0,0.0,0.0,0.0,0.0,0,55.79,1,1,1,0.080227,0.039735,1,1,0,0.080227,1.0
IREN,2026-06-11 09:00:00-04:00,2026-06-11,10,0,52.12,53.76,50.75,53.74,True,False,38.6,-39.0600727497215,-40.389886632654296,0.3617251978024279,green,0.5371,0.0083,0.0707,50.0,0.0279774625995725,0.0560104205433568,0.538205980066447,0.993355481727576,1.2043458817186308,332584033.859744,2.0,0.0003721622627464,0.0556382582806103,1.0,0.1440267956829178,0.3157164123557869,0.4304056568663937,-0.0781133402523436,0.0517045676934518,0.136291553721175,0,0.0,0.0440455,0.5,4.0,51.0,LAUNCH,109.3,1,0,unknown,unknown,0.0,1.0,0.5,0,0,0,none,0.0,0.5,0,0.0,0.0,0.0,0.0,0,70.94,0,1,1,0.062337,0.021027,1,1,0,0.062337,1.0
IREN,2026-06-16 13:00:00-04:00,2026-06-16,14,0,60.36,61.85,60.25,61.455,True,False,50.92,20.190840411891173,20.05473751761861,0.3854127191544389,green,0.5371,0.1572,0.0252,59.9,-0.0121610517666393,0.026035310389716,0.6843749999999987,0.7531249999999983,0.8145699459715845,209197647.73960897,6.0,0.0091937189813685,0.0391343259295419,1.0,0.2514848262956635,0.1505426735009356,0.2508339435359207,0.0445401932539582,0.1687504041322282,0.2846340893662589,1,0.0,0.062337,0.6,5.0,35.0,NEUTRAL,100.7,1,0,unknown,unknown,0.0,1.0,0.5,0,0,0,none,0.0,0.5,0,0.0,0.0,0.0,0.0,0,61.74,0,1,0,0.007241,0.040924,0,0,0,0.007241,0.14482
IREN,2026-06-17 13:00:00-04:00,2026-06-17,14,0,59.4958,60.38,59.3,60.34,True,False,54.38,-19.248482339867834,-19.759312836343305,0.4543468993936393,green,0.5371,0.1153,0.0176,54.2,0.0081122190299137,0.0178985747431223,0.7816666666666634,0.962962962962964,0.8608419050055712,177833186.93202886,6.0,0.0154126615843553,0.0386145177328472,2.0,0.237653297978124,0.1718031156778255,0.273947630096122,0.0180443897048278,0.1371431586723658,0.2565800468458205,1,0.0,0.0371615,0.5,6.0,35.0,NEUTRAL,94.3,1,0,unknown,unknown,0.0,1.0,0.5,0,0,0,none,0.0,0.5,0,0.0,0.0,0.0,0.0,0,57.87,0,1,0,0.022042,0.043586,0,0,0,0.022042,0.4408399999999999
IREN,2026-06-22 09:00:00-04:00,2026-06-22,10,0,60.2,61.28,59.05,60.9304,True,False,69.94,0.5722293329813493,-4.4076361658041705,0.492523562151475,yellow,0.3932,0.1109,0.0225,45.1,-0.0104965011662779,0.0365991360634429,0.3275336322869931,0.8432286995515688,1.2544473926039406,298324581.2579355,2.0,0.005737694155955,0.0308614419074879,3.0,0.1670824416055039,0.1604486430418969,0.2616034032272889,0.0129489705161134,0.1289093765748673,0.2606735238055827,1,0.0,0.022042,0.4285714285714285,7.0,5.0,NEUTRAL,59.1,1,0,unknown,unknown,0.0,1.0,0.5,0,0,0,none,0.0,0.5,0,0.0,0.0,0.0,0.0,0,20.63,0,0,0,0.004425,0.050417,0,0,1,0.004425,-1.0
IREN,2026-06-23 10:00:00-04:00,2026-06-23,11,1,56.28,57.54,55.2,55.48,False,True,15.56,-56.55431651891898,-54.59816031384205,-0.9892588737262726,red,0.3932,0.046,0.0237,38.9,-0.0480211081794196,0.0421773612112472,0.3418803418803442,0.1196581196581172,1.3533512959508769,309812085.8552009,3.0,0.0371304974765681,0.0492069214131217,0.0,0.0852559480894015,0.2744520547945205,0.385544340302812,-0.0767489848898356,0.0204344387426658,0.1445092488539179,1,0.0,0.017014,0.375,8.0,30.0,NEUTRAL,84.8,1,0,unknown,unknown,0.0,0.0,0.0,0,0,0,none,0.0,0.5,0,0.0,0.0,0.0,0.0,0,79.5,1,1,0,0.017123,0.025234,0,0,0,0.017123,0.34246
IREN,2026-06-23 12:00:00-04:00,2026-06-23,13,1,55.03,56.43,54.89,55.48,True,False,10.22,-55.74848067637172,-57.05658468718951,-0.5348462740491027,yellow,0.3932,0.046,0.0237,38.9,-0.0480211081794196,0.0277577505407353,0.2922077922077896,0.3831168831168809,0.7341064803815158,164659631.37040177,5.0,0.0371304974765681,0.0492069214131217,1.0,0.0852559480894015,0.2744520547945205,0.385544340302812,-0.0767489848898356,0.0204344387426658,0.1445092488539179,1,0.0,0.017123,0.3333333333333333,9.0,35.0,NEUTRAL,80.6,1,0,unknown,unknown,0.0,0.0,0.0,0,0,0,none,0.0,0.5,0,0.0,0.0,0.0,0.0,0,81.8,1,1,0,0.016763,0.025234,0,0,0,0.016763,0.33526
IREN,2026-06-24 06:00:00-04:00,2026-06-24,7,1,55.42,55.49,55.18,55.18,True,False,8.94,-52.97168972994015,-54.48837531108315,-0.2344266329126155,red,0.3932,0.0008,0.0236,34.3,0.0124223602484471,0.0056179775280899,0.7741935483870975,0.0,0.0060787814657861,1181522.21164488,1.0,0.0056179775280899,0.0,0.0,0.08028271112722,0.2813809351214207,0.3930772018847409,-0.0801263617647302,0.0091994805859867,0.1349735051151452,0,0.0,0.016943,0.3,10.0,35.0,NEUTRAL,77.9,1,0,unknown,unknown,0.0,0.0,0.0,0,0,0,none,0.0,0.5,0,0.0,0.0,0.0,0.0,0,64.87,1,1,0,0.0,0.067778,0,0,1,0.0,-1.0
IREN,2026-06-24 15:00:00-04:00,2026-06-24,16,0,49.26,50.39,48.8401,50.295,False,True,16.47,-72.32095546664381,-70.70026003088081,-0.8988583267109436,green,0.3932,0.0008,0.0236,34.3,0.0124223602484471,0.0308161845113828,0.6677850183882851,0.9387057229498684,1.6117836669819554,315210608.8626733,8.0,0.1032905855452828,0.0289273287603141,1.0,-0.0090466249130131,0.4058375584054079,0.5283825429963217,-0.1615613513040432,-0.0801433875304058,0.0344960572628893,0,0.0,0.016763,0.2727272727272727,11.0,30.0,NEUTRAL,77.0,1,0,unknown,unknown,0.0,0.0,0.0,0,0,0,none,0.0,0.5,0,0.0,0.0,0.0,0.0,0,51.29,0,0,0,0.0,0.0,0,0,0,0.0,0.0
IREN,2026-09-04 15:00:00-04:00,2026-09-04,16,0,43.685,44.745,43.685,44.68,False,True,54.12,66.29244793226803,66.56396431893882,1.998526231521506,green,0.413,0.0339,0.0322,40.7,0.0076830732292917,0.023724261414503,0.9386792452830208,0.9386792452830208,1.478943403758713,303608834.60571975,8.0,0.0014547896150402,0.087958818263205,1.0,0.2209042076991942,0.1008281110116383,0.7204565801253359,0.0908269703794578,0.1091004321718559,-0.0217570386474936,1,0.0,0.0143745,0.25,12.0,30.0,NEUTRAL,75.9,1,0,unknown,unknown,0.0,0.0,0.0,0,0,0,none,0.0,0.5,0,0.0,0.0,0.0,0.0,0,43.49,0,0,0,0.0,0.0,0,0,0,0.0,0.0
TARS,2026-07-09 15:00:00-04:00,2026-07-09,16,0,64.525,65.46,64.08,64.09,False,True,36.31,-33.16323375377615,-33.16140750586794,-0.3538614100289106,red,0.283,0.0829,0.0457,39.6,-0.0101875092278162,0.0215322203151817,0.3152173913043505,0.0072463768115979,3.1005939946012053,35429943.67501667,7.0,0.0644125448587922,0.0371352785145889,0.0,0.1182711811515057,0.1312217194570135,0.3301607114994538,0.0047816884847534,0.0247448131187801,-0.0701173452713493,1,0.0,0.0,0.0,0.0,51.7,LAUNCH,103.0,1,0,unknown,unknown,0.0,0.0,0.0,0,0,0,none,0.0,0.5,0,0.0,0.0,0.0,0.0,0,60.23,0,0,0,0.0,0.0,0,0,0,0.0,0.0
TARS,2026-08-13 09:00:00-04:00,2026-08-13,10,0,70.72,71.345,69.82,70.29,True,False,46.33,52.91004957198865,51.51319198664601,0.5688947711624961,red,0.2759,0.1331,0.0106,37.2,0.0101414083702327,0.0216958315549865,0.2819672131147482,0.3081967213114828,0.4320240781906537,3382012.7959216502,1.0,0.0150092474036134,0.006686584151373,0.0,0.2141129605918338,0.0027030872101294,0.2128325508607197,0.149360444438994,0.1375829639304147,0.0274509488646185,1,0.0,0.0,0.0,1.0,41.2,NEUTRAL,88.1,1,0,unknown,unknown,0.0,0.0,0.0,0,0,0,none,0.0,0.5,0,0.0,0.0,0.0,0.0,0,17.67,0,1,0,0.003414,0.031726,0,0,0,0.003414,0.06828
TARS,2026-08-14 11:00:00-04:00,2026-08-14,12,1,68.75,69.64,68.6601,69.31,False,True,52.1,5.077508557783445,7.243829814259643,0.253157835948568,green,0.2915,0.1106,0.021,38.0,0.0004361098996945,0.0141379310344827,0.5714868864169833,0.6632309419328523,0.4297819259929944,2887733.11502676,3.0,0.004761217717501,0.0245274852113692,2.0,0.2030010099552734,0.0293608425912566,0.2299812436877795,0.123061155873143,0.1175733614110672,0.0129172154641228,1,0.0,0.001707,0.0,2.0,30.0,NEUTRAL,73.6,1,0,unknown,unknown,0.0,0.0,0.0,0,0,0,none,0.0,0.5,0,0.0,0.0,0.0,0.0,0,40.82,1,1,0,0.005627,0.003174,0,0,0,0.005627,0.11254
TARS,2026-08-14 12:00:00-04:00,2026-08-14,13,1,69.25,69.51,69.09,69.215,True,False,53.13,9.113475328869656,5.40723687058976,0.2513433860407434,orange,0.2915,0.1106,0.021,38.0,0.0004361098996945,0.0060680488333453,0.0833333333333248,0.2976190476190464,0.2563761238188076,1687254.0550000002,4.0,0.0061402875099327,0.0231886151845698,0.0,0.2019071010619085,0.0307736762262514,0.2316694358159358,0.121521828073288,0.1160415554763673,0.0115288568510931,1,0.0,0.003414,0.0,3.0,35.0,NEUTRAL,62.4,1,0,unknown,unknown,0.0,0.0,0.0,0,0,0,none,0.0,0.5,0,0.0,0.0,0.0,0.0,0,36.58,1,1,0,0.007007,0.001011,0,0,0,0.007007,0.14014
TARS,2026-08-17 10:00:00-04:00,2026-08-17,11,1,69.3,69.96,69.27,69.695,True,False,65.8,22.4472546941824,18.627011840206244,0.779632585165962,green,0.2915,0.1121,0.0342,40.8,-0.0059214326978624,0.0099002797905157,0.5724637681159381,0.6159420289855052,0.2760874954129809,1490652.705113205,2.0,0.0038022813688213,0.0141330081067508,2.0,0.207403687495516,0.0236745821077553,0.2231867422340197,0.120809227639498,0.1200104134693725,0.0184666957956373,1,0.0,0.0045205,0.0,4.0,5.0,EXTENSION,48.6,1,0,unknown,unknown,0.0,0.0,0.0,0,0,0,none,0.0,0.5,0,0.0,0.0,0.0,0.0,0,-0.47,0,0,0,0.015568,0.001507,0,0,0,0.015568,0.3113599999999999
TARS,2026-08-18 15:00:00-04:00,2026-08-18,16,0,70.5525,71.5,70.01,71.13,True,False,60.78,48.41484355851727,46.48874665438366,0.5114194433752006,yellow,0.2915,0.1311,0.0511,45.9,0.0009906594961789,0.0209475608041613,0.3875838926174513,0.7516778523489894,2.844484329135314,13091460.52107228,7.0,0.0052017432869394,0.0205960916631518,3.0,0.2233937860255868,0.003022634612681,0.1985097708421201,0.1308246291791863,0.1393086304270525,0.0392046643677934,1,0.0,0.005627,0.0,5.0,25.0,NEUTRAL,81.7,1,0,unknown,unknown,0.0,0.0,0.0,0,0,0,none,0.0,0.5,0,0.0,0.0,0.0,0.0,0,1.28,0,0,0,0.0,0.0,0,0,0,0.0,0.0
TARS,2026-08-19 15:00:00-04:00,2026-08-19,16,0,72.51,73.51,72.375,73.415,True,False,63.51,69.2599652872257,67.83026850622286,1.5178012563913057,green,0.2698,0.1334,0.0711,44.7,0.0122311261071278,0.0154600558468978,0.79735682819383,0.916299559471367,2.895941206410471,16312174.54454371,7.0,0.0012940134849826,0.0278553429135735,2.0,0.2329891711503099,-0.0260845876183342,0.1612068378396784,0.1545145031805564,0.1714985095966658,0.0723134196193991,1,0.0,0.0045205,0.0,6.0,25.0,NEUTRAL,73.0,1,0,unknown,unknown,0.0,0.0,0.0,0,0,0,none,0.0,0.5,0,0.0,0.0,0.0,0.0,0,-14.11,0,0,0,0.0,0.0,0,0,0,0.0,0.0
TARS,2026-08-21 09:00:00-04:00,2026-08-21,10,0,71.72,72.28,71.26,72.135,True,False,42.25,17.947776842372946,17.542096240451798,0.1458093055965309,yellow,0.2876,0.1322,0.1002,45.7,0.0030067827424656,0.014140153878145,0.4068627450980469,0.8578431372549054,0.2029402400482123,1016865.95280858,1.0,0.0020101199140499,0.012130033964095,3.0,0.2085672697026409,0.019061481943578,0.1818118805018367,0.109291382173833,0.1424177731603488,0.0530668464235544,1,0.0,0.003414,0.0,7.0,41.9,NEUTRAL,102.2,1,0,unknown,unknown,0.0,0.0,0.0,0,0,0,none,0.0,0.5,0,0.0,0.0,0.0,0.0,0,29.38,0,1,0,0.013863,0.010454,0,0,0,0.013863,0.27726
TARS,2026-08-24 11:00:00-04:00,2026-08-24,12,1,72.655,72.7,72.325,72.65,False,True,25.85,33.2743157884652,34.204296423006475,0.0350808445279244,orange,0.2876,0.1472,0.1058,47.2,0.0020624226591501,0.0051617343427391,0.0133333333333212,0.8666666666666742,0.4644474186238139,2242726.4032212505,3.0,0.0045423262216104,0.0121816930488644,0.0,0.2141775636613902,0.0118375774260151,0.1734342739160357,0.1052791723718241,0.1464234428997492,0.0603598728589834,1,0.0,0.0045205,0.0,8.0,32.1,NEUTRAL,85.1,1,0,unknown,unknown,0.0,0.0,0.0,0,0,0,none,0.0,0.5,0,0.0,0.0,0.0,0.0,0,40.88,1,1,0,0.005919,0.001789,0,0,0,0.005919,0.1183799999999999
TARS,2026-08-24 12:00:00-04:00,2026-08-24,13,1,72.65,72.87,72.52,72.805,True,False,36.36,35.6670397241502,33.729272004268175,0.2125779988705015,yellow,0.2876,0.1472,0.1058,47.2,0.0020624226591501,0.0048073621317218,0.4428571428571353,0.8142857142857253,0.3405474732800789,1620202.4700000002,4.0,0.0024036810658608,0.0142847331914017,1.0,0.2158505597143053,0.0096834008653251,0.170936062083648,0.1076373041229271,0.1488693566457845,0.0626221685271616,1,0.0,0.005627,0.0,9.0,56.6,LAUNCH,101.6,1,0,unknown,unknown,0.0,0.0,0.0,0,0,0,none,0.0,0.5,0,0.0,0.0,0.0,0.0,0,58.25,1,1,0,0.003777,0.002266,0,0,0,0.003777,0.07554
TARS,2026-08-26 15:00:00-04:00,2026-08-26,16,0,70.825,71.15,70.435,70.595,False,True,37.1,-37.82979719421701,-37.400233155101375,-0.5571684306161551,red,0.2962,0.1205,0.1067,45.1,-0.0044805376645198,0.0101281960478787,0.3216783216783257,0.2237762237762179,3.59876129139091,14232606.980409998,7.0,0.0078617465826192,0.0116863800552447,0.0,0.1913025001770663,0.0482328776825554,0.2075926057086196,0.0538218676061172,0.1071120520661806,0.0300234434473796,1,0.0,0.004702,0.0,10.0,49.8,NEUTRAL,106.5,1,0,unknown,unknown,0.0,0.0,0.0,0,0,0,none,0.0,0.5,0,0.0,0.0,0.0,0.0,0,50.78,0,0,0,0.0,0.0,0,0,0,0.0,0.0
TARS,2026-08-27 10:00:00-04:00,2026-08-27,11,1,69.965,71.37,69.74,71.33,True,False,59.71,-39.24981630939205,-39.50068742843796,0.499928215435815,green,0.2962,0.1049,0.1053,43.6,-0.007436787307883,0.0228515351184636,0.8374233128834275,0.9754601226993828,1.597587861001173,6550520.220688569,2.0,0.0005607738679378,0.0261460815925977,1.0,0.1996354969858404,0.0374316556848451,0.1951493060423384,0.0552399550269245,0.1155596565583898,0.0405532014370517,1,0.0,0.003777,0.0,11.0,25.0,NEUTRAL,72.7,1,0,unknown,unknown,0.0,0.0,0.0,0,0,0,none,0.0,0.5,0,0.0,0.0,0.0,0.0,0,20.14,0,0,0,0.011426,0.002804,0,0,0,0.011426,0.22852
TARS,2026-08-28 11:00:00-04:00,2026-08-28,12,1,71.335,71.635,71.11,71.29,False,True,50.83,-2.2952316570908176,-1.1328089889563264,-0.2637596863135748,orange,0.291,0.1209,0.1053,44.8,-0.0105628908964559,0.0073642867162295,0.0857142857142609,0.3428571428571521,1.549926874348177,5799013.760000001,3.0,0.0078201711319959,0.0078552391639781,0.0,0.1959601627156684,0.0380137466685368,0.1958198905877401,0.0450780620098219,0.1110695505537424,0.0396913739815376,1,0.0,0.004702,0.0,12.0,30.0,NEUTRAL,75.6,1,0,unknown,unknown,0.0,0.0,0.0,0,0,0,none,0.0,0.5,0,0.0,0.0,0.0,0.0,0,50.53,1,1,0,0.01038,0.001824,0,0,0,0.01038,0.2076
TARS,2026-08-28 12:00:00-04:00,2026-08-28,13,1,71.16,72.03,71.16,71.74,True,False,58.49,3.0830873655544027,-0.3339732091393503,0.2435167776053698,green,0.291,0.1209,0.1053,44.8,-0.0105628908964559,0.0121271257318093,0.6666666666666612,0.6666666666666612,1.0481110496350623,4060809.89659804,4.0,0.0040423752439365,0.0140786172288819,1.0,0.2010036241984945,0.0315026484527461,0.1883189294675216,0.0516748515722347,0.1180828946096993,0.0462541614453008,1,0.0,0.005627,0.0,13.0,25.0,NEUTRAL,63.0,1,0,unknown,unknown,0.0,0.0,0.0,0,0,0,none,0.0,0.5,0,0.0,0.0,0.0,0.0,0,17.8,0,0,0,0.002021,0.00683,0,0,0,0.002021,0.0404199999999999
TARS,2026-08-31 10:00:00-04:00,2026-08-31,11,1,70.9,73.55,70.895,73.4,True,False,74.18,20.261541060337507,11.820063608502196,1.876449759454817,green,0.2841,0.1152,0.1072,43.8,-0.0044574453266472,0.0361716621253406,0.941619585687382,0.9435028248587602,1.132676083032923,4560316.615564201,2.0,0.0020435967302451,0.0366485013623979,1.0,0.214850136239782,0.0081743869209808,0.1614441416893732,0.0660702095830124,0.1406796834691582,0.0705439610345334,1,0.0,0.004702,0.0,14.0,5.0,EXTENSION,50.0,1,0,unknown,unknown,0.0,0.0,0.0,0,0,0,none,0.0,0.5,0,0.0,0.0,0.0,0.0,0,9.81,0,0,0,0.020913,0.005654,0,0,0,0.020913,0.41826
TARS,2026-09-02 09:00:00-04:00,2026-09-02,10,0,74.53,76.74,74.105,75.65,True,False,53.11,53.31668221163972,47.39361872021567,1.6255918202111064,yellow,0.3028,0.1431,0.1031,47.8,0.0013495276653172,0.0348314606741571,0.4250474383301739,0.5863377609108186,1.1478133668671753,5902642.921370801,2.0,0.0144084600132186,0.0204230006609385,1.0,0.2382022471910112,-0.0075346992729677,0.1269001982815597,0.0784956660583943,0.1678167307306381,0.1035341904139858,1,0.0,0.005627,0.0,15.0,35.0,NEUTRAL,95.2,1,0,unknown,unknown,0.0,0.0,0.0,0,0,0,none,0.0,0.5,0,0.0,0.0,0.0,0.0,0,30.24,0,1,1,0.096761,0.000661,1,1,0,0.096761,1.0
TARS,2026-09-04 12:00:00-04:00,2026-09-04,13,1,83.515,84.66,83.41,84.58,False,True,48.79,57.63343754240574,58.84898513791359,0.7122291545371627,green,0.3445,0.2716,0.1089,56.3,-0.0067259188085515,0.0147789075431544,0.8519999999999982,0.9360000000000014,0.4481582140066958,5036726.18773702,4.0,0.0009458500827618,0.0414991723811776,3.0,0.2569165287301962,-0.0009458500827618,0.0079214944431307,0.1729099135017072,0.29262585832466,0.2319559886708988,1,0.0,0.005773,0.0625,16.0,36.2,NEUTRAL,83.9,1,0,unknown,unknown,0.0,0.0,0.0,0,0,0,none,0.0,0.5,0,0.0,0.0,0.0,0.0,0,39.88,1,1,1,0.082171,0.001301,1,1,0,0.082171,1.0
TARS,2026-09-04 13:00:00-04:00,2026-09-04,14,0,84.59,85.75,84.47,85.66,True,False,49.03,60.36820062716743,58.40987143177456,1.3643418739055737,green,0.3445,0.2716,0.1089,56.3,-0.0067259188085515,0.014942797104833,0.8359374999999939,0.9296874999999974,0.9494890586248876,10637878.871325,5.0,0.0010506654214336,0.0535839364931123,4.0,0.2662853140322204,-0.0135419098762549,-0.0047863646976418,0.1878867721749377,0.3091313670381931,0.2476868052677842,1,0.0,0.005919,0.1176470588235294,17.0,41.2,NEUTRAL,103.7,1,0,unknown,unknown,0.0,0.0,0.0,0,0,0,none,0.0,0.5,0,0.0,0.0,0.0,0.0,0,23.42,0,1,1,0.068527,0.00035,1,1,0,0.068527,1.0
CHPT,2026-06-08 10:00:00-04:00,2026-06-08,11,1,7.3713,7.555,7.35,7.53,False,True,25.12,-28.00016774430789,-25.86522821253989,-0.254188568307996,green,0.4588,0.1368,0.0931,57.6,0.0235457063711911,0.0272244355909694,0.7741463414634169,0.8780487804878075,0.3146081933207852,330307.18497789005,2.0,0.0033200531208498,0.0458167330677291,3.0,0.2270916334661354,0.1274900398406374,1.3107569721115535,0.0676307954062101,0.1856027207456858,-0.0531100869554281,1,0.0,0.0,0.0,0.0,30.3,NEUTRAL,98.9,1,0,unknown,unknown,0.0,0.0,0.0,0,0,0,none,0.0,0.5,0,0.0,0.0,0.0,0.0,0,58.86,1,1,0,0.0,0.047145,0,0,0,0.0,0.0
CHPT,2026-06-09 09:00:00-04:00,2026-06-09,10,0,7.31,7.5224,7.2499,7.5204,True,False,54.79,-31.498278458037024,-34.80986789931863,1.0421038031229697,green,0.4588,0.128,0.0995,56.7,0.0,0.0362347747460241,0.7721100917431223,0.9926605504587164,0.334648757947638,254346.35786679605,2.0,0.0002659433008882,0.0426041168022977,1.0,0.2261049944151907,0.1289293122706238,1.31370671772778,0.0589875378441172,0.1765699802872431,-0.0518253282817138,1,0.0,0.0,0.0,1.0,35.0,NEUTRAL,96.7,1,0,unknown,unknown,0.0,0.0,0.0,0,0,0,none,0.0,0.5,0,0.0,0.0,0.0,0.0,0,29.36,0,1,0,0.007194,0.101112,0,0,1,0.007194,-1.0
CHPT,2026-06-09 13:00:00-04:00,2026-06-09,14,0,6.9199,7.15,6.9,7.12,False,True,36.34,-44.19216773279322,-39.48557055284069,0.3312947377731955,green,0.4588,0.128,0.0995,56.7,0.0,0.0351123595505618,0.8003999999999998,0.879999999999999,0.692164475206696,450741.32835504,6.0,0.0638342696629212,0.0575842696629213,2.0,0.1825842696629213,0.1924157303370786,1.4438202247191008,0.0026050834330773,0.1139272192496636,-0.1023079008251958,1,0.0,0.003597,0.0,2.0,51.6,LAUNCH,117.0,1,0,unknown,unknown,0.0,0.0,0.0,0,0,0,none,0.0,0.5,0,0.0,0.0,0.0,0.0,0,53.17,0,1,0,0.002809,0.02809,0,0,0,0.002809,0.0561799999999999
CHPT,2026-06-09 14:00:00-04:00,2026-06-09,15,0,7.13,7.14,7.08,7.13,True,False,39.48,-41.75366480361146,-42.37955118702879,0.4079730681866526,orange,0.4588,0.128,0.0995,56.7,0.0,0.008415147265077,0.0,0.8333333333333358,0.5545853193401648,342735.49212731,7.0,0.0623422159887797,0.0589060308555399,0.0,0.1837307152875174,0.1907433380084152,1.4403927068723703,0.0040132366401462,0.1154917237710816,-0.1010470973151189,1,0.0,0.002809,0.0,3.0,48.8,NEUTRAL,108.6,1,0,unknown,unknown,0.0,0.0,0.0,0,0,0,none,0.0,0.5,0,0.0,0.0,0.0,0.0,0,46.57,0,0,0,0.0,0.029453,0,0,0,0.0,0.0
CHPT,2026-06-10 13:00:00-04:00,2026-06-10,14,0,6.7,6.81,6.69,6.79,False,True,8.95,-54.54093725879125,-53.87682001643971,-0.5471150292479678,green,0.4588,0.0782,0.099,51.7,-0.0086580086580086,0.0176730486008835,0.7500000000000037,0.8333333333333358,0.4917448481758506,171523.84875626,6.0,0.0353460972017673,0.0265095729013254,1.0,0.1428571428571428,0.2503681885125184,1.5625920471281296,-0.0474186307519641,0.0548719860800398,-0.1415386560465263,1,0.0,0.0014045,0.0,4.0,30.0,NEUTRAL,95.9,1,0,unknown,unknown,0.0,0.0,0.0,0,0,0,none,0.0,0.5,0,0.0,0.0,0.0,0.0,0,32.19,0,1,0,0.006627,0.061856,0,0,1,0.006627,-1.0
CHPT,2026-06-10 14:00:00-04:00,2026-06-10,15,0,6.82,6.835,6.66,6.66,True,False,8.71,-53.93830677727479,-54.64163910066179,-1.0770137316824155,red,0.4588,0.0782,0.099,51.7,-0.0086580086580086,0.0262762762762762,0.914285714285716,0.0,0.8650400096363172,296127.03551436,7.0,0.0555555555555555,0.0075075075075074,0.0,0.1261261261261261,0.2747747747747748,1.6126126126126124,-0.0656565656565656,0.034675615212528,-0.1579745875213351,1,0.0,0.002809,0.0,5.0,35.0,NEUTRAL,104.0,1,0,unknown,unknown,0.0,0.0,0.0,0,0,0,none,0.0,0.5,0,0.0,0.0,0.0,0.0,0,46.64,0,0,0,0.004505,0.043544,0,0,0,0.004505,0.0901
CHPT,2026-06-16 09:00:00-04:00,2026-06-16,10,0,7.06,7.745,7.025,7.64,True,False,71.49,32.092339972750054,28.249446116484076,1.2381496387899806,green,0.4588,0.0754,0.0658,51.5,-0.0077301475755447,0.094240837696335,0.8055555555555559,0.8541666666666661,1.9602309800606972,824282.9187854399,1.0,0.0137434554973822,0.0804973821989527,1.0,0.238219895287958,0.1112565445026178,1.1201570680628272,0.0634743875278395,0.1571900275665687,-0.0222426988149171,1,0.0,0.003657,0.0,6.0,5.0,EXTENSION,58.2,1,0,unknown,unknown,0.0,0.0,0.0,0,0,0,none,0.0,0.5,0,0.0,0.0,0.0,0.0,0,1.05,0,0,0,0.002618,0.074607,0,0,1,0.002618,-1.0
CHPT,2026-06-16 13:00:00-04:00,2026-06-16,14,0,7.13,7.27,7.13,7.2401,False,True,25.85,19.945178421999916,24.15030379221401,0.028760068332579,green,0.4588,0.0754,0.0658,51.5,-0.0077301475755447,0.0193367494924102,0.7864285714285738,0.7864285714285738,1.040442541546461,482305.36940040207,5.0,0.0697366058479855,0.0400685073410587,3.0,0.1961436996726564,0.1726357370754548,1.2372619162718748,0.0078090200445434,0.0966193087152767,-0.0734213826819216,1,0.0,0.002809,0.0,7.0,32.1,NEUTRAL,94.4,1,0,unknown,unknown,0.0,0.0,0.0,0,0,0,none,0.0,0.5,0,0.0,0.0,0.0,0.0,0,49.67,0,1,0,0.013798,0.011063,0,0,0,0.013798,0.27596
CHPT,2026-06-16 14:00:00-04:00,2026-06-16,15,0,7.25,7.34,7.23,7.285,True,False,36.92,23.37155874451157,22.0269491833125,0.2055415124545064,yellow,0.4588,0.0754,0.0658,51.5,-0.0077301475755447,0.0150995195607411,0.3181818181818211,0.5,0.7771269044365317,352782.7122936951,6.0,0.063143445435827,0.0459849004804392,4.0,0.2010981468771448,0.1654083733699382,1.2234728894989706,0.0140590200445434,0.1034200720971797,-0.0676751388568941,1,0.0,0.003657,0.0,8.0,55.2,LAUNCH,122.3,1,0,unknown,unknown,0.0,0.0,0.0,0,0,0,none,0.0,0.5,0,0.0,0.0,0.0,0.0,0,61.49,0,0,0,0.003432,0.017159,0,0,0,0.003432,0.0686399999999999
CHPT,2026-06-17 09:00:00-04:00,2026-06-17,10,0,7.12,7.5399,7.12,7.515,False,True,64.66,10.747145138476412,14.690767854140368,0.8936506901435031,green,0.4588,0.0831,0.0564,52.2,-0.0728272980501392,0.0558749168330006,0.9407001667063573,0.9407001667063573,0.8525730429831612,385645.2124305149,2.0,0.003313373253493,0.1141583499667331,1.0,0.2255489021956087,0.1297405189620759,1.1554224883566202,0.0402103951830577,0.1304491711543667,-0.0355183367022812,1,0.0,0.003432,0.0,9.0,20.0,NEUTRAL,75.3,1,0,unknown,unknown,0.0,0.0,0.0,0,0,0,none,0.0,0.5,0,0.0,0.0,0.0,0.0,0,3.28,0,0,0,0.0499,0.027279,1,0,0,0.0499,0.998
CHPT,2026-06-17 10:00:00-04:00,2026-06-17,11,1,7.48,7.51,7.31,7.44,True,False,63.7,17.264722318134087,13.164058747545996,0.560903440804521,orange,0.4588,0.0831,0.0564,52.2,-0.0728272980501392,0.0268817204301075,0.2,0.6500000000000034,0.5848369529198068,258799.45326744005,3.0,0.0134274193548386,0.105228494623656,0.0,0.2177419354838709,0.1411290322580644,1.1771505376344085,0.0298290539137658,0.1191672432985348,-0.0451439022042543,1,0.0,0.0039685,0.0,10.0,25.0,NEUTRAL,75.5,1,0,unknown,unknown,0.0,0.0,0.0,0,0,0,none,0.0,0.5,0,0.0,0.0,0.0,0.0,0,24.87,0,0,1,0.060484,0.001344,1,1,0,0.060484,1.0
CHPT,2026-06-22 09:00:00-04:00,2026-06-22,10,0,8.24,8.45,8.03,8.385,False,True,52.38,53.71677958678394,54.05525838720763,1.2008941777874862,yellow,0.3839,0.2278,0.0581,58.9,-0.0210970464135021,0.0500894454382826,0.3452380952380943,0.8452380952380963,1.4140203698178393,1054719.7155140098,2.0,0.007751937984496,0.0423375074537865,1.0,0.2683363148479427,0.0125223613595707,0.9317829457364342,0.132113683926281,0.238918439716312,0.080290654229689,1,0.0,0.004505,0.0909090909090909,11.0,30.0,NEUTRAL,101.4,1,0,unknown,unknown,0.0,0.0,0.0,0,0,0,none,0.0,0.5,0,0.0,0.0,0.0,0.0,0,34.54,0,1,0,0.002982,0.064997,0,0,1,0.002982,-1.0
ARX,2026-06-08 14:00:00-04:00,2026-06-08,15,0,14.44,14.63,14.42,14.505,False,True,8.95,-48.58586704487954,-45.3424940160658,-0.7507258517977013,yellow,0.4483,0.0527,0.0948,48.5,-0.0006662225183211,0.0144777662874871,0.3095238095238143,0.4047619047619071,0.4003771335806806,665755.1899391101,6.0,0.0341261633919337,0.0120648052395726,2.0,0.1502930024129611,0.2306101344364012,1.1496035849706996,-0.0561863552070794,0.0186381639933705,-0.0068197691138407,1,0.0,0.0,0.0,0.0,30.0,NEUTRAL,99.7,1,0,unknown,unknown,0.0,0.0,0.0,0,0,0,none,0.0,0.5,0,0.0,0.0,0.0,0.0,0,38.32,0,0,0,0.000345,0.013444,0,0,0,0.000345,0.0068999999999999
ARX,2026-06-09 09:00:00-04:00,2026-06-09,10,0,14.32,14.68,14.11,14.68,False,True,16.74,-49.877601545465225,-49.85765226842128,0.1757223721377031,green,0.4483,0.0041,0.0829,43.6,0.0,0.0388283378746594,0.6315789473684197,1.0,0.4814089531990639,872192.50522392,1.0,0.0,0.0388283378746594,1.0,0.1604223433242507,0.2159400544959129,1.1239782016348774,-0.0482673668514376,0.0293519570308663,0.0105877655546529,1,0.0,0.000345,0.0,1.0,30.0,NEUTRAL,86.3,1,0,unknown,unknown,0.0,0.0,0.0,0,0,0,none,0.0,0.5,0,0.0,0.0,0.0,0.0,0,31.87,0,1,0,0.0,0.04564,0,0,0,0.0,0.0
ARX,2026-08-20 09:00:00-04:00,2026-08-20,10,0,19.55,19.5816,19.55,19.575,True,False,46.09,16.20297027510984,15.32252042523992,0.2518656400318327,green,0.8263,0.4255,0.1093,88.4,-0.0005112474437626,0.0016143039591315,0.79113924050626,0.79113924050626,0.1614865873171327,2497735.8539768253,1.0,0.0003371647509579,0.0012771392081736,2.0,0.4500638569604086,0.0043422733077905,0.5568326947637294,0.3503725165562915,0.4273526709541934,0.431041352160452,1,0.0,0.0001725,0.0,2.0,41.2,NEUTRAL,136.4,1,0,unknown,unknown,0.0,0.0,0.0,0,0,0,none,0.0,0.5,0,0.0,0.0,0.0,0.0,0,13.17,0,1,0,0.001533,0.001788,0,0,0,0.001533,0.03066
ARX,2026-08-20 12:00:00-04:00,2026-08-20,13,1,19.545,19.605,19.54,19.59,True,False,63.65,18.995648218658623,16.175919464794443,0.4811195423186591,green,0.8263,0.4255,0.1093,88.4,-0.0005112474437626,0.0033180193976519,0.6923076923076502,0.769230769230765,1.313143023226499,21410077.629601497,4.0,0.0007656967840735,0.0025523226135783,1.0,0.4504849412965798,0.0035732516590097,0.5556406329760083,0.351407284768212,0.4284464277901736,0.4321379355720692,1,0.0,0.000345,0.0,3.0,25.0,NEUTRAL,99.2,1,0,unknown,unknown,0.0,0.0,0.0,0,0,0,none,0.0,0.5,0,0.0,0.0,0.0,0.0,0,13.83,0,0,0,0.0,0.001531,0,0,0,0.0,0.0
ARX,2026-08-21 11:00:00-04:00,2026-08-21,12,1,19.565,19.615,19.565,19.6,True,False,59.96,29.73738594840208,24.407609634684636,0.5801398012764758,green,0.8263,0.4156,0.1334,88.4,0.0,0.0025510204081631,0.7000000000000426,0.7000000000000426,0.311831996166547,4479513.7601536,3.0,0.0007653061224488,0.003061224489796,2.0,0.4507653061224489,0.0030612244897958,0.5548469387755102,0.3255782496956583,0.4177420288177769,0.4287172160424532,1,0.0,0.0001725,0.0,4.0,25.0,NEUTRAL,117.4,1,0,unknown,unknown,0.0,0.0,0.0,0,0,0,none,0.0,0.5,0,0.0,0.0,0.0,0.0,0,0.97,0,0,0,0.001531,0.002041,0,0,0,0.001531,0.0306199999999999
ARX,2026-08-26 11:00:00-04:00,2026-08-26,12,1,19.675,19.71,19.67,19.705,True,False,44.01,52.779343594683525,50.87692381648842,0.8981931709592358,green,0.8291,0.3854,0.1997,88.6,0.0,0.0020299416391778,0.7499999999999556,0.8749999999999334,0.6307734454154638,3977955.66772569,3.0,0.0002537427048973,0.0027911697538695,2.0,0.4536919563562547,-0.0007612281146915,0.536158335447856,0.2668766876687666,0.3878910817168857,0.4243428542515243,1,0.0,0.000345,0.0,5.0,37.5,NEUTRAL,133.3,1,0,unknown,unknown,0.0,0.0,0.0,0,0,0,none,0.0,0.5,0,0.0,0.0,0.0,0.0,0,53.32,1,1,0,0.000254,0.001776,0,0,0,0.000254,0.0050799999999999
ARX,2026-08-27 09:00:00-04:00,2026-08-27,10,0,19.67,19.72,19.66,19.695,False,True,42.76,47.527884047930456,49.8773196872621,0.5681763281201293,yellow,0.8309,0.3725,0.2234,88.7,0.0,0.0030464584920029,0.4166666666666518,0.5833333333333481,0.9638222698081254,5318664.595192456,1.0,0.0012693577050011,0.0017771007870017,1.0,0.4534145722264533,0.0007616146230007,0.5232292460015232,0.2373174179362336,0.3742743105950654,0.4197101470169507,1,0.0,0.0002994999999999,0.0,6.0,35.6,NEUTRAL,138.7,1,0,unknown,unknown,0.0,0.0,0.0,0,0,0,none,0.0,0.5,0,0.0,0.0,0.0,0.0,0,36.72,0,1,0,0.000762,0.000762,0,0,0,0.000762,0.0152399999999999
ARX,2026-08-27 15:00:00-04:00,2026-08-27,16,0,19.685,19.7,19.68,19.69,False,True,46.97,37.18596986033383,39.06278256847979,0.2710432148602689,yellow,0.8309,0.3725,0.2234,88.7,0.0,0.0010157440325037,0.2500000000001332,0.5000000000000888,2.610383987719358,15149253.20747311,7.0,0.0015236160487555,0.0015236160487557,1.0,0.4532757745048248,0.0010157440325037,0.5236160487557134,0.2370032982566358,0.3739254214580776,0.4193497230141539,1,0.0,0.000345,0.0,7.0,36.2,NEUTRAL,138.5,1,0,unknown,unknown,0.0,0.0,0.0,0,0,0,none,0.0,0.5,0,0.0,0.0,0.0,0.0,0,36.02,0,0,0,0.0,0.0,0,0,0,0.0,0.0
ARX,2026-08-28 09:00:00-04:00,2026-08-28,10,0,19.68,19.71,19.68,19.69,True,False,30.44,40.71925918846438,38.16280077404837,0.2374155558070564,yellow,0.8319,0.3619,0.2298,88.8,-0.0005078720162519,0.0015236160487557,0.3333333333333728,0.3333333333333728,0.7635081132501051,4125707.8614678304,1.0,0.0010157440325037,0.0005078720162519,2.0,0.4532757745048248,0.0015236160487555,0.5129507364144235,0.2048708848366172,0.361875778115922,0.4157523116524541,1,0.0,0.0002994999999999,0.0,8.0,48.6,NEUTRAL,154.3,1,0,unknown,unknown,0.0,0.0,0.0,0,0,0,none,0.0,0.5,0,0.0,0.0,0.0,0.0,0,39.17,0,1,0,0.003301,0.000508,0,0,0,0.003301,0.06602
ARX,2026-08-31 15:00:00-04:00,2026-08-31,16,0,19.705,19.74,19.7,19.74,False,True,44.64,51.20398141044873,56.90976656364204,0.3410058986073704,green,0.672,0.3523,0.2312,78.1,-0.0020263424518743,0.0020263424518743,0.8750000000000222,1.0,2.05828847592271,9963988.84879692,7.0,0.0020263424518745,0.0025329280648428,2.0,0.4014690982776089,0.0007598784194529,0.4387031408308004,0.1795990319400038,0.3529629477320393,0.4155611330225886,1,0.0,0.000345,0.0,9.0,30.9,NEUTRAL,116.1,1,0,unknown,unknown,0.0,0.0,0.0,0,0,0,none,0.0,0.5,0,0.0,0.0,0.0,0.0,0,32.27,0,0,0,0.0,0.0,0,0,0,0.0,0.0
ARX,2026-09-01 09:00:00-04:00,2026-09-01,10,0,19.73,19.76,19.73,19.74,True,False,26.95,56.35704998727456,53.94888112681845,0.2897644665492019,yellow,0.6706,0.3399,0.2326,78.0,-0.0005065856129684,0.0015197568389058,0.3333333333332544,0.3333333333332544,0.288822702504963,1370168.7462707998,1.0,0.0010131712259373,0.0005065856129684,3.0,0.4002026342451873,0.0020263424518745,0.0982776089159068,0.1530373831775697,0.3405772495755517,0.4119212213762299,1,0.0,0.0002994999999999,0.0,10.0,39.9,NEUTRAL,135.5,1,0,unknown,unknown,0.0,0.0,0.0,0,0,0,none,0.0,0.5,0,0.0,0.0,0.0,0.0,0,26.44,0,1,0,0.002026,0.001773,0,0,0,0.002026,0.04052
ARX,2026-09-01 13:00:00-04:00,2026-09-01,14,0,19.72,19.74,19.72,19.74,False,True,43.53,47.35202609324393,47.94782899153639,0.5214191159883822,green,0.6706,0.3399,0.2326,78.0,-0.0005065856129684,0.0010131712259371,1.0,1.0,0.3158843452382958,1216723.26471738,5.0,0.0010131712259373,0.00177304964539,1.0,0.4002026342451873,0.0020263424518745,0.0982776089159068,0.1530373831775697,0.3405772495755517,0.4119212213762299,1,0.0,0.000345,0.0,11.0,33.7,NEUTRAL,119.0,1,0,unknown,unknown,0.0,0.0,0.0,0,0,0,none,0.0,0.5,0,0.0,0.0,0.0,0.0,0,18.08,0,1,0,0.002026,0.00152,0,0,0,0.002026,0.04052
ARX,2026-09-01 14:00:00-04:00,2026-09-01,15,0,19.735,19.75,19.71,19.745,True,False,58.73,49.46975752834384,47.1889356457914,0.5572746129828503,yellow,0.6706,0.3399,0.2326,78.0,-0.0005065856129684,0.0020258293238794,0.2500000000000444,0.8750000000000222,1.8732803242790517,6393241.733907601,6.0,0.0007596859964548,0.0020258293238795,2.0,0.4003545201316789,0.0017726006583945,0.0979994935426689,0.1533294392523362,0.3409168081494059,0.4122788508649271,1,0.0,0.0005535,0.0,12.0,25.0,NEUTRAL,114.3,1,0,unknown,unknown,0.0,0.0,0.0,0,0,0,none,0.0,0.5,0,0.0,0.0,0.0,0.0,0,-2.54,0,0,0,0.001773,0.00076,0,0,0,0.001773,0.03546
ARX,2026-09-04 09:00:00-04:00,2026-09-04,10,0,19.7,19.8,19.7,19.76,False,True,60.36,10.39203580716982,20.675155336221,0.5454470365516748,green,0.6661,0.3028,0.2338,77.7,0.0,0.0050607287449393,0.6000000000000142,0.6000000000000142,0.532651040092267,1696187.0879928002,1.0,0.0020242914979756,0.0030364372469636,1.0,0.3982793522267207,0.0025303643724694,0.0532692307692306,0.0831551828098448,0.3068091635363209,0.4036832477934257,1,0.0,0.000762,0.0,13.0,20.0,NEUTRAL,101.6,1,0,unknown,unknown,0.0,0.0,0.0,0,0,0,none,0.0,0.5,0,0.0,0.0,0.0,0.0,0,-15.91,0,0,0,0.007085,0.000506,0,0,0,0.007085,0.1417
ARX,2026-09-04 11:00:00-04:00,2026-09-04,12,1,19.77,19.78,19.76,19.78,True,False,67.31,22.93482615145959,14.681490064512856,0.90495610587191,green,0.6661,0.3028,0.2338,77.7,0.0,0.0010111223458038,0.5000000000000888,1.0,0.3399301839861618,1053005.4730355602,3.0,0.0010111223458038,0.0040444893832154,3.0,0.3988877654196158,0.0015166835187056,0.0522042467138523,0.0842514937236199,0.3081318448759325,0.4051039798256053,1,0.0,0.0011465,0.0,14.0,5.0,EXTENSION,85.2,1,0,unknown,unknown,0.0,0.0,0.0,0,0,0,none,0.0,0.5,0,0.0,0.0,0.0,0.0,0,-3.82,0,0,0,0.006067,0.000506,0,0,0,0.006067,0.12134
JANX,2026-07-08 13:00:00-04:00,2026-07-08,14,0,16.02,16.07,15.95,16.07,False,True,20.46,43.04647474981144,46.04328349284757,0.0774252037279686,yellow,0.2511,0.1237,0.0355,39.5,-0.0148698884758364,0.0074673304293715,0.4166666666666691,1.0,0.4790976099096892,797157.262599,5.0,0.0080896079651523,0.0230242688238955,3.0,0.1919726197884257,0.0108898568761668,1.1991288114499068,0.1114761468365813,0.1181775167691837,-0.0848167569083664,1,0.0,0.0,0.0,0.0,36.2,NEUTRAL,94.6,1,0,unknown,unknown,0.0,0.0,0.0,0,0,0,none,0.0,0.5,0,0.0,0.0,0.0,0.0,0,21.78,0,1,0,0.037959,0.0,1,0,0,0.037959,0.75918
JANX,2026-07-08 14:00:00-04:00,2026-07-08,15,0,16.08,16.23,16.075,16.17,True,False,44.52,46.66828693751301,44.31868500443567,0.4902783137334918,green,0.2511,0.1237,0.0355,39.5,-0.0148698884758364,0.0095856524427953,0.5806451612903403,0.6129032258064627,0.8376616842641449,1250594.49250428,6.0,0.0037105751391464,0.0290661719233149,4.0,0.1969696969696971,0.0046382189239331,1.1855287569573283,0.1183926132139093,0.1251356842661918,-0.0791217771753754,1,0.0,0.037959,0.0,1.0,36.2,NEUTRAL,82.8,1,0,unknown,unknown,0.0,0.0,0.0,0,0,0,none,0.0,0.5,0,0.0,0.0,0.0,0.0,0,38.87,0,0,0,0.03154,0.003401,1,0,0,0.03154,0.6307999999999999
JANX,2026-07-09 15:00:00-04:00,2026-07-09,16,0,16.57,16.77,16.56,16.755,False,True,56.67,59.87125257242778,61.27111570809212,0.6643855231449537,green,0.2846,0.1566,0.0454,47.0,-0.0024024024024023,0.0125335720680394,0.8809523809523713,0.9285714285714262,1.6270080838843424,3522350.60698749,7.0,0.0089525514771711,0.0128319904506117,2.0,0.2250074604595643,-0.0044762757385854,1.1092211280214863,0.1463660776901629,0.1631700984407757,-0.0436984981985517,1,0.0,0.0347495,0.0,2.0,20.0,NEUTRAL,71.7,1,0,unknown,unknown,0.0,0.0,0.0,0,0,0,none,0.0,0.5,0,0.0,0.0,0.0,0.0,0,-4.92,0,0,0,0.0,0.0,0,0,0,0.0,0.0
JANX,2026-07-10 15:00:00-04:00,2026-07-10,16,0,16.35,16.47,16.31,16.405,False,True,45.41,18.327179672856644,18.87513609418652,-0.0973569688113071,yellow,0.3019,0.1604,0.0557,49.5,0.0002984183825725,0.0097531240475464,0.3437499999999979,0.5937500000000145,1.953930473977744,3293627.0003374955,8.0,0.0259067357512951,0.026516306004267,1.0,0.2084730265163061,0.0304785126485827,1.1542212740018287,0.1105281862952493,0.1364738482854174,-0.0618812411988821,1,0.0,0.03154,0.0,3.0,36.2,NEUTRAL,99.6,1,0,unknown,unknown,0.0,0.0,0.0,0,0,0,none,0.0,0.5,0,0.0,0.0,0.0,0.0,0,45.75,0,0,0,0.0,0.0,0,0,0,0.0,0.0
JANX,2026-08-26 12:00:00-04:00,2026-08-26,13,1,18.64,18.81,18.64,18.805,False,True,26.84,31.772802073814287,34.09592445165632,0.0805139451311834,green,0.311,0.1816,0.0437,51.0,-0.0058823529411764,0.0090401488965699,0.9705882352941232,0.9705882352941232,0.426994980057444,929857.99346174,4.0,0.000265886732252,0.0252592395639458,1.0,0.223610741823983,0.0178144110608881,0.8792874235575647,0.1419462577804768,0.1895499256728975,0.1791724473079845,1,0.0,0.01577,0.0,4.0,34.6,NEUTRAL,81.8,1,0,unknown,unknown,0.0,0.0,0.0,0,0,0,none,0.0,0.5,0,0.0,0.0,0.0,0.0,0,49.79,1,1,0,0.007711,0.003191,0,0,0,0.007711,0.15422
JANX,2026-08-26 13:00:00-04:00,2026-08-26,14,0,18.81,18.925,18.79,18.9,True,False,49.79,36.04784198323686,33.266567414769526,0.4655706998489611,green,0.311,0.1816,0.0437,51.0,-0.0058823529411764,0.0071428571428572,0.6666666666666579,0.8148148148148011,0.3410127835407731,702704.4388937999,5.0,0.0013227513227514,0.0301587301587301,2.0,0.2275132275132274,0.0126984126984128,0.8698412698412702,0.1477151965993624,0.1955593509820666,0.1851294471747358,1,0.0,0.007711,0.0,5.0,41.2,NEUTRAL,98.2,1,0,unknown,unknown,0.0,0.0,0.0,0,0,0,none,0.0,0.5,0,0.0,0.0,0.0,0.0,0,17.3,0,1,0,0.002646,0.008201,0,0,0,0.002646,0.0529199999999999
JANX,2026-08-31 11:00:00-04:00,2026-08-31,12,1,18.0,18.15,17.95,18.085,False,True,13.34,-44.91022645125947,-43.978160026855306,-0.5161109395062916,yellow,0.288,0.1205,0.0731,44.6,-0.0066629650194337,0.0110588885816975,0.4250000000000057,0.6750000000000103,0.2905376124293329,319674.484871005,3.0,0.0035941387890515,0.0235001382361073,4.0,0.1783245783798729,0.0583356372684545,0.9541056123859551,0.0658926150763245,0.1239411585574277,0.1437172232683373,1,0.0,0.0051785,0.0,6.0,30.0,NEUTRAL,94.9,1,0,unknown,unknown,0.0,0.0,0.0,0,0,0,none,0.0,0.5,0,0.0,0.0,0.0,0.0,0,51.66,1,1,0,0.016865,0.001935,0,0,0,0.016865,0.3373
JANX,2026-08-31 12:00:00-04:00,2026-08-31,13,1,18.085,18.135,18.07,18.09,True,False,13.08,-43.03862392233787,-44.668303231802895,-0.4282904773164556,orange,0.288,0.1205,0.0731,44.6,-0.0066629650194337,0.0035931453841902,0.0769230769230601,0.307692307692295,0.3536808958178566,384157.114425,4.0,0.0033167495854062,0.0237700386954118,5.0,0.1785516860143726,0.0580431177446103,0.953565505804312,0.066187304768079,0.1242518970585494,0.1440334293018645,1,0.0,0.007711,0.0,7.0,35.0,NEUTRAL,74.8,1,0,unknown,unknown,0.0,0.0,0.0,0,0,0,none,0.0,0.5,0,0.0,0.0,0.0,0.0,0,41.87,1,1,0,0.016584,0.002211,0,0,0,0.016584,0.33168
JANX,2026-09-03 11:00:00-04:00,2026-09-03,12,1,19.85,20.0,19.79,19.9,False,True,62.91,53.670581809830736,53.69086968690753,0.8212885862190944,orange,0.2699,0.2043,0.0936,51.3,0.0025406504065041,0.0105527638190955,0.2380952380952236,0.523809523809519,2.189074257828945,6199544.6208828,3.0,0.0050251256281407,0.0150753768844219,2.0,0.2105527638190953,0.0025125628140703,0.7758793969849249,0.1408260956803395,0.2165673238575574,0.269758219530987,1,0.0,0.0121475,0.0,8.0,20.0,NEUTRAL,69.7,1,0,unknown,unknown,0.0,0.0,0.0,0,0,0,none,0.0,0.5,0,0.0,0.0,0.0,0.0,0,12.96,0,0,0,0.003518,0.019095,0,0,0,0.003518,0.0703599999999999
JANX,2026-09-04 10:00:00-04:00,2026-09-04,11,1,19.72,19.96,19.72,19.885,False,True,38.73,42.56264099537655,43.46278713963037,0.3502087899120242,green,0.2731,0.2029,0.0998,51.5,-0.0118597022457735,0.012069399044506,0.6875000000000056,0.6875000000000056,0.3222883972150485,1017237.372254155,2.0,0.003771687201408,0.015841086245914,3.0,0.2099572542117174,0.0057832537088256,0.7772190093034951,0.1280029497688401,0.2080288201595314,0.2726501812014497,1,0.0,0.007711,0.0,9.0,45.7,NEUTRAL,105.5,1,0,unknown,unknown,0.0,0.0,0.0,0,0,0,none,0.0,0.5,0,0.0,0.0,0.0,0.0,0,48.39,1,1,0,0.021373,0.002263,0,0,0,0.021373,0.4274599999999999
JANX,2026-09-04 11:00:00-04:00,2026-09-04,12,1,19.9,20.098,19.84,19.99,True,False,53.33,45.56534049991333,43.42482863264363,0.6162115508084877,yellow,0.2731,0.2029,0.0998,51.5,-0.0118597022457735,0.0129064532266132,0.3488372093023262,0.5813953488372058,0.4096926412798742,1293900.1013125,3.0,0.0054027013506753,0.0210105052526262,4.0,0.2141070535267633,0.0005002501250626,0.7678839419709858,0.1339592137731511,0.2144076497354301,0.2793702349618796,1,0.0,0.0121475,0.0,10.0,35.0,NEUTRAL,98.8,1,0,unknown,unknown,0.0,0.0,0.0,0,0,0,none,0.0,0.5,0,0.0,0.0,0.0,0.0,0,47.61,1,1,0,0.016008,0.002751,0,0,0,0.016008,0.32016
MRVI,2026-06-08 06:00:00-04:00,2026-06-08,7,1,4.98,5.21,4.98,5.21,True,False,58.09,42.294384204651,30.939827590349825,2.0,green,0.3025,0.3061,0.1205,53.5,-0.0079681274900396,0.0441458733205373,1.0,1.0,0.0082377332647994,19553.13,1.0,0.0,0.0441458733205373,2.0,0.2322456813819577,0.0,0.0,0.1414174608390843,0.3555705885413955,0.536397281078132,1,0.0,0.0,0.0,0.0,25.0,NEUTRAL,74.6,1,0,unknown,unknown,0.0,0.0,0.0,0,0,0,none,0.0,0.5,0,0.0,0.0,0.0,0.0,0,-1.68,0,0,0,0.0,0.042226,0,0,0,0.0,0.0
MRVI,2026-06-09 09:00:00-04:00,2026-06-09,10,0,4.96,5.17,4.95,5.15,False,True,48.34,46.02456558784603,48.33315410955169,0.9495646232073438,green,0.3025,0.2982,0.1113,53.5,-0.0139165009940358,0.0427184466019417,0.8636363636363664,0.909090909090911,0.706735631962074,1087336.06469175,1.0,0.0038834951456309,0.0388349514563107,1.0,0.2233009708737864,0.0116504854368931,0.0116504854368931,0.1259291648447749,0.3264990727385123,0.5129481925410186,1,0.0,0.0,0.0,1.0,36.2,NEUTRAL,96.0,1,0,unknown,unknown,0.0,0.0,0.0,0,0,0,none,0.0,0.5,0,0.0,0.0,0.0,0.0,0,24.08,0,1,0,0.0,0.050194,0,0,1,0.001107,-1.0
MRVI,2026-06-09 14:00:00-04:00,2026-06-09,15,0,5.025,5.115,5.025,5.1,True,False,72.52,12.287948560917542,12.16315289769376,0.5477752042695525,green,0.3025,0.2982,0.1113,53.5,-0.0139165009940358,0.0176470588235293,0.8333333333333267,0.8333333333333267,1.4799950040276606,2093483.89533,6.0,0.0137254901960784,0.042156862745098,2.0,0.2156862745098038,0.0215686274509804,0.0215686274509804,0.1149978137297769,0.3136204409643518,0.4982593751377075,1,0.0,0.0,0.0,2.0,5.0,NEUTRAL,60.0,1,0,unknown,unknown,0.0,0.0,0.0,0,0,0,none,0.0,0.5,0,0.0,0.0,0.0,0.0,0,-13.27,0,0,0,0.010922,0.012745,0,0,0,0.010922,0.2184399999999999
MRVI,2026-06-11 12:00:00-04:00,2026-06-11,13,1,5.105,5.13,5.085,5.09,False,True,33.37,11.094280935355496,12.001464559602718,-0.2009327508073377,red,0.325,0.2792,0.1006,55.0,0.0059171597633134,0.0088408644400785,0.3333333333333464,0.1111111111111089,0.489272219659273,863013.2915410001,5.0,0.0108055009823182,0.0216110019646364,0.0,0.2141453831041257,0.0412573673870333,0.0412573673870333,0.1034034251029699,0.2817284448025785,0.483683849999271,1,0.0,0.0,0.0,3.0,50.9,LAUNCH,100.5,1,0,unknown,unknown,0.0,0.0,0.0,0,0,0,none,0.0,0.5,0,0.0,0.0,0.0,0.0,0,56.56,1,1,0,0.03831,0.004912,1,0,0,0.03831,0.7661999999999999
MRVI,2026-06-11 13:00:00-04:00,2026-06-11,14,0,5.085,5.185,5.065,5.175,True,False,67.88,18.31487254045701,13.026025632455818,0.6676048702666557,green,0.325,0.2792,0.1006,55.0,0.0059171597633134,0.0231884057971013,0.7500000000000037,0.916666666666668,0.9416630750646806,1588480.1270833495,6.0,0.0019323671497584,0.0376811594202897,1.0,0.2270531400966183,0.0241545893719806,0.0241545893719806,0.1218296119661826,0.3031325543916195,0.5084604958244062,1,0.0,0.005461,0.0,4.0,5.0,NEUTRAL,62.4,1,0,unknown,unknown,0.0,0.0,0.0,0,0,0,none,0.0,0.5,0,0.0,0.0,0.0,0.0,0,-13.66,0,0,0,0.021256,0.004831,0,0,0,0.021256,0.42512
MRVI,2026-06-17 09:00:00-04:00,2026-06-17,10,0,5.04,5.16,5.03,5.151,True,False,69.73,15.484642739667397,11.714905569511057,1.6943682663947246,green,0.325,0.2094,0.0835,55.0,0.0059880239520958,0.0252378178994369,0.8538461538461527,0.930769230769228,0.5417609496674594,705018.511394637,1.0,0.0017472335468841,0.0234905843525528,1.0,0.2234517569403999,0.0289264220539701,0.0289264220539701,0.0784046896262954,0.2434820393974506,0.4785578965497444,1,0.0,0.010922,0.0,5.0,5.0,EXTENSION,62.1,1,0,unknown,unknown,0.0,0.0,0.0,0,0,0,none,0.0,0.5,0,0.0,0.0,0.0,0.0,0,-13.65,0,0,0,0.031838,0.010872,1,0,0,0.031838,0.6367599999999999
MRVI,2026-06-18 13:00:00-04:00,2026-06-18,14,0,5.155,5.19,5.15,5.185,False,True,32.93,17.613238484469743,20.76915138394366,0.0474467398880802,green,0.3059,0.2461,0.0827,53.7,0.0172413793103448,0.0077145612343298,0.7499999999999833,0.8749999999999806,0.6039293950202693,710948.56012203,5.0,0.0241080038572806,0.0337512054001928,2.0,0.2150433944069429,0.0250723240115719,0.0250723240115719,0.0742774267067233,0.2377655765099068,0.4823603407856366,1,0.0,0.016089,0.0,6.0,49.8,NEUTRAL,112.9,1,0,unknown,unknown,0.0,0.0,0.0,0,0,0,none,0.0,0.5,0,0.0,0.0,0.0,0.0,0,38.61,0,1,0,0.016393,0.008679,0,0,0,0.016393,0.32786
MRVI,2026-06-18 14:00:00-04:00,2026-06-18,15,0,5.185,5.2,5.14,5.185,True,False,36.63,19.71118578696808,17.947030076079265,0.0848149861277026,orange,0.3059,0.2461,0.0827,53.7,0.0172413793103448,0.0115718418514947,0.0,0.7499999999999926,0.9101798308157316,901279.21160043,6.0,0.0241080038572806,0.0337512054001928,0.0,0.2150433944069429,0.0250723240115719,0.0250723240115719,0.0742774267067233,0.2377655765099068,0.4823603407856366,1,0.0,0.016393,0.0,7.0,55.9,LAUNCH,113.3,1,0,unknown,unknown,0.0,0.0,0.0,0,0,0,none,0.0,0.5,0,0.0,0.0,0.0,0.0,0,36.67,0,0,0,0.016393,0.004822,0,0,0,0.016393,0.32786
MRVI,2026-06-26 15:00:00-04:00,2026-06-26,16,0,5.89,6.29,5.89,6.21,False,True,72.82,38.121920246946864,40.91029745270732,0.7274309628403992,green,0.4201,0.3814,0.1074,61.3,-0.011437908496732,0.0644122383252818,0.8,0.8,4.3093743615271,14797130.14997496,7.0,0.0128824476650563,0.0611916264090176,2.0,0.2946859903381643,0.001610305958132,0.001610305958132,0.2156210237838893,0.4016793066088842,0.7365286205643018,1,0.0,0.016393,0.0,8.0,0.0,EXTENSION,62.7,1,0,unknown,unknown,0.0,0.0,0.0,0,0,0,none,0.0,0.5,0,0.0,0.0,0.0,0.0,0,-6.87,0,0,0,0.0,0.0,0,0,0,0.0,0.0
MRVI,2026-06-29 09:00:00-04:00,2026-06-29,10,0,6.2132,6.27,6.1,6.24,True,False,58.96,42.913797586796576,38.93229189796087,0.876086165270139,orange,0.3469,0.3869,0.1144,56.5,0.0005152979066021,0.0272435897435897,0.157647058823533,0.8235294117647096,0.2546408034865178,868170.24597888,1.0,0.0048076923076922,0.0224358974358975,3.0,0.2516025641025641,0.0080128205128204,0.0080128205128204,0.20289156626506,0.3913663931501963,0.7362753554634244,1,0.0,0.016393,0.0,9.0,25.0,NEUTRAL,80.7,1,0,unknown,unknown,0.0,0.0,0.0,0,0,0,none,0.0,0.5,0,0.0,0.0,0.0,0.0,0,-24.85,0,0,0,0.049679,0.009615,1,0,0,0.049679,0.99358
MRVI,2026-06-30 15:00:00-04:00,2026-06-30,16,0,6.165,6.26,6.14,6.235,False,True,56.77,12.842214010637347,15.721671548233427,0.0929030460955307,green,0.3951,0.4061,0.1231,59.7,0.004698512137823,0.0192461908580593,0.5833333333333351,0.7916666666666713,1.9628926080749016,5957441.766940961,7.0,0.0288692862870889,0.0296712109061749,3.0,0.2469927826784282,0.0505212510024056,0.0505212510024056,0.1837858363394721,0.3720183082475136,0.7257843530730586,1,0.0,0.016393,0.0,10.0,20.0,NEUTRAL,84.3,1,0,unknown,unknown,0.0,0.0,0.0,0,0,0,none,0.0,0.5,0,0.0,0.0,0.0,0.0,0,-0.24,0,0,0,0.0,0.0,0,0,0,0.0,0.0
MRVI,2026-07-01 09:00:00-04:00,2026-07-01,10,0,6.25,6.31,6.18,6.275,True,False,62.62,16.166517449987737,14.347422658456464,0.4269879691647415,orange,0.3951,0.3561,0.1293,59.7,0.0024057738572573,0.0207171314741035,0.1923076923076952,0.7307692307692363,0.2671880916524883,802523.4283203002,1.0,0.0055776892430277,0.0151394422310757,4.0,0.251792828685259,0.043824701195219,0.043824701195219,0.1747636431713941,0.3637153909679663,0.7286025178369743,1,0.0,0.016393,0.0,11.0,25.0,NEUTRAL,83.2,1,0,unknown,unknown,0.0,0.0,0.0,0,0,0,none,0.0,0.5,0,0.0,0.0,0.0,0.0,0,-19.99,0,0,0,0.023108,0.025498,0,0,0,0.023108,0.4621599999999999
MRVI,2026-07-02 09:00:00-04:00,2026-07-02,10,0,6.16,6.27,6.14,6.27,False,True,72.53,6.479121155102904,7.636484217502833,0.5376409512905838,green,0.3833,0.322,0.1321,58.9,0.0,0.0207336523125996,0.8461538461538425,1.0,0.1732229931933546,391053.99321483,1.0,0.0,0.0207336523125996,1.0,0.24481658692185,0.0446570972886762,0.0446570972886762,0.1595006934812758,0.3477494518722322,0.7189856065798491,1,0.0,0.016393,0.0,12.0,0.0,NEUTRAL,60.4,1,0,unknown,unknown,0.0,0.0,0.0,0,0,0,none,0.0,0.5,0,0.0,0.0,0.0,0.0,0,-21.77,0,0,0,0.0,0.048644,0,0,0,0.0,0.0
MRVI,2026-07-06 06:00:00-04:00,2026-07-06,7,1,6.04,6.18,6.04,6.04,False,True,28.21,-31.475157582843668,-29.49154679767891,-0.6175059347167549,orange,0.3501,0.2853,0.1328,56.7,-0.0016528925619834,0.0231788079470198,0.0,0.0,0.0077560525933881,13946.36,1.0,0.0231788079470198,0.0,0.0,0.1967880794701987,0.0844370860927151,0.0844370860927151,0.1047096479195244,0.2852704600587307,0.6484266259108651,1,0.0,0.016393,0.0,13.0,38.0,NEUTRAL,90.1,1,0,unknown,unknown,0.0,0.0,0.0,0,0,0,none,0.0,0.5,0,0.0,0.0,0.0,0.0,0,51.76,1,1,0,0.0,0.037252,0,0,0,0.0,0.0
MRVI,2026-07-06 11:00:00-04:00,2026-07-06,12,1,5.99,6.005,5.95,5.975,False,True,21.93,-45.01423568636398,-40.60384376263239,-0.5289055608105193,red,0.3501,0.2853,0.1328,56.7,-0.0016528925619834,0.009205020920502,0.2727272727272845,0.4545454545454472,0.6594396416325241,1109557.7074460248,4.0,0.0343096234309623,0.0267782426778241,0.0,0.1880502092050208,0.0962343096234309,0.0962343096234309,0.0928212162780062,0.2714389070945224,0.6306869354002348,1,0.0,0.0136575,0.0,14.0,36.2,NEUTRAL,107.5,1,0,unknown,unknown,0.0,0.0,0.0,0,0,0,none,0.0,0.5,0,0.0,0.0,0.0,0.0,0,66.4,1,1,0,0.00251,0.020084,0,0,0,0.00251,0.0502
MRVI,2026-07-07 13:00:00-04:00,2026-07-07,14,0,5.8,5.895,5.78,5.875,True,False,16.04,-56.40506293442306,-57.64876054274309,-0.2200169094922697,green,0.3501,0.2438,0.1332,56.7,-0.0008467400508043,0.0195744680851062,0.6521739130434836,0.8260869565217418,1.182116605805016,1569497.5135577505,5.0,0.0153191489361701,0.022127659574468,2.0,0.1742297872340425,0.1148936170212765,0.1148936170212765,0.0656629784146562,0.2385108356522473,0.5968362257586673,1,0.0,0.010922,0.0,15.0,35.0,NEUTRAL,104.5,1,0,unknown,unknown,0.0,0.0,0.0,0,0,0,none,0.0,0.5,0,0.0,0.0,0.0,0.0,0,42.22,0,1,0,0.013617,0.002553,0,0,0,0.013617,0.2723399999999999
MRVI,2026-07-08 13:00:00-04:00,2026-07-08,14,0,5.725,5.75,5.7,5.735,False,True,11.75,-58.35051516621312,-56.25102484587387,-0.7958221084185584,orange,0.3501,0.2351,0.1335,56.7,-0.0126796280642434,0.0087183958151699,0.2000000000000142,0.7000000000000053,0.482034283804,625923.5282143,5.0,0.0200523103748909,0.011333914559721,2.0,0.1540714908456844,0.142109851787271,0.142109851787271,0.0318459877653829,0.1965366158981848,0.5522234552196392,1,0.0,0.0122695,0.0,16.0,30.0,NEUTRAL,95.3,1,0,unknown,unknown,0.0,0.0,0.0,0,0,0,none,0.0,0.5,0,0.0,0.0,0.0,0.0,0,28.69,0,1,0,0.010462,0.000872,0,0,0,0.010462,0.20924
MRVI,2026-07-08 14:00:00-04:00,2026-07-08,15,0,5.73,5.79,5.73,5.78,True,False,12.02,-54.9536607483157,-57.01828286019627,-0.3745801611673778,green,0.3501,0.2351,0.1335,56.7,-0.0126796280642434,0.0103806228373701,0.8333333333333358,0.8333333333333358,0.7270225232987686,986836.74,6.0,0.0121107266435985,0.0190311418685121,3.0,0.1606574394463668,0.1332179930795847,0.1332179930795847,0.0399424253328532,0.2059253077404548,0.5644030638482153,1,0.0,0.010922,0.0,17.0,35.0,NEUTRAL,105.3,1,0,unknown,unknown,0.0,0.0,0.0,0,0,0,none,0.0,0.5,0,0.0,0.0,0.0,0.0,0,42.71,0,0,0,0.002595,0.007785,0,0,0,0.002595,0.0519
MRVI,2026-07-10 11:00:00-04:00,2026-07-10,12,1,5.905,5.97,5.885,5.895,False,True,32.98,11.5184687628871,11.773853954315644,-0.4985350871503448,orange,0.3501,0.2226,0.1228,56.7,-0.0041911148365464,0.0144189991518235,0.1176470588235374,0.1176470588235269,0.5648597191590264,667969.0050395699,3.0,0.013570822731128,0.0110262934690414,0.0,0.1770313825275656,0.1111111111111111,0.1111111111111111,0.0456762749445673,0.2072496416137619,0.5823591780858689,1,0.0,0.010692,0.0,18.0,49.9,NEUTRAL,111.0,1,0,unknown,unknown,0.0,0.0,0.0,0,0,0,none,0.0,0.5,0,0.0,0.0,0.0,0.0,0,68.6,1,1,0,0.036472,0.005089,1,0,0,0.036472,0.7294399999999999
MRVI,2026-07-10 14:00:00-04:00,2026-07-10,15,0,5.865,5.93,5.865,5.925,False,True,35.36,6.401661212257812,8.134006464904095,-0.0272545822487156,green,0.3501,0.2226,0.1228,56.7,-0.0041911148365464,0.010970464135021,0.923076923076924,0.923076923076924,0.8206113158049742,885712.9076865,6.0,0.0084388185654008,0.0160337552742615,1.0,0.1811983122362869,0.1054852320675105,0.1054852320675105,0.0509977827050995,0.2133934056932213,0.5904118965494103,1,0.0,0.010922,0.0,19.0,54.1,LAUNCH,119.7,1,0,unknown,unknown,0.0,0.0,0.0,0,0,0,none,0.0,0.5,0,0.0,0.0,0.0,0.0,0,50.23,0,0,0,0.031224,0.000844,1,0,0,0.031224,0.6244799999999999
MRVI,2026-07-10 15:00:00-04:00,2026-07-10,16,0,5.92,6.11,5.92,6.09,True,False,84.21,22.51416399646485,10.882930273298532,0.9226671742965792,extended,0.3501,0.2226,0.1228,56.7,-0.0041911148365464,0.0311986863711002,0.8947368421052609,0.8947368421052609,6.29039835704609,9582604.03279305,7.0,0.0032840722495895,0.0426929392446633,2.0,0.2033825944170771,0.0755336617405582,0.0755336617405582,0.0802660753880263,0.2471841081302477,0.6347018480988875,1,0.0,0.0122695,0.0,20.0,5.0,EXTENSION,6.7,1,0,unknown,unknown,0.0,0.0,0.0,0,0,0,none,0.0,0.5,0,0.0,0.0,0.0,0.0,0,-20.73,0,0,0,0.0,0.0,0,0,0,0.0,0.0
MRVI,2026-07-14 13:00:00-04:00,2026-07-14,14,0,6.465,6.57,6.45,6.52,True,False,51.59,62.93776633915185,62.869120087427376,1.1044367134915594,yellow,0.3501,0.2742,0.1076,56.7,0.0165224232887489,0.0184049079754601,0.4583333333333305,0.5833333333333278,1.2865874266972168,3235423.74757412,5.0,0.0137883435582822,0.0291411042944784,1.0,0.2559202453987729,0.004601226993865,0.004601226993865,0.1348011487250889,0.3062990863920496,0.7339272654743701,1,0.0,0.010922,0.0,21.0,35.0,NEUTRAL,104.4,1,0,unknown,unknown,0.0,0.0,0.0,0,0,0,none,0.0,0.5,0,0.0,0.0,0.0,0.0,0,34.91,0,1,0,0.017638,0.003067,0,0,0,0.017638,0.35276
MRVI,2026-07-15 10:00:00-04:00,2026-07-15,11,1,6.57,6.6797,6.55,6.67,False,True,46.73,62.75678698127326,63.10504935010941,1.6308899009999067,green,0.3676,0.2897,0.1054,57.8,-0.0046153846153846,0.0194452773613194,0.7710100231302944,0.9252120277563576,0.7376099066913808,1984462.37642722,2.0,0.0014542728635682,0.0374812593703148,2.0,0.2726536731634183,-0.005247376311844,-0.005247376311844,0.1456544142906217,0.3213677245532705,0.7649237933954274,1,0.0,0.0122695,0.0,22.0,36.2,NEUTRAL,100.7,1,0,unknown,unknown,0.0,0.0,0.0,0,0,0,none,0.0,0.5,0,0.0,0.0,0.0,0.0,0,49.05,1,1,1,0.05997,0.005997,1,1,0,0.05997,1.0
MRVI,2026-07-15 11:00:00-04:00,2026-07-15,12,1,6.67,6.785,6.67,6.745,True,False,52.6,65.63282394662818,63.34199148889578,1.5950902512172642,green,0.3676,0.2897,0.1054,57.8,-0.0046153846153846,0.01704966641957,0.6521739130434786,0.6521739130434786,1.3491839364303688,3895998.609428811,3.0,0.005930318754633,0.0481838398813936,3.0,0.2807412898443291,-0.0163083765752409,-0.0163083765752409,0.1585365853658536,0.3362256824755338,0.7847692633361557,1,0.0,0.013617,0.0434782608695652,23.0,35.0,NEUTRAL,98.3,1,0,unknown,unknown,0.0,0.0,0.0,0,0,0,none,0.0,0.5,0,0.0,0.0,0.0,0.0,0,48.71,1,1,0,0.048184,0.01705,1,0,0,0.048184,0.96368
MRVI,2026-07-15 15:00:00-04:00,2026-07-15,16,0,6.785,7.07,6.78,7.035,True,False,63.38,69.51998652374789,66.88038258191672,1.7327711706522442,green,0.3676,0.2897,0.1054,57.8,-0.0046153846153846,0.0412224591329069,0.8620689655172413,0.8793103448275857,4.347316416309613,15168292.161166305,7.0,0.0049751243781094,0.0874200426439232,1.0,0.3103909026297086,-0.0568585643212509,-0.0568585643212509,0.2083476468567502,0.3936764531082847,0.8615050804403047,1,0.0,0.015005,0.0416666666666666,24.0,25.0,NEUTRAL,86.1,1,0,unknown,unknown,0.0,0.0,0.0,0,0,0,none,0.0,0.5,0,0.0,0.0,0.0,0.0,0,-15.7,0,0,0,0.0,0.0,0,0,0,0.0,0.0
MRVI,2026-07-16 13:00:00-04:00,2026-07-16,14,0,6.695,7.0088,6.69,6.975,False,True,56.62,55.75141836870544,58.50478038273178,0.5866668225527638,green,0.437,0.3766,0.1094,62.5,0.0035536602700781,0.045706093189964,0.8782936010037634,0.8939774153074017,1.6362128194406285,6287819.274631576,5.0,0.017921146953405,0.0451612903225805,1.0,0.2946236559139785,0.0136200716845879,0.0136200716845879,0.1770165372932837,0.3639030113414159,0.8350675489022481,1,0.0,0.013617,0.04,25.0,20.0,NEUTRAL,87.2,1,0,unknown,unknown,0.0,0.0,0.0,0,0,0,none,0.0,0.5,0,0.0,0.0,0.0,0.0,0,-6.4,0,0,0,0.020072,0.003584,0,0,0,0.020072,0.4014399999999999
MRVI,2026-07-16 14:00:00-04:00,2026-07-16,15,0,6.975,7.075,6.965,6.985,True,False,54.36,60.5271570212999,57.27042797496118,0.4979372703206864,orange,0.437,0.3766,0.1094,62.5,0.0035536602700781,0.015748031496063,0.0909090909090967,0.1818181818181855,1.7911022236823149,6674299.398586215,6.0,0.0164638511095203,0.0465282748747315,2.0,0.2956335003579098,0.0121689334287759,0.0121689334287759,0.1787040161997975,0.3658584278451313,0.8376984701193124,1,0.0,0.015005,0.0384615384615384,26.0,35.0,NEUTRAL,97.6,1,0,unknown,unknown,0.0,0.0,0.0,0,0,0,none,0.0,0.5,0,0.0,0.0,0.0,0.0,0,26.95,0,0,0,0.018611,0.005011,0,0,0,0.018611,0.3722199999999999
MRVI,2026-07-17 13:00:00-04:00,2026-07-17,14,0,7.04,7.19,7.035,7.175,False,True,49.28,62.97861284011552,63.18057634605096,1.1122512079388116,green,0.4202,0.3687,0.1151,61.3,-0.0126939351198871,0.021602787456446,0.8709677419354811,0.9032258064516094,0.5981497859029309,2424364.7023918005,5.0,0.0020905923344948,0.0508710801393728,3.0,0.3017421602787457,-0.008362369337979,-0.008362369337979,0.1898839137645105,0.3851351351351352,0.8771420349004524,1,0.0,0.016393,0.037037037037037,27.0,36.2,NEUTRAL,103.6,1,0,unknown,unknown,0.0,0.0,0.0,0,0,0,none,0.0,0.5,0,0.0,0.0,0.0,0.0,0,23.77,0,1,0,0.01115,0.012544,0,0,0,0.01115,0.223
MRVI,2026-07-17 14:00:00-04:00,2026-07-17,15,0,7.17,7.195,7.145,7.155,True,False,49.29,63.97800503480813,63.008790306856646,0.8473187895302926,red,0.4202,0.3687,0.1151,61.3,-0.0126939351198871,0.0069881201956674,0.2999999999999893,0.2000000000000106,0.431689176106086,1692333.3490002446,6.0,0.0055904961565338,0.0482180293501049,0.0,0.29979035639413,-0.0055904961565338,-0.0055904961565338,0.1865671641791043,0.3812741312741314,0.8719095832352248,1,0.0,0.015005,0.0357142857142857,28.0,41.2,NEUTRAL,111.6,1,0,unknown,unknown,0.0,0.0,0.0,0,0,0,none,0.0,0.5,0,0.0,0.0,0.0,0.0,0,19.59,0,0,0,0.013976,0.009783,0,0,0,0.013976,0.27952
MRVI,2026-07-21 14:00:00-04:00,2026-07-21,15,0,7.035,7.11,7.025,7.085,False,True,67.74,5.400862260510899,7.4401405161514464,0.3461234648791421,green,0.4352,0.3167,0.1283,62.3,-0.004297994269341,0.0119971771347918,0.5882352941176452,0.7058823529411722,1.527789154623551,3552481.5507089347,6.0,0.0077628793225123,0.0486944248412138,2.0,0.2815808045165843,0.0310515172900493,0.0310515172900493,0.1389759665621734,0.3345765521398433,0.8331414377935032,1,0.0,0.013976,0.0344827586206896,29.0,0.0,NEUTRAL,64.8,1,0,unknown,unknown,0.0,0.0,0.0,0,0,0,none,0.0,0.5,0,0.0,0.0,0.0,0.0,0,-9.4,0,0,0,0.011997,0.004234,0,0,0,0.011997,0.23994
MRVI,2026-07-21 15:00:00-04:00,2026-07-21,16,0,7.085,7.17,7.055,7.095,True,False,77.5,11.24232249287048,6.587288401252013,0.3801725036167387,extended,0.4352,0.3167,0.1283,62.3,-0.004297994269341,0.0162085976039464,0.0869565217391284,0.3478260869565214,2.1666707158257115,5486855.001345796,7.0,0.0105708245243129,0.0500352360817476,3.0,0.2825933756166314,0.0295983086680761,0.0295983086680761,0.1405835543766577,0.3364602169981917,0.8357287933867191,1,0.0,0.0137965,0.0333333333333333,30.0,5.0,EXTENSION,12.8,1,0,unknown,unknown,0.0,0.0,0.0,0,0,0,none,0.0,0.5,0,0.0,0.0,0.0,0.0,0,-31.51,0,0,0,0.0,0.0,0,0,0,0.0,0.0
MRVI,2026-07-22 11:00:00-04:00,2026-07-22,12,1,7.005,7.115,7.005,7.115,False,True,62.33,9.226121201343531,9.494488865933068,0.4092067315622727,green,0.3967,0.3217,0.1358,59.8,0.0007047216349541,0.0154602951510892,1.0,1.0,0.4033430761613679,982786.98672124,3.0,0.0091356289529163,0.0231904427266338,1.0,0.2649332396345748,0.0267041461700631,0.0267041461700631,0.1270394424204024,0.3244601638123602,0.8315206898770834,1,0.0,0.013617,0.032258064516129,31.0,20.0,NEUTRAL,83.3,1,0,unknown,unknown,0.0,0.0,0.0,0,0,0,none,0.0,0.5,0,0.0,0.0,0.0,0.0,0,6.99,0,0,0,0.006325,0.011947,0,0,0,0.006325,0.1265
MRVI,2026-07-22 12:00:00-04:00,2026-07-22,13,1,7.1187,7.15,7.05,7.065,True,False,42.31,13.009965705205442,9.936399669016808,0.0675220001144672,red,0.3967,0.3217,0.1358,59.8,0.0007047216349541,0.0141542816702053,0.536999999999989,0.1500000000000048,0.3582909251383321,839145.1177916101,4.0,0.0162774239207359,0.016277423920736,0.0,0.259731068648266,0.0339702760084924,0.0339702760084924,0.1191192776809758,0.3151526433358152,0.8186498487676169,1,0.0,0.012807,0.03125,32.0,41.7,NEUTRAL,95.2,1,0,unknown,unknown,0.0,0.0,0.0,0,0,0,none,0.0,0.5,0,0.0,0.0,0.0,0.0,0,55.9,1,1,0,0.013447,0.004954,0,0,0,0.013447,0.26894
MRVI,2026-07-27 10:00:00-04:00,2026-07-27,11,1,6.88,6.925,6.82,6.905,False,True,35.99,-40.52426474324427,-39.94196853264878,0.1713739309605766,orange,0.3122,0.2279,0.1421,54.1,0.0074074074074073,0.0152063721940622,0.2380952380952425,0.8095238095238128,1.46931784992395,2835537.641579735,2.0,0.0028964518464879,0.0282404055032585,2.0,0.1788559015206372,0.0774800868935554,0.0774800868935554,0.0629618226600986,0.2542686914190222,0.7510270325100166,1,0.0,0.013447,0.0303030303030303,33.0,52.5,LAUNCH,110.4,1,0,unknown,unknown,0.0,0.0,0.0,0,0,0,none,0.0,0.5,0,0.0,0.0,0.0,0.0,0,69.55,1,1,0,0.0,0.035482,0,0,0,0.0,0.0
MRVI,2026-07-28 09:00:00-04:00,2026-07-28,10,0,6.74,6.945,6.7364,6.84,True,False,46.78,-46.62953255290569,-51.25394552220763,0.6286087131622122,yellow,0.3122,0.2051,0.1347,54.1,0.0082273747195214,0.0304970760233918,0.4793863854266509,0.4966442953020127,0.394346130317421,696852.30101868,1.0,0.0153508771929825,0.0151461988304093,1.0,0.1710526315789473,0.0877192982456141,0.0877192982456141,0.0491602116726741,0.2320772389941639,0.7271418831906674,1,0.0,0.012722,0.0294117647058823,34.0,41.2,NEUTRAL,108.9,1,0,unknown,unknown,0.0,0.0,0.0,0,0,0,none,0.0,0.5,0,0.0,0.0,0.0,0.0,0,36.13,0,1,0,0.026316,0.013889,0,0,0,0.026316,0.5263199999999999
MRVI,2026-07-29 14:00:00-04:00,2026-07-29,15,0,6.65,6.7,6.58,6.685,False,True,14.98,-42.09116309110578,-41.594973740155645,-0.3628326711621559,yellow,0.3122,0.2243,0.1238,54.1,-0.003937582032959,0.0179506357516828,0.2916666666666602,0.8749999999999953,0.9340359874181308,1703109.82042705,6.0,0.0381451009723262,0.0351533283470455,3.0,0.1518324607329842,0.1129394166043381,0.1129394166043381,0.0217025829130366,0.1931108334820631,0.6805138325016652,1,0.0,0.013447,0.0285714285714285,35.0,30.0,NEUTRAL,104.1,1,0,unknown,unknown,0.0,0.0,0.0,0,0,0,none,0.0,0.5,0,0.0,0.0,0.0,0.0,0,47.59,0,0,0,0.005236,0.017951,0,0,0,0.005236,0.10472
MRVI,2026-07-29 15:00:00-04:00,2026-07-29,16,0,6.685,6.72,6.565,6.585,True,False,22.75,-42.140150384792605,-42.78997759470555,-0.8725988157648635,red,0.3122,0.2243,0.1238,54.1,-0.003937582032959,0.0235383447228548,0.645161290322581,0.1290322580645139,1.5923231271943232,3031970.204443875,7.0,0.0539104024297646,0.0205011389521639,0.0,0.1389521640091116,0.1298405466970388,0.1298405466970388,0.0064190738193487,0.1752632518293771,0.655375256099247,1,0.0,0.012722,0.0277777777777777,36.0,41.2,NEUTRAL,109.8,1,0,unknown,unknown,0.0,0.0,0.0,0,0,0,none,0.0,0.5,0,0.0,0.0,0.0,0.0,0,50.92,0,0,0,0.0,0.0,0,0,0,0.0,0.0
MRVI,2026-07-30 10:00:00-04:00,2026-07-30,11,1,6.59,6.665,6.555,6.61,False,True,13.07,-43.022479437379566,-42.71732868275081,-0.4080009420276049,orange,0.3122,0.166,0.1071,50.7,0.0007593014426727,0.0166414523449319,0.1818181818181855,0.500000000000004,0.585979975879595,1045716.69356069,2.0,0.0083207261724659,0.010590015128593,1.0,0.1422087745839637,0.1255673222390317,0.1255673222390317,0.0075451566191601,0.1695389079585266,0.6548167434408172,1,0.0,0.011997,0.027027027027027,37.0,30.0,NEUTRAL,89.1,1,0,unknown,unknown,0.0,0.0,0.0,0,0,0,none,0.0,0.5,0,0.0,0.0,0.0,0.0,0,60.25,1,1,0,0.023449,0.002269,0,0,0,0.023449,0.46898
MRVI,2026-07-30 11:00:00-04:00,2026-07-30,12,1,6.61,6.7388,6.595,6.72,True,False,48.82,-36.8245899601968,-41.40068540002356,0.8249150963457679,green,0.3122,0.166,0.1071,50.7,0.0007593014426727,0.0213988095238096,0.7649513212795478,0.8692628650903997,0.5224747641042471,944492.16148896,3.0,0.0027976190476191,0.0267857142857142,2.0,0.1562499999999999,0.1071428571428572,0.1071428571428572,0.0243121713284047,0.189001733960862,0.6823552974163828,1,0.0,0.012722,0.0263157894736842,38.0,41.2,NEUTRAL,98.1,1,0,unknown,unknown,0.0,0.0,0.0,0,0,0,none,0.0,0.5,0,0.0,0.0,0.0,0.0,0,65.42,1,1,0,0.006696,0.009821,0,0,0,0.006696,0.1339199999999999
MRVI,2026-07-31 13:00:00-04:00,2026-07-31,14,0,6.53,6.59,6.51,6.585,False,True,18.14,-38.62531007754279,-35.442584756368035,-0.6461333521695244,green,0.3122,0.1831,0.093,52.5,0.0014814814814814,0.0121488230827638,0.6874999999999959,0.9375000000000012,0.4402447386003178,556105.522108155,5.0,0.0280941533788913,0.0205011389521639,1.0,0.1389521640091116,0.1298405466970388,0.1298405466970388,-0.0008345345573174,0.1542101942087922,0.6412442051742187,1,0.0,0.011997,0.0256410256410256,39.0,30.0,NEUTRAL,94.9,1,0,unknown,unknown,0.0,0.0,0.0,0,0,0,none,0.0,0.5,0,0.0,0.0,0.0,0.0,0,32.0,0,1,0,0.003797,0.007593,0,0,0,0.003797,0.07594
MRVI,2026-07-31 14:00:00-04:00,2026-07-31,15,0,6.585,6.605,6.575,6.585,True,False,17.32,-35.68362508644156,-37.25011411577819,-0.5754668727641152,orange,0.3122,0.1831,0.093,52.5,0.0014814814814814,0.0045558086560364,0.0,0.3333333333333235,0.4109542400480718,458688.217125,6.0,0.0280941533788913,0.0205011389521639,0.0,0.1389521640091116,0.1298405466970388,0.1298405466970388,-0.0008345345573174,0.1542101942087922,0.6412442051742187,1,0.0,0.0115735,0.025,40.0,35.0,NEUTRAL,95.0,1,0,unknown,unknown,0.0,0.0,0.0,0,0,0,none,0.0,0.5,0,0.0,0.0,0.0,0.0,0,27.97,0,0,0,0.003797,0.007593,0,0,0,0.003797,0.07594
MRVI,2026-08-03 10:00:00-04:00,2026-08-03,11,1,6.465,6.615,6.465,6.535,False,True,24.87,-40.99816419023658,-38.38951806780347,-0.4429949887057848,yellow,0.3122,0.1422,0.0793,48.4,0.0022848438690022,0.0229533282325937,0.4666666666666674,0.4666666666666674,1.6417183767850627,1885307.5889448049,2.0,0.0175975516449885,0.0390206579954093,1.0,0.1323641928079572,0.1384850803366488,0.1384850803366488,-0.0123923228048964,0.1360870623413652,0.6221717491405097,1,0.0,0.01115,0.024390243902439,41.0,36.2,NEUTRAL,102.6,1,0,unknown,unknown,0.0,0.0,0.0,0,0,0,none,0.0,0.5,0,0.0,0.0,0.0,0.0,0,79.57,1,1,0,0.00306,0.022188,0,0,0,0.00306,0.0611999999999999
MRVI,2026-08-04 11:00:00-04:00,2026-08-04,12,1,6.39,6.43,6.38,6.43,True,False,7.12,-56.37712405986108,-57.06373756639911,-0.078730740750147,green,0.3122,0.1084,0.0679,45.0,0.0023382696804364,0.0077760497667184,0.8000000000000036,1.0,0.7262835572588846,887382.2342718799,3.0,0.0093312597200622,0.0186625194401244,2.0,0.1181959564541212,0.1570762052877139,0.1570762052877139,-0.0320638265843744,0.1101519337016576,0.5898133267400172,1,0.0,0.011036,0.0238095238095238,42.0,35.0,NEUTRAL,94.6,1,0,unknown,unknown,0.0,0.0,0.0,0,0,0,none,0.0,0.5,0,0.0,0.0,0.0,0.0,0,70.21,1,1,0,0.009331,0.006221,0,0,0,0.009331,0.18662
MRVI,2026-08-05 15:00:00-04:00,2026-08-05,16,0,6.375,6.415,6.35,6.4,False,True,25.89,-46.39032487384421,-41.79715378453332,-0.1705266920557197,yellow,0.3122,0.1027,0.0563,44.4,0.0015576323987538,0.01015625,0.3846153846153877,0.7692307692307755,1.7848566701614328,2212849.1914752,7.0,0.0187499999999998,0.0109375,2.0,0.1140625,0.1625,0.1625,-0.0402639274199594,0.0975818898988166,0.576432336568304,1,0.0,0.010922,0.0232558139534883,43.0,32.2,NEUTRAL,94.4,1,0,unknown,unknown,0.0,0.0,0.0,0,0,0,none,0.0,0.5,0,0.0,0.0,0.0,0.0,0,61.48,0,0,0,0.0,0.0,0,0,0,0.0,0.0
MRVI,2026-08-06 15:00:00-04:00,2026-08-06,16,0,6.175,6.27,6.175,6.25,True,False,23.24,-67.94789143688173,-69.83135324083993,-0.3647437088837987,green,0.2894,0.0918,0.0471,41.2,0.0,0.0151999999999999,0.7894736842105302,0.7894736842105302,2.6733348993942534,2658866.788375,7.0,0.032,0.0151999999999999,1.0,0.0768,0.1904,0.1904,-0.0673033875540962,0.0645183267475132,0.5339681916355783,1,0.0399999999999992,0.010692,0.0227272727272727,44.0,41.2,NEUTRAL,93.8,1,0,unknown,unknown,0.0,0.0,0.0,0,0,0,none,0.0,0.5,0,0.0,0.0,0.0,0.0,0,53.59,0,0,0,0.0,0.0,0,0,0,0.0,0.0
MRVI,2026-08-07 11:00:00-04:00,2026-08-07,12,1,5.845,5.9288,5.7801,5.895,False,True,21.99,-83.2532936225094,-79.41530899054426,-0.4355306918786338,yellow,0.2762,0.0578,0.0388,35.3,-0.0728,0.0252247667514842,0.3362474781439131,0.7726967047747121,1.8530941898537043,2563030.2097851294,3.0,0.0093299406276506,0.0822731128074638,2.0,0.0110262934690414,0.2620865139949111,0.2620865139949111,-0.1221146686522709,-0.0023017296821582,0.4416198965555187,1,0.8621713316369816,0.010462,0.0222222222222222,45.0,36.2,NEUTRAL,90.1,1,0,unknown,unknown,0.0,0.0,0.0,0,0,0,none,0.0,0.5,0,0.0,0.0,0.0,0.0,0,94.49,1,1,1,0.061069,0.000848,1,1,0,0.061069,1.0
MRVI,2026-08-07 12:00:00-04:00,2026-08-07,13,1,5.895,6.095,5.89,6.075,True,False,46.79,-76.89606408550232,-81.65235215269941,0.7153914542895619,green,0.2762,0.0578,0.0388,35.3,-0.0728,0.0337448559670782,0.8780487804878075,0.902439024390246,1.1302134959850685,1663821.68609835,4.0,0.0032921810699587,0.1094650205761317,3.0,0.0403292181069959,0.2246913580246914,0.2246913580246914,-0.0953090096798211,0.028162339640524,0.4856388246946187,1,0.4958847736625512,0.010692,0.0434782608695652,46.0,41.2,NEUTRAL,70.7,1,0,unknown,unknown,0.0,0.0,0.0,0,0,0,none,0.0,0.5,0,0.0,0.0,0.0,0.0,0,81.07,1,1,0,0.02963,0.006584,0,0,0,0.02963,0.5926
MRVI,2026-08-31 06:00:00-04:00,2026-08-31,7,1,7.72,7.72,7.72,7.72,False,True,11.72,-58.64009334432903,-57.737909849444335,-1.2581588043089134,orange,0.7412,0.164,0.0734,79.1,0.008491182233834,0.0,0.0,0.0,0.0020152952723644,7720.0,1.0,0.0,0.0,0.0,0.2992227979274611,0.2202072538860104,0.2202072538860104,0.1121515522581573,0.1700160649874207,0.7535491198182851,1,0.0,0.010922,0.0425531914893617,47.0,30.0,NEUTRAL,106.0,1,0,unknown,unknown,0.0,0.0,0.0,0,0,0,none,0.0,0.5,0,0.0,0.0,0.0,0.0,0,51.56,1,1,0,0.006477,0.025907,0,0,0,0.006477,0.12954
MRVI,2026-08-31 10:00:00-04:00,2026-08-31,11,1,7.605,7.72,7.52,7.575,True,False,11.53,-58.6178300522332,-58.73234593655261,-1.3552321428212306,orange,0.7412,0.164,0.0734,79.1,0.008491182233834,0.0264026402640264,0.1500000000000011,0.2750000000000028,0.7444034085139342,2666590.228179825,3.0,0.0257425742574256,0.0072607260726073,0.0,0.2858085808580858,0.2435643564356435,0.2435643564356435,0.0912626953828422,0.1480403746476311,0.7206132879045998,1,0.0,0.010692,0.0416666666666666,48.0,35.0,NEUTRAL,122.8,1,0,unknown,unknown,0.0,0.0,0.0,0,0,0,none,0.0,0.5,0,0.0,0.0,0.0,0.0,0,65.39,1,1,0,0.019802,0.006601,0,0,0,0.019802,0.39604
MRVI,2026-09-01 14:00:00-04:00,2026-09-01,15,0,7.305,7.36,7.3,7.355,False,True,8.31,-56.25702967130251,-55.89911850276032,-1.4147044099862076,green,0.7412,0.1494,0.0939,77.7,-0.0255737704918033,0.0081577158395649,0.8333333333333383,0.9166666666666692,0.6181416769713342,1916770.34056557,6.0,0.0319510537049625,0.008837525492862,1.0,0.2644459551325629,0.2807613868116926,0.2807613868116926,0.0503391645840772,0.1065142169399731,0.662353512866006,1,0.0,0.010922,0.0408163265306122,49.0,30.0,NEUTRAL,122.0,1,0,unknown,unknown,0.0,0.0,0.0,0,0,0,none,0.0,0.5,0,0.0,0.0,0.0,0.0,0,43.56,0,0,0,0.016315,0.010197,0,0,0,0.016315,0.3263
MRVI,2026-09-01 15:00:00-04:00,2026-09-01,16,0,7.355,7.475,7.28,7.315,True,False,23.37,-54.67803233537249,-55.89396708266265,-1.118823504869253,orange,0.7412,0.1494,0.0939,77.7,-0.0255737704918033,0.0266575529733423,0.2051282051282059,0.1794871794871807,2.7056844297956677,8677707.04831184,7.0,0.0375939849624059,0.0047846889952153,0.0,0.2604237867395762,0.287764866712235,0.287764866712235,0.0446269189575153,0.100496464570483,0.653312841144097,1,0.0,0.011036,0.04,50.0,41.2,NEUTRAL,125.2,1,0,unknown,unknown,0.0,0.0,0.0,0,0,0,none,0.0,0.5,0,0.0,0.0,0.0,0.0,0,48.31,0,0,0,0.0,0.0,0,0,0,0.0,0.0
MRVI,2026-09-03 11:00:00-04:00,2026-09-03,12,1,7.295,7.39,7.28,7.365,False,True,16.75,-42.26449102203871,-39.98976463599121,-0.2155107191276577,green,0.7412,0.0969,0.1191,72.4,0.0006779661016949,0.0149355057705362,0.6363636363636422,0.7727272727272764,0.62730476023171,1767420.287806035,3.0,0.0122199592668024,0.0207739307535642,2.0,0.2654446707399864,0.2790224032586557,0.2790224032586557,0.0381281274226515,0.0946464136024494,0.6493667909570359,1,0.0,0.010922,0.0392156862745098,51.0,30.0,NEUTRAL,115.1,1,0,unknown,unknown,0.0,0.0,0.0,0,0,0,none,0.0,0.5,0,0.0,0.0,0.0,0.0,0,68.59,1,1,0,0.005431,0.012899,0,0,0,0.005431,0.10862
MRVI,2026-09-03 14:00:00-04:00,2026-09-03,15,0,7.285,7.37,7.285,7.365,True,False,19.09,-41.46283035798344,-42.80214279628439,0.0829372723518451,green,0.7412,0.0969,0.1191,72.4,0.0006779661016949,0.0115410726408689,0.9411764705882364,0.9411764705882364,0.6386057155103655,1557206.73284202,6.0,0.0122199592668024,0.0207739307535642,1.0,0.2654446707399864,0.2790224032586557,0.2790224032586557,0.0381281274226515,0.0946464136024494,0.6493667909570359,1,0.0,0.010692,0.0384615384615384,52.0,35.0,NEUTRAL,119.6,1,0,unknown,unknown,0.0,0.0,0.0,0,0,0,none,0.0,0.5,0,0.0,0.0,0.0,0.0,0,44.84,0,0,0,0.005431,0.009504,0,0,0,0.005431,0.10862
CBLL,2026-08-14 11:00:00-04:00,2026-08-14,12,1,23.43,23.55,23.385,23.39,False,True,45.1,59.47428865302998,59.8825824619811,0.5701000880539645,orange,0.4724,0.2368,0.0045,55.7,0.0004302925989673,0.0070542967079948,0.2424242424242385,0.0303030303030244,0.352738910833639,703673.7500166701,3.0,0.0068405301410859,0.0153911928174433,0.0,0.317657118426678,0.0047028644719965,0.0401881145788797,0.2540882526406089,0.2442283550013831,0.2446090443009516,1,0.0,0.0,0.0,0.0,36.2,NEUTRAL,93.9,1,0,unknown,unknown,0.0,0.0,0.0,0,0,0,none,0.0,0.5,0,0.0,0.0,0.0,0.0,0,33.21,1,1,0,0.00171,0.012826,0,0,0,0.00171,0.0341999999999999
CBLL,2026-08-17 10:00:00-04:00,2026-08-17,11,1,23.25,23.565,23.25,23.55,False,True,53.57,47.40180097557823,48.37043855399567,0.6267354909036116,green,0.4756,0.233,0.022,59.4,-0.0049282194128991,0.013375796178344,0.9523809523809508,0.9523809523809508,1.265969577436173,1609396.2999868502,2.0,0.0006369426751592,0.0242038216560509,1.0,0.3222929936305732,0.0,0.0331210191082801,0.2472526017530388,0.2445961800674354,0.2496517690134119,1,0.0,0.00171,0.0,1.0,30.0,NEUTRAL,94.7,1,0,unknown,unknown,0.0,0.0,0.0,0,0,0,none,0.0,0.5,0,0.0,0.0,0.0,0.0,0,48.76,1,1,0,0.037792,0.0,1,0,0,0.037792,0.75584
CBLL,2026-08-17 11:00:00-04:00,2026-08-17,12,1,23.57,23.73,23.57,23.695,True,False,49.51,51.63713553392606,48.54141172263248,0.9235516867247224,green,0.4756,0.233,0.022,59.4,-0.0049282194128991,0.0067524794260392,0.7812499999999993,0.7812499999999993,0.1265045738750547,154689.3442388,3.0,0.001477104874446,0.0301751424351128,2.0,0.3264401772525849,-0.006119434479848,0.0267989027220931,0.2549320763710511,0.2522592987982115,0.2573460155742163,1,0.0,0.019751,0.0,2.0,41.2,NEUTRAL,106.7,1,0,unknown,unknown,0.0,0.0,0.0,0,0,0,none,0.0,0.5,0,0.0,0.0,0.0,0.0,0,40.2,1,1,0,0.031441,0.003587,1,0,0,0.031441,0.6288199999999999
CBLL,2026-08-19 09:00:00-04:00,2026-08-19,10,0,24.69,25.1,24.69,24.98,False,True,50.87,61.68406369072618,63.75000337957063,1.1507569734029583,green,0.5664,0.264,0.0634,71.1,0.0185643564356436,0.0164131305044035,0.7073170731707293,0.7073170731707293,1.262184049024252,1469246.13624562,1.0,0.0048038430744596,0.0116092874299439,1.0,0.3610888710968775,0.0008006405124099,0.0008006405124099,0.2812884694296267,0.3041662315965334,0.3172326513393797,1,0.0,0.031441,0.0,3.0,30.0,NEUTRAL,106.9,1,0,unknown,unknown,0.0,0.0,0.0,0,0,0,none,0.0,0.5,0,0.0,0.0,0.0,0.0,0,30.99,0,1,0,0.014011,0.021217,0,0,0,0.014011,0.2802199999999999
CBLL,2026-08-19 10:00:00-04:00,2026-08-19,11,1,24.99,25.33,24.955,25.03,True,False,62.96,64.1394788223273,62.73396274935435,0.6612894790922683,orange,0.5664,0.264,0.0634,71.1,0.0185643564356436,0.014982021574111,0.1066666666666738,0.2000000000000076,6.608839907748439,11141074.759041902,2.0,0.0119856172592887,0.0135836995605273,2.0,0.362365161805833,-0.0011985617259289,-0.0011985617259289,0.2838530980713994,0.3067766523963663,0.3198692259017084,1,0.0,0.0227259999999999,0.0,4.0,25.0,NEUTRAL,94.5,1,0,unknown,unknown,0.0,0.0,0.0,0,0,0,none,0.0,0.5,0,0.0,0.0,0.0,0.0,0,21.34,0,0,0,0.005993,0.023172,0,0,0,0.005993,0.11986
CBLL,2026-08-21 15:00:00-04:00,2026-08-21,16,0,24.0,24.265,23.935,24.17,False,True,34.73,-32.86315100742297,-31.412665086972485,-0.0382703185197605,green,0.5733,0.2528,0.1149,71.6,0.0006174109899154,0.0136532892014895,0.5151515151515175,0.7121212121212172,1.7561852998256855,2506382.0457144403,7.0,0.0066197765825401,0.0153082333471245,2.0,0.3338849813818783,0.0479933802234173,0.0479933802234173,0.1905817447416385,0.2455424319254635,0.2656835843405041,1,0.0,0.014011,0.0,5.0,54.3,LAUNCH,135.0,1,0,unknown,unknown,0.0,0.0,0.0,0,0,0,none,0.0,0.5,0,0.0,0.0,0.0,0.0,0,46.82,0,0,0,0.0,0.0,0,0,0,0.0,0.0
CBLL,2026-08-24 10:00:00-04:00,2026-08-24,11,1,24.05,24.33,23.88,23.88,False,True,34.99,-36.15119345151811,-35.294303909328285,-0.6817985451089783,red,0.5095,0.2397,0.1372,67.3,-0.009102192800993,0.0188442211055276,0.3777777777777821,0.0,1.761113683642762,1469409.6708129602,2.0,0.0188442211055276,0.0079564489112226,0.0,0.2973199329983249,0.0607202680067001,0.0607202680067001,0.1555491035784278,0.2232603884927465,0.2463010224052355,1,0.0,0.010002,0.0,6.0,55.0,LAUNCH,134.3,1,0,unknown,unknown,0.0,0.0,0.0,0,0,0,none,0.0,0.5,0,0.0,0.0,0.0,0.0,0,75.75,1,1,0,0.012563,0.009631,0,0,0,0.012563,0.25126
CBLL,2026-08-24 12:00:00-04:00,2026-08-24,13,1,23.93,24.18,23.92,23.95,True,False,22.2,-36.78869941554736,-37.41129356750375,-0.2200080273122103,orange,0.5095,0.2397,0.1372,67.3,-0.009102192800993,0.0108559498956157,0.0769230769230758,0.1153846153846069,0.9149866134105916,752285.23819165,4.0,0.0158663883089769,0.0125260960334029,2.0,0.2993736951983298,0.0576200417536534,0.0576200417536534,0.1589363915704919,0.2268461601508073,0.249954333609941,1,0.0,0.012563,0.0,7.0,41.2,NEUTRAL,97.8,1,0,unknown,unknown,0.0,0.0,0.0,0,0,0,none,0.0,0.5,0,0.0,0.0,0.0,0.0,0,55.44,1,1,0,0.006263,0.008768,0,0,0,0.006263,0.12526
CBLL,2026-08-25 09:00:00-04:00,2026-08-25,10,0,24.18,24.24,23.65,23.9,False,True,22.34,-36.96240349354083,-36.68595228908609,-0.2342147969273929,red,0.4616,0.2191,0.1539,64.1,0.0104471374843292,0.0246861924686192,0.4745762711864427,0.4237288135593221,0.4771582388921342,442521.2751953,1.0,0.0142259414225941,0.0104602510460251,0.0,0.2748953974895398,0.0598326359832635,0.0598326359832635,0.1404848253483488,0.2170653956226381,0.2431212225238999,1,0.0,0.009413,0.0,8.0,36.2,NEUTRAL,114.8,1,0,unknown,unknown,0.0,0.0,0.0,0,0,0,none,0.0,0.5,0,0.0,0.0,0.0,0.0,0,26.55,0,1,0,0.007322,0.009205,0,0,0,0.007322,0.14644
CBLL,2026-08-25 11:00:00-04:00,2026-08-25,12,1,23.93,24.075,23.89,23.89,True,False,24.55,-36.15325057492001,-37.35647215710257,-0.0934785069878037,orange,0.4616,0.2191,0.1539,64.1,0.0104471374843292,0.0077438258685641,0.2162162162162131,0.0,1.1439039780925897,1136879.7149725,3.0,0.0146504813729593,0.0100460443700293,0.0,0.2745918794474676,0.0602762662201757,0.0602762662201757,0.1400076350448559,0.2165561632395325,0.2426010881211703,1,0.0,0.007322,0.0,9.0,41.2,NEUTRAL,111.4,1,0,unknown,unknown,0.0,0.0,0.0,0,0,0,none,0.0,0.5,0,0.0,0.0,0.0,0.0,0,55.48,1,1,0,0.004604,0.008372,0,0,0,0.004604,0.0920799999999999
CBLL,2026-08-25 15:00:00-04:00,2026-08-25,16,0,23.79,24.0,23.69,23.95,True,False,36.12,-42.84153586831155,-43.83832494700896,0.1068542986257009,green,0.4616,0.2191,0.1539,64.1,0.0104471374843292,0.0129436325678496,0.516129032258067,0.8387096774193519,1.705970265451051,1521057.865371,7.0,0.0121085594989561,0.0125260960334029,1.0,0.2764091858037579,0.0576200417536534,0.0576200417536534,0.1428707768658141,0.2196115575381667,0.2457218945375482,1,0.0,0.0067925,0.0,10.0,57.2,LAUNCH,130.1,1,0,unknown,unknown,0.0,0.0,0.0,0,0,0,none,0.0,0.5,0,0.0,0.0,0.0,0.0,0,46.95,0,0,0,0.0,0.0,0,0,0,0.0,0.0
CBLL,2026-08-26 13:00:00-04:00,2026-08-26,14,0,23.46,23.58,23.46,23.53,True,False,13.55,-61.92750551515108,-63.53866427812231,-0.6307953169119149,green,0.4616,0.2128,0.1638,64.1,-0.0125260960334029,0.0050998725031873,0.5833333333333481,0.5833333333333481,0.5797912284967899,495566.2712,5.0,0.0050998725031873,0.0237994050148747,4.0,0.2634934126646835,0.0764980875478111,0.0764980875478111,0.1066691750540873,0.1915734035549704,0.2200148807594892,1,0.0,0.006263,0.0,11.0,35.0,NEUTRAL,112.4,1,0,unknown,unknown,0.0,0.0,0.0,0,0,0,none,0.0,0.5,0,0.0,0.0,0.0,0.0,0,33.28,0,1,0,0.009775,0.0051,0,0,0,0.009775,0.1955
CBLL,2026-08-28 10:00:00-04:00,2026-08-28,11,1,23.52,23.52,23.35,23.52,False,True,29.61,-41.17440235391207,-39.982822835058144,0.1702809327417027,orange,0.4557,0.1712,0.1707,60.8,0.0012836970474966,0.0072278911564625,0.0,1.0,0.4055358943175237,185643.36,2.0,0.0,0.0085034013605441,0.0,0.2602040816326531,0.0769557823129251,0.0769557823129251,0.0771943483935973,0.1787582944089169,0.212180559241975,1,0.0,0.0067925,0.0,12.0,41.5,NEUTRAL,107.4,1,0,unknown,unknown,0.0,0.0,0.0,0,0,0,none,0.0,0.5,0,0.0,0.0,0.0,0.0,0,52.12,1,1,0,0.010204,0.008503,0,0,0,0.010204,0.2040799999999999
CBLL,2026-08-28 12:00:00-04:00,2026-08-28,13,1,23.52,23.64,23.39,23.61,True,False,43.53,-35.38290529026002,-40.00725246826437,0.4125030890165968,yellow,0.4557,0.1712,0.1707,60.8,0.0012836970474966,0.0105887335874629,0.3599999999999994,0.8799999999999955,0.971247362957589,488466.1654557,4.0,0.0012706480304956,0.0122829309614569,2.0,0.2630241423125795,0.0728504870817449,0.0728504870817449,0.0813162655430626,0.1832688491069102,0.2168190052594825,1,0.0,0.007322,0.0,13.0,38.7,NEUTRAL,96.7,1,0,unknown,unknown,0.0,0.0,0.0,0,0,0,none,0.0,0.5,0,0.0,0.0,0.0,0.0,0,73.83,1,1,0,0.006353,0.00593,0,0,0,0.006353,0.12706
CBLL,2026-08-31 11:00:00-04:00,2026-08-31,12,1,23.58,23.615,23.465,23.47,False,True,32.74,-19.589671302405414,-18.045812702619376,-0.287655363378295,red,0.4072,0.1816,0.1724,58.6,-0.0029498525073746,0.0063911376224967,0.7333333333333365,0.033333333333327,0.4973589003827798,272791.81,3.0,0.0091606305922454,0.0172560715807412,0.0,0.2330634853003834,0.0792501065189603,0.0792501065189603,0.060239875319043,0.1686966567407952,0.2058902110693218,1,0.0,0.0068375,0.0,14.0,49.4,NEUTRAL,120.5,1,0,unknown,unknown,0.0,0.0,0.0,0,0,0,none,0.0,0.5,0,0.0,0.0,0.0,0.0,0,62.94,1,1,0,0.02173,0.0,0,0,0,0.02173,0.4346
CBLL,2026-08-31 12:00:00-04:00,2026-08-31,13,1,23.54,23.65,23.52,23.535,True,False,30.4,-13.831156797451518,-19.046170883435675,-0.0468030592567836,orange,0.4072,0.1816,0.1724,58.6,-0.0029498525073746,0.0055236881240704,0.0384615384615311,0.1153846153846206,0.4113864469507608,220604.5284291,4.0,0.0063734862970044,0.0199702570639472,0.0,0.2351816443594646,0.0762693860208199,0.0762693860208199,0.0631762021999863,0.1719333539154076,0.209229915531167,1,0.0,0.007322,0.0,15.0,48.5,NEUTRAL,95.2,1,0,unknown,unknown,0.0,0.0,0.0,0,0,0,none,0.0,0.5,0,0.0,0.0,0.0,0.0,0,53.94,1,1,0,0.018908,0.002337,0,0,0,0.018908,0.37816
CBLL,2026-09-02 15:00:00-04:00,2026-09-02,16,0,24.3,24.89,24.28,24.8,False,True,60.15,43.89094760763796,45.90775956259913,0.4817904870170423,green,0.4072,0.2091,0.1655,60.5,0.004071661237785,0.0245967741935483,0.8196721311475418,0.8524590163934427,4.449375262632926,3932702.629265601,7.0,0.0108870967741935,0.0227822580645161,1.0,0.2741935483870968,0.0213709677419353,0.0213709677419353,0.0914051841746247,0.2199201149086043,0.2666794356125903,1,0.0,0.0085485,0.0,16.0,20.0,NEUTRAL,84.5,1,0,unknown,unknown,0.0,0.0,0.0,0,0,0,none,0.0,0.5,0,0.0,0.0,0.0,0.0,0,-0.9,0,0,0,0.0,0.0,0,0,0,0.0,0.0
CBLL,2026-09-03 09:00:00-04:00,2026-09-03,10,0,24.99,24.99,24.3662,24.57,True,False,18.21,44.71107984407107,44.30056596827059,-0.1851863313898525,red,0.4025,0.2128,0.1583,60.2,0.0076612903225805,0.0253886853886853,0.6732927220262883,0.3267072779737117,1.0381236342593771,921880.5508458,1.0,0.017094017094017,0.0082946682946683,0.0,0.264957264957265,0.0309320309320308,0.0309320309320308,0.065989847715736,0.2010206475832942,0.2509960362213503,1,0.0,0.007322,0.0,17.0,35.0,NEUTRAL,110.6,1,0,unknown,unknown,0.0,0.0,0.0,0,0,0,none,0.0,0.5,0,0.0,0.0,0.0,0.0,0,32.59,0,1,0,0.013024,0.019943,0,0,0,0.013024,0.26048
CBLL,2026-09-03 11:00:00-04:00,2026-09-03,12,1,24.545,24.876,24.545,24.855,True,False,48.4,44.51529120161425,43.28094766651374,0.528502255546872,green,0.4025,0.2128,0.1583,60.2,0.0076612903225805,0.0133172399919533,0.9365558912386682,0.9365558912386682,0.660223066829983,647474.11911282,3.0,0.0054315027157512,0.0311808489237578,2.0,0.2733856366928184,0.0191108428887546,0.0191108428887546,0.0783548093192763,0.2149519005161896,0.2655069792544429,1,0.0,0.0085485,0.0,18.0,41.2,NEUTRAL,107.7,1,0,unknown,unknown,0.0,0.0,0.0,0,0,0,none,0.0,0.5,0,0.0,0.0,0.0,0.0,0,53.14,1,1,0,0.001408,0.018306,0,0,0,0.001408,0.0281599999999999
CBLL,2026-09-04 11:00:00-04:00,2026-09-04,12,1,24.425,24.705,24.425,24.7,False,True,41.7,20.990066192364875,24.41833350289408,0.2415198568571707,green,0.3918,0.1941,0.1509,58.9,-0.0036496350364963,0.0113360323886638,0.9821428571428604,0.9821428571428604,0.3860112118899381,376249.439007,3.0,0.0002024291497975,0.0182186234817813,1.0,0.2631578947368421,0.0255060728744938,0.0255060728744938,0.057136742991654,0.2003810116247424,0.2538898505992779,1,0.0,0.007322,0.0,19.0,38.2,NEUTRAL,104.8,1,0,unknown,unknown,0.0,0.0,0.0,0,0,0,none,0.0,0.5,0,0.0,0.0,0.0,0.0,0,49.44,1,1,0,0.007287,0.007692,0,0,0,0.007287,0.1457399999999999
CBLL,2026-09-04 12:00:00-04:00,2026-09-04,13,1,24.74,24.74,24.56,24.56,True,False,29.4,23.39900689945661,21.726119577592627,-0.2075950407168313,red,0.3918,0.1941,0.1509,58.9,-0.0036496350364963,0.007328990228013,1.0,0.0,0.3216969958250714,309064.39286304,4.0,0.007328990228013,0.0126221498371334,0.0,0.258957654723127,0.0313517915309446,0.0313517915309446,0.0511448748127539,0.1935772326114848,0.2467827826201727,1,0.0,0.0073045,0.0,20.0,46.0,NEUTRAL,100.3,1,0,unknown,unknown,0.0,0.0,0.0,0,0,0,none,0.0,0.5,0,0.0,0.0,0.0,0.0,0,54.77,1,1,0,0.013029,0.002036,0,0,0,0.013029,0.26058
TRLV,2026-09-04 10:00:00-04:00,2026-09-04,11,1,12.03,12.17,11.89,12.015,True,False,41.22,35.60336023493136,35.089185312585414,0.3490175049116414,orange,0.443,0.2651,0.1639,62.9,-0.0084494195688225,0.0233042030794839,0.0535714285714243,0.4464285714285724,0.7398468833281657,2156917.6454684846,2.0,0.0129005409904285,0.0211901789429879,0.0,0.291718684977112,0.0220557636287972,0.0237203495630462,0.1455949656750573,0.2677795129363101,,1,0.0,0.0,0.0,0.0,44.5,NEUTRAL,110.2,1,0,unknown,unknown,0.0,0.0,0.0,0,0,0,none,0.0,0.5,0,0.0,0.0,0.0,0.0,0,53.7,1,1,0,0.014565,0.006658,0,0,0,0.014565,0.2913
TRLV,2026-09-04 12:00:00-04:00,2026-09-04,13,1,11.985,12.12,11.97,12.04,True,False,28.26,36.93596420543424,35.39130533307166,0.1336489323017553,yellow,0.443,0.2651,0.1639,62.9,-0.0084494195688225,0.0124584717607972,0.3666666666666682,0.4666666666666611,0.7499803423641229,2217566.24009732,4.0,0.010797342192691,0.0232225913621261,1.0,0.293189368770764,0.0199335548172757,0.0215946843853821,0.1479786422578184,0.2704174228675133,,1,0.0,0.014565,0.0,1.0,43.2,NEUTRAL,104.9,1,0,unknown,unknown,0.0,0.0,0.0,0,0,0,none,0.0,0.5,0,0.0,0.0,0.0,0.0,0,68.64,1,1,0,0.012458,0.006645,0,0,0,0.012458,0.24916
SOUN,2026-08-12 06:00:00-04:00,2026-08-12,7,1,7.4387,7.46,7.41,7.4192,True,False,32.65,-12.509828349426924,-12.65425931183084,0.0237482142844903,red,0.4495,0.087,0.0029,42.6,0.0025202156334231,0.0067392710804399,0.3899999999999984,0.1839999999999981,0.005569514923297,162790.556264192,1.0,0.0054992452016389,0.0012400258788009,0.0,0.2384488893681259,0.103892602976062,1.9881927970670692,0.1377832304566193,0.0883539438747818,-0.1840936084106804,1,0.0,0.0,0.0,0.0,54.1,LAUNCH,98.3,1,0,unknown,unknown,0.0,1.0,0.5,0,0,0,none,0.0,0.5,0,0.0,0.0,0.0,0.0,0,63.42,1,1,0,0.019652,0.017414,0,0,0,0.019652,0.3930399999999999
SOUN,2026-08-12 15:00:00-04:00,2026-08-12,16,0,7.345,7.41,7.29,7.405,False,True,46.32,-27.32173580634215,-25.438737857530352,0.1864089804839444,green,0.4495,0.087,0.0029,42.6,0.0025202156334231,0.0162052667116813,0.5000000000000037,0.9583333333333344,1.7416856634295768,33013652.52065601,8.0,0.0216070222822417,0.0155300472653612,1.0,0.2369885212694125,0.1060094530722483,1.9939230249831197,0.1356055668443048,0.0862708855931582,-0.1856552148858486,1,0.0,0.019652,0.0,1.0,36.2,NEUTRAL,85.5,1,0,unknown,unknown,0.0,1.0,0.5,0,0,0,none,0.0,0.5,0,0.0,0.0,0.0,0.0,0,46.34,0,0,0,0.0,0.0,0,0,0,0.0,0.0
SOUN,2026-08-13 06:00:00-04:00,2026-08-13,7,1,7.4092,7.4092,7.39,7.4,True,False,34.59,-21.76680644659528,-25.482677751110455,0.1751751139535279,red,0.4495,0.0915,0.0159,45.6,0.0005671843349088,0.0025945945945946,0.4791666666666464,0.5208333333333536,0.0020067920243706,35120.4,1.0,0.0012432432432432,0.0013513513513514,0.0,0.2364729729729729,0.1067567567567566,1.995945945945946,0.127060884133572,0.0914615259812091,-0.1813253678504258,1,0.0,0.009826,0.0,2.0,59.0,LAUNCH,105.0,1,0,unknown,unknown,0.0,1.0,0.5,0,0,0,none,0.0,0.5,0,0.0,0.0,0.0,0.0,0,67.36,1,1,0,0.010811,0.021622,0,0,0,0.010811,0.2162199999999999
SOUN,2026-08-13 14:00:00-04:00,2026-08-13,15,0,7.265,7.38,7.24,7.38,False,True,37.13,-38.81113661830886,-36.29549805559757,0.3057196833431261,green,0.4495,0.0915,0.0159,45.6,0.0005671843349088,0.0189701897018969,0.8214285714285748,1.0,1.0847309980369777,17765768.32295346,7.0,0.0121951219512194,0.0189701897018969,1.0,0.2344037940379403,0.1097560975609755,2.004065040650407,0.1240147736359137,0.0885116299650436,-0.1835380019913707,1,0.0,0.010811,0.0,3.0,49.7,NEUTRAL,103.9,1,0,unknown,unknown,0.0,1.0,0.5,0,0,0,none,0.0,0.5,0,0.0,0.0,0.0,0.0,0,51.8,0,0,0,0.01355,0.001355,0,0,0,0.01355,0.2709999999999999
SOUN,2026-08-13 15:00:00-04:00,2026-08-13,16,0,7.38,7.48,7.37,7.469,True,False,68.71,-23.973423852670315,-35.350204456406004,0.8449790166006541,green,0.4495,0.0915,0.0159,45.6,0.0005671843349088,0.0147275405007364,0.8090909090909105,0.8999999999999992,2.2127078581904223,38164294.294340365,8.0,0.0014727540500736,0.0306600615878966,2.0,0.2435265765162672,0.0965323336457356,1.9682688445575045,0.1375699653504932,0.1016386672369798,-0.1736917800641663,1,0.0,0.0121805,0.0,4.0,5.0,EXTENSION,52.9,1,0,unknown,unknown,0.0,1.0,0.5,0,0,0,none,0.0,0.5,0,0.0,0.0,0.0,0.0,0,2.81,0,0,0,0.0,0.0,0,0,0,0.0,0.0
SOUN,2026-08-17 15:00:00-04:00,2026-08-17,16,0,7.035,7.065,7.02,7.025,False,True,22.36,-44.683153640753446,-43.63991175224962,-0.5105776227428768,orange,0.4495,0.1024,0.0416,51.9,0.0006724949562879,0.006405693950178,0.2222222222222134,0.1111111111111264,1.3588222046272411,28260811.46165771,8.0,0.0604982206405693,0.0149466192170819,0.0,0.1957153024911032,0.1658362989323842,2.1558718861209965,0.051292603539227,0.0422694025311196,-0.213502015226153,1,0.0,0.010811,0.0,5.0,36.2,NEUTRAL,94.6,1,0,unknown,unknown,0.0,1.0,0.5,0,0,0,none,0.0,0.5,0,0.0,0.0,0.0,0.0,0,43.83,0,0,0,0.0,0.0,0,0,0,0.0,0.0
SOUN,2026-08-18 09:00:00-04:00,2026-08-18,10,0,6.89,7.165,6.85,6.925,False,True,21.37,-48.057324754936126,-46.568553055518265,-0.6468109321439761,orange,0.4495,0.0475,0.0544,48.0,-0.0220640569395018,0.0454873646209386,0.1111111111111114,0.2380952380952383,1.400894866660869,29304591.036309503,2.0,0.0346570397111913,0.0108303249097473,2.0,0.1841010830324909,0.1826714801444043,2.2014440433213,0.0306976744186046,0.0303986191914531,-0.2200390825181756,1,0.0,0.0054055,0.0,6.0,36.2,NEUTRAL,90.9,1,0,unknown,unknown,0.0,1.0,0.5,0,0,0,none,0.0,0.5,0,0.0,0.0,0.0,0.0,0,42.68,0,1,0,0.027437,0.0,0,0,0,0.027437,0.54874
SOUN,2026-08-18 11:00:00-04:00,2026-08-18,12,1,6.975,7.03,6.95,7.03,True,False,29.42,-44.97589768605426,-47.28458468691876,0.2545958865682181,green,0.4495,0.0475,0.0544,48.0,-0.0220640569395018,0.011379800853485,0.6875000000000069,1.0,0.8700290852598545,17456152.611736108,4.0,0.019203413940256,0.0256045519203414,4.0,0.1962873399715505,0.1650071123755333,2.1536273115220483,0.0463255813953488,0.0460219917568109,-0.2082129603036497,1,0.0,0.010811,0.0,7.0,46.1,NEUTRAL,104.2,1,0,unknown,unknown,0.0,1.0,0.5,0,0,0,none,0.0,0.5,0,0.0,0.0,0.0,0.0,0,80.36,1,1,0,0.012091,0.008535,0,0,0,0.012091,0.2418199999999999
SOUN,2026-08-19 10:00:00-04:00,2026-08-19,11,1,6.9,7.17,6.85,7.1686,True,False,53.38,-30.77368405474782,-34.82819012449012,1.1355988752715978,green,0.4495,0.0413,0.0589,47.4,-0.0042918454935622,0.044639120609324,0.839374999999997,0.9956249999999992,0.989375336778187,20281255.996743307,3.0,0.0001952961526658,0.0444438244566582,1.0,0.2118265770164327,0.142482493094886,2.0926540747147286,0.0635116089310881,0.0679160397455567,-0.1874961038666643,1,0.0,0.011451,0.0,8.0,35.0,NEUTRAL,87.7,1,0,unknown,unknown,0.0,0.0,0.0,0,0,0,none,0.0,0.5,0,0.0,0.0,0.0,0.0,0,70.25,1,1,0,0.00996,0.016544,0,0,0,0.00996,0.1992
SOUN,2026-08-21 06:00:00-04:00,2026-08-21,7,1,7.01,7.03,7.0093,7.02,True,False,42.54,-23.55591496090691,-25.95009698051934,0.2972052066361358,yellow,0.4495,0.0395,0.07,47.2,0.0071839080459769,0.002948717948718,0.4830917874395891,0.516908212560368,0.0053170231007328,121741.5383496,1.0,0.0014245014245015,0.0015242165242165,2.0,0.19514245014245,0.1666666666666666,2.1581196581196584,0.0303830911492734,0.0469642510924518,-0.195051054632183,1,0.0,0.010811,0.0,9.0,41.2,NEUTRAL,92.6,1,0,unknown,unknown,0.0,0.0,0.0,0,0,0,none,0.0,0.5,0,0.0,0.0,0.0,0.0,0,71.94,1,1,1,0.054131,0.0,1,1,0,0.054131,1.0
SOUN,2026-08-25 06:00:00-04:00,2026-08-25,7,1,7.11,7.11,7.08,7.1,False,True,35.11,-12.2211686629218,-9.861363636736137,-0.3539350774203749,red,0.4495,0.0422,0.0641,47.5,0.0149892933618844,0.004225352112676,0.3333333333333531,0.666666666666647,0.0052538338969933,98991.5180359,1.0,0.0014084507042254,0.0028169014084506,0.0,0.2042112676056337,0.1535211267605633,2.122535211267606,0.0289109484819941,0.0570981910221096,-0.1774267359481894,1,0.0,0.011451,0.1,10.0,54.7,LAUNCH,102.8,1,0,unknown,unknown,0.0,0.0,0.0,0,0,0,none,0.0,0.5,0,0.0,0.0,0.0,0.0,0,72.47,1,1,0,0.0,0.022535,0,0,0,0.0,0.0
SOUN,2026-08-25 11:00:00-04:00,2026-08-25,12,1,7.085,7.1,7.04,7.075,False,True,44.38,-17.931203229933438,-16.99218669660101,0.2350748914084754,orange,0.4495,0.0422,0.0641,47.5,0.0149892933618844,0.0084805653710246,0.1666666666666642,0.5833333333333395,0.7660628771062973,13406362.97188545,4.0,0.0049469964664311,0.0190812720848056,0.0,0.201399293286219,0.1575971731448762,2.13356890459364,0.0252880226070576,0.0533760142931586,-0.1803231206807661,1,0.0,0.010811,0.0909090909090909,11.0,31.5,NEUTRAL,81.1,1,0,unknown,unknown,0.0,0.0,0.0,0,0,0,none,0.0,0.5,0,0.0,0.0,0.0,0.0,0,71.14,1,1,0,0.000707,0.014841,0,0,0,0.000707,0.0141399999999999
SOUN,2026-08-25 15:00:00-04:00,2026-08-25,16,0,7.035,7.07,6.97,7.07,False,True,49.92,-26.223790808273023,-24.421499484117994,0.310372791058184,yellow,0.4495,0.0422,0.0641,47.5,0.0149892933618844,0.0141442715700142,0.3499999999999995,1.0,1.33156962352567,22871634.110315416,8.0,0.0056577086280056,0.0183875530410183,2.0,0.2008345120226308,0.1584158415841583,2.135785007072136,0.0245634374320703,0.0526315789473684,-0.1809023976272815,1,0.0,0.0103854999999999,0.0833333333333333,12.0,36.2,NEUTRAL,96.7,1,0,unknown,unknown,0.0,0.0,0.0,0,0,0,none,0.0,0.5,0,0.0,0.0,0.0,0.0,0,55.46,0,0,0,0.0,0.0,0,0,0,0.0,0.0
SOUN,2026-08-26 09:00:00-04:00,2026-08-26,10,0,6.9815,7.31,6.95,7.095,True,False,56.38,-16.933476145632106,-24.65612632607334,0.355331126090507,yellow,0.4495,0.0492,0.0644,48.2,-0.0084865629420085,0.0507399577167018,0.3152777777777787,0.4027777777777772,1.5832222508642178,25340418.410697386,2.0,0.0303030303030302,0.0204369274136715,4.0,0.2036504580690626,0.1543340380549682,2.1247357293868925,0.0221870047543581,0.0558821340873577,-0.1738568484298039,1,0.0,0.00996,0.0769230769230769,13.0,25.0,NEUTRAL,84.9,1,0,unknown,unknown,0.0,0.0,0.0,0,0,0,none,0.0,0.5,0,0.0,0.0,0.0,0.0,0,19.35,0,0,0,0.000705,0.033827,0,0,0,0.000705,0.0141
SOUN,2026-08-26 13:00:00-04:00,2026-08-26,14,0,6.925,7.0,6.91,6.9982,False,True,33.52,-38.43582278992867,-34.9514521356992,0.0955013437759221,green,0.4495,0.0492,0.0644,48.2,-0.0084865629420085,0.0128604498299562,0.8133333333333339,0.9799999999999972,1.4125128027538885,22863815.380031664,6.0,0.0445543139664484,0.0204624046183303,3.0,0.192635249064045,0.1703009345260209,2.167957474779229,0.0082408874801901,0.0414763003199643,-0.1851282588698314,1,0.0,0.0053335,0.0714285714285714,14.0,51.3,LAUNCH,108.8,1,0,unknown,unknown,0.0,0.0,0.0,0,0,0,none,0.0,0.5,0,0.0,0.0,0.0,0.0,0,57.19,0,1,0,0.011689,0.001172,0,0,0,0.011689,0.23378
SOUN,2026-08-26 14:00:00-04:00,2026-08-26,15,0,6.995,7.05,6.99,7.0299,True,False,48.79,-31.671073944611667,-36.2727451510233,0.3624625806463692,green,0.4495,0.0492,0.0644,48.2,-0.0084865629420085,0.0085349720479664,0.5816666666666619,0.664999999999994,1.4455632291159075,24338910.29548387,7.0,0.0398440945105904,0.0248794435198223,4.0,0.1962759071964038,0.1650236845474331,2.1536721717236382,0.0128079527445612,0.0461939132375921,-0.1814371048311034,1,0.0,0.00996,0.0666666666666666,15.0,41.2,NEUTRAL,95.6,1,0,unknown,unknown,0.0,0.0,0.0,0,0,0,none,0.0,0.5,0,0.0,0.0,0.0,0.0,0,49.84,0,0,0,0.007127,0.004253,0,0,0,0.007127,0.1425399999999999
SOUN,2026-08-27 15:00:00-04:00,2026-08-27,16,0,7.22,7.31,7.2,7.225,False,True,30.89,28.05262073974145,28.57212268506517,0.0252636076810229,orange,0.4368,0.0442,0.0671,46.9,0.0078515346181298,0.0152249134948096,0.0454545454545447,0.2272727272727236,1.2744789403503582,28984234.74887047,8.0,0.0228373702422145,0.0242214532871972,1.0,0.2110726643598615,0.1335640138408304,2.068512110726644,0.031185327909798,0.0762538916446945,-0.1551683816651075,1,0.0,0.0085434999999999,0.0625,16.0,44.7,NEUTRAL,96.4,1,0,unknown,unknown,0.0,2.0,1.0,0,0,0,none,0.0,0.5,0,0.0,0.0,0.0,0.0,0,50.54,0,0,0,0.0,0.0,0,0,0,0.0,0.0
SOUN,2026-08-31 09:00:00-04:00,2026-08-31,10,0,7.02,7.165,7.0,7.125,False,True,41.68,-18.61659555178902,-16.413506883551122,0.1672075205344414,green,0.3515,0.0581,0.0639,42.6,-0.0091356289529164,0.0231578947368421,0.6363636363636388,0.7575757575757575,0.3847600850835682,8242990.279784622,2.0,0.0056140350877193,0.0175438596491228,3.0,0.1494736842105263,0.1494736842105262,2.111578947368421,0.0021801814473589,0.0602836351731424,-0.1598768998573264,1,0.0,0.007127,0.0588235294117647,17.0,38.3,NEUTRAL,88.6,1,0,unknown,unknown,0.0,2.0,1.0,0,0,0,none,0.0,0.5,0,0.0,0.0,0.0,0.0,0,43.53,0,1,0,0.028772,0.006316,0,0,0,0.028772,0.57544
SOUN,2026-08-31 10:00:00-04:00,2026-08-31,11,1,7.12,7.33,7.1,7.2799,True,False,74.91,-6.794471419377242,-14.777626102725897,1.252915239803388,green,0.3515,0.0581,0.0639,42.6,-0.0091356289529164,0.0315938405747332,0.6952173913043443,0.7821739130434766,1.454033642257664,32347329.89689752,3.0,0.0068819626643223,0.0384483303342078,4.0,0.1675709831178999,0.1250154535089767,2.045371502355802,0.0239679302341934,0.0833345734311521,-0.1416123288801896,1,0.0,0.0085434999999999,0.0555555555555555,18.0,5.0,EXTENSION,48.6,1,0,unknown,unknown,0.0,2.0,1.0,0,0,0,none,0.0,0.5,0,0.0,0.0,0.0,0.0,0,30.04,0,0,0,0.000701,0.027459,0,0,0,0.000701,0.01402
SOUN,2026-08-31 15:00:00-04:00,2026-08-31,16,0,7.1114,7.185,7.09,7.16,False,True,46.33,-4.259010725460341,-2.712156247399938,0.0940186227539946,green,0.3515,0.0581,0.0639,42.6,-0.0091356289529164,0.0132681564245809,0.5115789473684268,0.7368421052631628,1.0854253503803353,22229856.331621755,8.0,0.0237430167597765,0.0223463687150838,2.0,0.1536312849162011,0.1438547486033518,2.096368715083799,0.0071031718123635,0.0654920460125895,-0.1557499793653975,1,0.0,0.007127,0.0526315789473684,19.0,36.2,NEUTRAL,85.5,1,0,unknown,unknown,0.0,2.0,1.0,0,0,0,none,0.0,0.5,0,0.0,0.0,0.0,0.0,0,47.62,0,0,0,0.0,0.0,0,0,0,0.0,0.0
SOUN,2026-09-01 13:00:00-04:00,2026-09-01,14,0,6.8786,6.93,6.85,6.91,False,True,15.3,-45.96673641889178,-44.7034983493615,-0.4227234192528773,yellow,0.3295,0.0654,0.066,41.8,-0.0167597765363128,0.0115774240231548,0.3925000000000064,0.7500000000000056,0.8673184443487039,18121202.39792948,6.0,0.0231548480463097,0.0217076700434153,3.0,0.1085383502170767,0.1852387843704774,2.2083936324167874,-0.0352530541012218,0.0281667088249734,-0.182200130185218,1,0.0,0.0039169999999999,0.05,20.0,30.0,NEUTRAL,91.7,1,0,unknown,unknown,0.0,2.0,1.0,0,0,0,none,0.0,0.5,0,0.0,0.0,0.0,0.0,0,52.17,0,1,0,0.003618,0.013025,0,0,0,0.003618,0.07236
SOUN,2026-09-01 15:00:00-04:00,2026-09-01,16,0,6.86,6.935,6.83,6.85,False,True,21.54,-46.4609038643801,-46.37074194364661,-0.4426686230715979,orange,0.3295,0.0654,0.066,41.8,-0.0167597765363128,0.0153284671532846,0.095238095238102,0.1904761904761872,1.4404331486646562,29949713.464406643,8.0,0.0321167883211679,0.0131386861313868,0.0,0.1007299270072992,0.1956204379562043,2.236496350364964,-0.0436300174520072,0.0192390673590546,-0.189301142079413,1,0.0,0.003618,0.0476190476190476,21.0,36.2,NEUTRAL,84.7,1,0,unknown,unknown,0.0,2.0,1.0,0,0,0,none,0.0,0.5,0,0.0,0.0,0.0,0.0,0,43.86,0,0,0,0.0,0.0,0,0,0,0.0,0.0
SOUN,2026-09-02 09:00:00-04:00,2026-09-02,10,0,6.85,6.93,6.765,6.9,True,False,37.59,-47.626923851359294,-47.66262365164992,0.4093630577841707,yellow,0.2857,0.0193,0.0651,34.3,-0.0072992700729926,0.0239130434782608,0.3030303030303072,0.8181818181818221,0.725500861536494,13779875.463629402,2.0,0.0043478260869564,0.0195652173913044,1.0,0.076768115942029,0.1869565217391303,2.213043478260869,-0.0389302876244863,0.0267704349637652,-0.1802840493967959,1,0.0403985507246376,0.0021625,0.0454545454545454,22.0,53.5,LAUNCH,103.3,1,0,unknown,unknown,0.0,2.0,1.0,0,0,0,none,0.0,0.5,0,0.0,0.0,0.0,0.0,0,63.52,0,1,0,0.024638,0.026087,0,0,0,0.024638,0.49276
SOUN,2026-09-02 14:00:00-04:00,2026-09-02,15,0,6.83,6.9,6.82,6.8601,True,False,19.44,-41.25871719746368,-41.86282729594716,0.0333865945197957,yellow,0.2857,0.0193,0.0651,34.3,-0.0072992700729926,0.0116616375854579,0.3762499999999998,0.5012499999999971,1.0151226020702704,20274567.5185065,7.0,0.0305972216148452,0.0204224428215332,2.0,0.0713983761169662,0.1938601478112563,2.231731315870032,-0.0444877777003969,0.0208330233181052,-0.1850241459807188,1,0.1075202985379225,0.003618,0.0434782608695652,23.0,35.0,NEUTRAL,88.4,1,0,unknown,unknown,0.0,2.0,1.0,0,0,0,none,0.0,0.5,0,0.0,0.0,0.0,0.0,0,55.53,0,0,0,0.002901,0.013134,0,0,0,0.002901,0.0580199999999999
PLTR,2026-08-07 06:00:00-04:00,2026-08-07,7,1,157.48,157.82,157.3884,157.44,False,True,67.17,9.317022071659402,9.4068127434657,0.4907876034656632,orange,0.4088,0.1829,0.0445,57.8,0.009616617515066,0.0027413617886179,0.0926784059313988,0.119555143651546,0.0034970652524138,3541847.47234944,1.0,0.0024136178861788,0.000327743902439,0.0,0.2512068089430894,0.0548780487804879,0.318089430894309,0.1857475315754988,0.1944411147510137,0.0335720536401838,1,0.0,0.0,0.0,0.0,0.0,NEUTRAL,49.8,0,0,unknown,unknown,2.0,6.0,4.0,0,0,1,earnings,0.0,0.5,0,0.0,0.0,0.0,0.0,0,0.85,0,0,1,0.095084,0.0,1,1,0,0.095084,1.0
PLTR,2026-08-07 09:00:00-04:00,2026-08-07,10,0,159.24,168.44,158.35,168.28,True,False,87.28,25.10607735587478,12.39020526558168,2.0,extended,0.4088,0.1829,0.0445,57.8,0.009616617515066,0.0599595911575945,0.8959365708622388,0.9841427155599608,2.065853228119252,2226405468.4061084,2.0,0.0009507962918944,0.0647230805799858,1.0,0.299441407178512,-0.0130734490135487,0.2331827905871167,0.2673881771692388,0.2766803276822954,0.1047351701382757,1,0.0,0.095084,1.0,1.0,5.0,EXTENSION,7.8,0,0,unknown,unknown,2.0,6.0,4.0,0,0,1,earnings,0.0,0.5,0,0.0,0.0,0.0,0.0,0,-14.79,0,0,0,0.024542,0.006299,0,0,0,0.024542,0.49084
PLTR,2026-08-10 09:00:00-04:00,2026-08-10,10,0,168.9,177.38,168.7,176.705,True,False,65.14,54.43725722500908,53.04100324647826,1.6453485241518642,green,0.4625,0.2972,0.0558,64.2,-0.0132222803651375,0.0491214170510172,0.8991935483870969,0.9222350230414766,2.126967740597036,2366145871.937497,2.0,0.0038199258651423,0.0453014911858749,3.0,0.3328428737160805,-0.0243060468011658,0.174386689680541,0.3085575911965526,0.3326108629976035,0.1604090408213389,1,0.0,0.059813,0.5,2.0,5.0,EXTENSION,72.2,0,0,unknown,unknown,2.0,6.0,4.0,0,0,1,earnings,0.0,0.5,0,0.0,0.0,0.0,0.0,0,2.0,0,0,0,0.016383,0.010781,0,0,0,0.016383,0.32766
PLTR,2026-08-11 10:00:00-04:00,2026-08-11,11,1,176.34,177.94,175.44,177.09,False,True,18.05,45.08821095975371,47.51754258657108,-0.024932517815151,yellow,0.5235,0.3152,0.0657,68.2,-0.0103869421298938,0.0141171155909424,0.3,0.6600000000000023,0.9681228420782284,1176402565.1904635,3.0,0.0047998193009204,0.025749618837879,3.0,0.3342932971935174,0.0141735840533061,0.1718335309729516,0.2898268358855774,0.3291213343900856,0.1631771570896728,1,0.0,0.024542,0.3333333333333333,3.0,30.0,NEUTRAL,117.6,0,0,unknown,unknown,2.0,6.0,4.0,0,0,1,earnings,0.0,0.5,0,0.0,0.0,0.0,0.0,0,71.78,1,1,0,0.000621,0.024677,0,0,0,0.000621,0.01242
PLTR,2026-08-12 13:00:00-04:00,2026-08-12,14,0,171.65,173.0,171.55,172.4633,False,True,40.58,-12.175265563490369,-10.343613103013125,0.0333299653211605,green,0.5235,0.3094,0.0784,68.2,-0.0156625128615525,0.0084075858458001,0.560896551724141,0.629862068965517,0.517647907692695,442805328.7287191,6.0,0.0152304867180437,0.0239082749779228,3.0,0.3164342790611104,0.0413809778660154,0.2032704929106656,0.2375513513707453,0.2908311278501631,0.1328081458684263,1,0.0,0.0204625,0.25,4.0,41.1,NEUTRAL,117.2,0,0,unknown,unknown,2.0,6.0,4.0,0,0,1,earnings,0.0,0.5,0,0.0,0.0,0.0,0.0,0,48.2,0,1,0,0.001488,0.013123,0,0,0,0.001488,0.0297599999999999
PLTR,2026-08-13 09:00:00-04:00,2026-08-13,10,0,171.67,176.355,171.67,175.94,True,False,77.79,-5.476268860616543,-13.613181111198866,1.8465805693457968,extended,0.5235,0.2782,0.0902,68.2,0.0022792355794517,0.0266283960441059,0.9114194236926378,0.9114194236926378,1.4308255237533762,1074367222.6091957,2.0,0.0023587586677275,0.0262589519154257,3.0,0.3299420256905763,0.0208025463226099,0.1794930089803342,0.2458354723928552,0.3148081444271235,0.1560029001914296,1,0.0,0.016383,0.2,5.0,5.0,EXTENSION,18.6,0,0,unknown,unknown,2.0,6.0,4.0,0,0,1,earnings,0.0,0.5,0,0.0,0.0,0.0,0.0,0,-26.11,0,0,0,0.022565,0.014835,0,0,0,0.022565,0.4513
PLTR,2026-08-17 11:00:00-04:00,2026-08-17,12,1,174.73,176.24,174.66,175.52,False,True,43.6,-3.266661707026542,-2.465548354087045,0.0231691543523241,green,0.5284,0.2893,0.1277,68.6,-0.0062061831973337,0.0090018231540565,0.500000000000009,0.5443037974683588,0.9623499718921692,555019037.7815361,4.0,0.0043015041020966,0.0183380811303555,4.0,0.3283386508659982,0.02654968094804,0.1823154056517775,0.2060411999945033,0.3002656536368473,0.1540303781139243,1,0.0,0.019474,0.1666666666666666,6.0,33.5,NEUTRAL,109.4,0,0,unknown,unknown,2.0,6.0,4.0,0,0,1,earnings,0.0,0.5,0,0.0,0.0,0.0,0.0,0,70.4,1,1,0,0.000427,0.018004,0,0,0,0.000427,0.00854
PLTR,2026-08-18 12:00:00-04:00,2026-08-18,13,1,172.24,173.4894,171.76,173.36,False,True,24.59,-37.51948178175406,-36.081789349381424,0.0525017021548067,green,0.5284,0.2724,0.1454,68.6,-0.0052155771905424,0.0099757729580064,0.6476234532207735,0.9251763617439716,0.7004692674061697,338711143.6948703,5.0,0.0093447161975079,0.0158629441624365,2.0,0.3199700046146747,0.0393401015228426,0.1970466082141208,0.175967819616196,0.2784208228617278,0.140467791784369,1,0.0,0.016383,0.1428571428571428,7.0,36.2,NEUTRAL,98.5,0,0,unknown,unknown,2.0,6.0,4.0,0,0,1,earnings,0.0,0.5,0,0.0,0.0,0.0,0.0,0,64.6,1,1,0,0.003548,0.012546,0,0,0,0.003548,0.07096
PLTR,2026-08-18 13:00:00-04:00,2026-08-18,14,0,173.36,173.3904,172.5136,173.01,True,False,23.01,-35.397125944316294,-36.77346485486402,0.0354177657526646,red,0.5284,0.2724,0.1454,68.6,-0.0052155771905424,0.0050679151494133,0.3991788321168129,0.5661496350364879,0.6717960525630094,305756932.9839596,6.0,0.0113866250505751,0.013872030518467,0.0,0.3185943009074619,0.0414426911739206,0.1994682388301255,0.1735936344704548,0.2758397932816538,0.1381652783607156,1,0.0,0.0099655,0.125,8.0,41.2,NEUTRAL,124.2,0,0,unknown,unknown,1.0,2.0,1.5,0,0,0,none,0.0,0.5,0,0.0,0.0,0.0,0.0,0,40.27,0,1,0,0.005578,0.010549,0,0,0,0.005578,0.1115599999999999
PLTR,2026-08-19 09:00:00-04:00,2026-08-19,10,0,171.11,176.53,170.77,171.31,False,True,34.16,-39.49666382531528,-38.96344879065413,-0.4574677974544213,orange,0.5284,0.2583,0.1479,68.6,-0.0034965034965034,0.033623256085459,0.0347222222222203,0.0937499999999987,2.0822974112483053,973494987.700415,2.0,0.0304710758274473,0.0058957445566516,1.0,0.3118323507092406,0.0517774794232677,0.2113711984122351,0.1469373271827695,0.2566293783238583,0.1279934444558209,1,0.0,0.005578,0.1111111111111111,9.0,52.9,LAUNCH,125.7,0,0,unknown,unknown,1.0,2.0,1.5,0,0,0,none,0.0,0.5,0,0.0,0.0,0.0,0.0,0,46.5,0,1,0,0.032164,0.008987,1,0,0,0.032164,0.64328
PLTR,2026-08-19 10:00:00-04:00,2026-08-19,11,1,171.31,173.58,169.7705,173.4,True,False,52.27,-38.17790881998628,-40.27060653181542,0.4155529231532188,green,0.5284,0.2583,0.1479,68.6,-0.0034965034965034,0.0219694348327567,0.5486284289276797,0.9527497046856528,1.6550943617644398,816207067.4476628,3.0,0.0180507497116493,0.0209313725490196,2.0,0.3201268742791234,0.0391003460207612,0.1967704728950403,0.1609300830861726,0.27196038877682,0.1417550829994709,1,0.0,0.0109805,0.1,10.0,35.0,NEUTRAL,109.1,0,0,unknown,unknown,1.0,2.0,1.5,0,0,0,none,0.0,0.5,0,0.0,0.0,0.0,0.0,0,64.27,1,1,0,0.019723,0.003864,0,0,0,0.019723,0.39446
PLTR,2026-08-21 06:00:00-04:00,2026-08-21,7,1,175.29,175.29,174.71,174.8602,False,True,28.8,18.81020728356084,20.875037840904973,-0.0623831352524262,red,0.5284,0.2612,0.163,68.6,0.0078482104355324,0.0033169354718797,0.7410344827586414,0.2589655172413587,0.0057086437985179,2790034.836069702,1.0,0.0024579635617481,0.0008589719101315,0.0,0.3258042710691169,0.0304231609022522,0.1867766364215528,0.132341903920064,0.2676797847136233,0.1531111742715248,1,0.0,0.016383,0.0909090909090909,11.0,39.5,NEUTRAL,109.2,0,0,unknown,unknown,1.0,2.0,1.5,0,0,0,none,0.0,0.5,0,0.0,0.0,0.0,0.0,0,58.32,1,1,0,0.043348,0.013212,1,0,0,0.043348,0.86696
PLTR,2026-08-21 10:00:00-04:00,2026-08-21,11,1,173.61,176.76,172.995,176.64,True,False,69.48,15.193310092063305,14.92129643260644,0.7547535721212075,green,0.5284,0.2612,0.163,68.6,0.0078482104355324,0.0213145380434781,0.8047808764940195,0.9681274900398392,1.1348406932934365,590215284.1767936,3.0,0.0006793478260869,0.0231544384057969,1.0,0.3325973731884057,0.0200407608695653,0.1748188405797102,0.1438673517955492,0.2805827579507196,0.164848020437596,1,0.0,0.018053,0.0833333333333333,12.0,5.0,EXTENSION,75.7,0,0,unknown,unknown,1.0,2.0,1.5,0,0,0,none,0.0,0.5,0,0.0,0.0,0.0,0.0,0,19.94,0,0,0,0.032835,0.002491,1,0,0,0.032835,0.6567000000000001
PLTR,2026-08-24 13:00:00-04:00,2026-08-24,14,0,177.79,178.38,177.21,177.5298,False,True,28.3,23.641302245515284,24.77412941020117,-0.2815307018930351,orange,0.5475,0.2952,0.1647,69.8,-0.0041124819384239,0.0065904428439619,0.2223931623931626,0.2733333333333247,0.6379063859302488,374942167.1764124,6.0,0.0096333122664477,0.0350352447870723,0.0,0.3359424727566865,0.0276584550875402,0.1689305119478533,0.1287894731822385,0.2778197648054655,0.1717682281680119,1,0.0,0.019723,0.0769230769230769,13.0,38.2,NEUTRAL,113.3,0,0,unknown,unknown,1.0,2.0,1.5,0,0,0,none,0.0,0.5,0,0.0,0.0,0.0,0.0,0,37.37,0,1,0,0.006873,0.009687,0,0,0,0.006873,0.13746
PLTR,2026-08-25 09:00:00-04:00,2026-08-25,10,0,175.3621,179.87,174.5,177.81,False,True,63.63,12.070777873582848,14.929100921251312,0.4896657133026481,yellow,0.5475,0.2579,0.1617,69.8,0.0056002501634591,0.0302007761093302,0.4558472998137806,0.616387337057728,1.161413502696133,710414491.2895273,2.0,0.0115854001462235,0.0186153759631067,1.0,0.3369889207581126,0.0260390304257353,0.1670884652156797,0.1148486605953257,0.2716337214291844,0.174193109564612,1,0.0,0.018053,0.0714285714285714,14.0,20.0,NEUTRAL,100.1,0,0,unknown,unknown,1.0,2.0,1.5,0,0,0,none,0.0,0.5,0,0.0,0.0,0.0,0.0,0,6.47,0,0,0,0.001968,0.031548,0,0,0,0.001968,0.03936
PLTR,2026-08-26 10:00:00-04:00,2026-08-26,11,1,173.26,176.24,172.28,174.82,True,False,29.7,-39.79163040973621,-41.74184077456957,0.0746329966799997,yellow,0.5252,0.2274,0.1621,68.3,-0.0113478462251042,0.0226518704953667,0.3939393939393937,0.6414141414141381,1.524856260013207,823829332.5778303,3.0,0.0081226404301568,0.0338634023567096,3.0,0.3157533462990504,0.0435876901956298,0.1870495366662854,0.079452308547259,0.24230046588044,0.1550267647490218,1,0.0,0.016383,0.0666666666666666,15.0,46.8,NEUTRAL,132.2,0,0,unknown,unknown,1.0,2.0,1.5,0,0,0,none,0.0,0.5,0,0.0,0.0,0.0,0.0,0,81.36,1,1,0,0.020993,0.006178,0,0,0,0.020993,0.41986
PLTR,2026-08-28 11:00:00-04:00,2026-08-28,12,1,186.52,188.37,186.14,186.27,True,False,34.35,46.45035315737103,45.900275455755065,0.1893363898477163,orange,0.5621,0.3036,0.1702,70.8,-0.0080688542227003,0.0119718687926129,0.1121076233183847,0.0582959641255707,1.3840764474477,845332789.4540166,4.0,0.0112739571589627,0.0121329253234553,0.0,0.3578139260213668,0.0031674451065657,0.1140817093466473,0.1096681182645166,0.3059463431118639,0.2302516279682619,1,0.0,0.018053,0.0625,16.0,58.4,LAUNCH,133.3,0,0,unknown,unknown,1.0,5.0,3.0,0,0,1,contract,0.0,0.5,0,0.0,0.0,0.0,0.0,0,66.75,1,1,0,0.005261,0.005154,0,0,0,0.005261,0.10522
PLTR,2026-08-31 11:00:00-04:00,2026-08-31,12,1,185.5,186.4255,185.44,185.91,False,True,27.8,28.052468401022377,29.01367860571032,-0.0259835318297826,yellow,0.5233,0.296,0.1751,68.2,-0.0142803457346861,0.005300952073584,0.4160324708269871,0.4769152714358173,0.8626489214906389,511822539.2541039,4.0,0.0055403152062826,0.0144268732182238,5.0,0.3348571889624011,0.0132322091334517,0.1162390403958905,0.0870499495680394,0.2933283430287158,0.2281708340641513,1,0.0,0.016383,0.0588235294117647,17.0,37.0,NEUTRAL,122.6,0,0,unknown,unknown,1.0,5.0,3.0,0,0,1,contract,0.0,0.5,0,0.0,0.0,0.0,0.0,0,72.24,1,1,0,0.010919,0.002582,0,0,0,0.010919,0.21838
PLTR,2026-08-31 12:00:00-04:00,2026-08-31,13,1,185.95,187.94,185.75,186.635,True,False,46.1,32.577846404719224,29.10156494387189,0.2953749418412736,yellow,0.5233,0.296,0.1751,68.2,-0.0142803457346861,0.0117341334690706,0.3127853881278552,0.4041095890410922,1.0728830143051489,675072479.8988341,5.0,0.0069922576151311,0.0182554183298951,6.0,0.3374409944544163,0.0092962198944464,0.1119029121011601,0.091289157859346,0.2983719826860544,0.232960376609988,1,0.0,0.013651,0.0555555555555555,18.0,41.2,NEUTRAL,104.7,0,0,unknown,unknown,1.0,5.0,3.0,0,0,1,contract,0.0,0.5,0,0.0,0.0,0.0,0.0,0,66.97,1,1,0,0.006081,0.006456,0,0,0,0.006081,0.1216199999999999
SMCI,2026-06-08 06:00:00-04:00,2026-06-08,7,1,42.8,45.18,42.49,43.68,True,False,48.88,-45.62076521950622,-49.51096307565381,0.6121452419958583,yellow,0.7444,0.3456,0.2313,83.0,0.027981265761979,0.061584249084249,0.3271375464684027,0.4423791821561333,0.1636194381263374,31232545.994002078,1.0,0.0343406593406593,0.0272435897435896,1.0,0.3254349816849817,0.1767399267399267,0.42760989010989,0.153495741731036,0.4115183516774705,0.2127530646794694,1,0.0,0.0,0.0,0.0,41.2,NEUTRAL,123.7,1,0,unknown,unknown,0.0,1.0,0.5,0,0,0,none,0.0,0.5,0,0.0,0.0,0.0,0.0,0,65.57,1,1,0,0.024153,0.034341,0,0,0,0.024153,0.48306
SMCI,2026-06-09 15:00:00-04:00,2026-06-09,16,0,40.345,40.645,39.77,40.62,False,True,17.93,-43.08393306693751,-41.757589651296215,-0.3641085883522676,yellow,0.7444,0.4018,0.2323,83.0,0.022449397316352,0.0215411127523387,0.3142857142857126,0.971428571428565,1.0982676195912322,192357899.69658703,8.0,0.1068439192516002,0.0635155096011816,3.0,0.2746184145741014,0.2653865091088134,0.5351550960118169,0.0606159510163583,0.2944138172779705,0.1275776996665426,1,0.0,0.024153,0.0,1.0,30.0,NEUTRAL,132.4,1,0,unknown,unknown,0.0,1.0,0.5,0,0,0,none,0.0,0.5,0,0.0,0.0,0.0,0.0,0,56.5,0,0,0,0.0,0.0,0,0,0,0.0,0.0
SMCI,2026-08-12 06:00:00-04:00,2026-08-12,7,1,34.35,34.77,34.32,34.3356,True,False,70.05,21.74415914445184,8.702793212745481,2.0,orange,0.428,0.0074,0.0332,39.2,0.084280303030303,0.0131059308705833,0.0320000000000041,0.0346666666666646,0.0559246930495012,11413086.72383473,1.0,0.0126515919337365,0.0004543389368468,0.0,0.3190740805461387,-0.0276680762823426,0.7119258146064144,0.2021216630196936,0.094564094717111,0.0739968892638941,1,0.0,0.0120765,0.0,2.0,5.0,EXTENSION,37.1,1,0,unknown,unknown,0.0,1.0,0.5,0,0,0,none,0.0,0.5,0,0.0,0.0,0.0,0.0,0,-15.7,0,0,1,0.111092,0.011519,1,1,0,0.111092,1.0
SMCI,2026-08-14 13:00:00-04:00,2026-08-14,14,0,39.54,40.23,39.3744,40.12,False,True,42.89,39.68676834710573,42.56509904273433,0.397837816797234,green,0.8097,0.2647,0.0858,87.3,0.0094484167517876,0.0213260219341972,0.6778868630201045,0.8714352501168771,0.4080800531047241,209750417.99049184,6.0,0.0119641076769691,0.0346460618145563,2.0,0.4172482552342971,0.0545862412761716,0.4651046859421736,0.3452929834856232,0.2957149685437095,0.2587565073271896,1,0.0,0.024153,0.3333333333333333,3.0,35.3,NEUTRAL,130.0,1,0,unknown,unknown,0.0,1.0,0.5,0,0,0,none,0.0,0.5,0,0.0,0.0,0.0,0.0,0,36.1,0,1,0,0.006356,0.01346,0,0,0,0.006356,0.1271199999999999
SMCI,2026-08-18 12:00:00-04:00,2026-08-18,13,1,36.74,37.57,36.48,37.405,False,True,24.44,-37.32929090470133,-33.723170190760904,-0.1738009108625931,green,0.739,0.2494,0.1352,82.6,-0.0390594382756367,0.0291404892394065,0.6100917431192634,0.8486238532110104,0.6630136614399319,160076498.14509276,5.0,0.0201844673172034,0.0316802566501805,2.0,0.3495521989038899,0.1311322015773292,0.5714476674241411,0.193979826353422,0.2208057546443167,0.1783449773852586,1,0.0,0.0152545,0.25,4.0,36.2,NEUTRAL,110.4,1,0,unknown,unknown,0.0,1.0,0.5,0,0,0,none,0.0,0.5,0,0.0,0.0,0.0,0.0,0,71.95,1,1,0,0.016308,0.008555,0,0,0,0.016308,0.3261599999999999
SMCI,2026-08-18 13:00:00-04:00,2026-08-18,14,0,37.4,38.015,37.2,37.205,True,False,23.44,-34.65298617606731,-35.55134320945335,-0.2465909458320345,orange,0.739,0.2494,0.1352,82.6,-0.0390594382756367,0.0219056578416878,0.2392638036809826,0.0061349693251478,0.9380122853889048,217115693.1373765,6.0,0.0256685929310576,0.026474936164494,0.0,0.3460556376831071,0.1372127402230884,0.5798951753796534,0.1875957609805925,0.2142782542853041,0.1720445096542854,1,0.0,0.016308,0.2,5.0,41.2,NEUTRAL,130.1,1,0,unknown,unknown,0.0,1.0,0.5,0,0,0,none,0.0,0.5,0,0.0,0.0,0.0,0.0,0,45.05,0,1,0,0.01223,0.003225,0,0,0,0.01223,0.2445999999999999
SMCI,2026-08-19 11:00:00-04:00,2026-08-19,12,1,36.84,37.5,36.58,37.229,True,False,35.92,-38.47026159710568,-38.822210829107874,0.2571274387946989,yellow,0.6476,0.2243,0.1455,76.5,-0.016305800588078,0.0247119181283408,0.4228260869565163,0.7054347826086953,0.7503155628369537,154146646.234403,4.0,0.0072792715356308,0.0405329178865937,2.0,0.3102151548524,0.1364796260979345,0.5788766821563835,0.1661941829686595,0.2184257895598101,0.1756300471069897,1,0.0,0.014269,0.1666666666666666,6.0,57.7,LAUNCH,150.0,1,0,unknown,unknown,0.0,1.0,0.5,0,0,0,none,0.0,0.5,0,0.0,0.0,0.0,0.0,0,90.4,1,1,0,0.012249,0.021623,0,0,0,0.012249,0.2449799999999999
SMCI,2026-08-20 09:00:00-04:00,2026-08-20,10,0,36.43,38.74,36.4,36.97,True,False,46.88,-24.022769461634397,-28.836428962599875,0.0850489302516966,orange,0.6476,0.203,0.1518,76.5,0.0090237899917965,0.0632945631593184,0.23076923076923,0.2435897435897433,2.500440593101377,474540160.2805743,2.0,0.0478766567487152,0.0154179064106032,1.0,0.3053827427644036,0.1444414390045984,0.5899377873951853,0.1472637279088892,0.2158464553981347,0.1699987261983032,1,0.0,0.012249,0.1428571428571428,7.0,41.2,NEUTRAL,119.3,1,0,unknown,unknown,0.0,1.0,0.5,0,0,0,none,0.0,0.5,0,0.0,0.0,0.0,0.0,0,49.42,0,1,0,0.014282,0.037544,0,0,0,0.014282,0.2856399999999999
SMCI,2026-08-20 13:00:00-04:00,2026-08-20,14,0,35.92,37.2,35.755,37.131,False,True,49.61,-40.68316462082937,-38.00994907910187,0.4750435106651569,green,0.6476,0.203,0.1518,76.5,0.0090237899917965,0.0389162694244701,0.8380622837370231,0.952249134948095,0.9492696359067284,180896468.4568936,6.0,0.0433330640165899,0.0417171635560582,1.0,0.3083946028924618,0.139479141418222,0.5830438178341548,0.1522599264534749,0.2211413236512886,0.1750939329853719,1,0.0,0.0132655,0.125,8.0,36.2,NEUTRAL,118.8,1,0,unknown,unknown,0.0,0.0,0.0,0,0,0,none,0.0,0.5,0,0.0,0.0,0.0,0.0,0,46.67,0,1,0,0.0,0.0213,0,0,0,0.0,0.0
SMCI,2026-08-20 14:00:00-04:00,2026-08-20,15,0,37.13,37.13,36.365,36.975,True,False,40.39,-34.808629029642326,-39.65646961053154,0.330110039279142,orange,0.6476,0.203,0.1518,76.5,0.0090237899917965,0.0206896551724138,0.2026143790849686,0.7973856209150313,0.9443293798769694,174568089.8161414,7.0,0.047734956051386,0.0376741041244084,0.0,0.3054766734279919,0.1442866801893171,0.5897227856659905,0.1474188893543733,0.2160108923004066,0.1701569624339265,1,0.0,0.012249,0.1111111111111111,9.0,46.5,NEUTRAL,125.9,1,0,unknown,unknown,0.0,0.0,0.0,0,0,0,none,0.0,0.5,0,0.0,0.0,0.0,0.0,0,50.48,0,0,0,0.001623,0.017171,0,0,0,0.001623,0.03246
SMCI,2026-08-24 14:00:00-04:00,2026-08-24,15,0,35.095,35.755,35.0501,35.325,False,True,17.06,-39.43328723011999,-38.4869772635802,-0.3463993841214956,yellow,0.6476,0.2216,0.1658,76.5,-0.0186602228487045,0.0199547062986554,0.3262874166548493,0.3899843949496404,0.6095559849369551,96263118.71831948,7.0,0.0389242745930644,0.0349610757254069,1.0,0.2730360934182591,0.1977353149327671,0.6639773531493276,0.0754570502184402,0.158827427386709,0.1230873536230895,1,0.0,0.0122395,0.1,10.0,30.0,NEUTRAL,126.1,1,0,unknown,unknown,0.0,0.0,0.0,0,0,0,none,0.0,0.5,0,0.0,0.0,0.0,0.0,0,51.42,0,0,0,0.005379,0.010757,0,0,0,0.005379,0.10758
SMCI,2026-08-25 06:00:00-04:00,2026-08-25,7,1,36.03,36.04,35.83,35.95,True,False,52.47,-33.722505685031095,-38.27005947704639,0.7653817838555087,red,0.6476,0.1513,0.1674,71.6,0.0251813913785744,0.0058414464534075,0.3809523809523713,0.5714285714285907,0.0096999371690748,1512581.3536142,1.0,0.0025034770514602,0.0033379694019472,0.0,0.2856745479833102,0.1769123783031988,0.635048678720445,0.0856271421884673,0.1768595690631608,0.1451843722948205,1,0.0,0.01223,0.0909090909090909,11.0,35.0,NEUTRAL,103.6,1,0,unknown,unknown,0.0,0.0,0.0,0,0,0,none,0.0,0.5,0,0.0,0.0,0.0,0.0,0,61.68,1,1,1,0.073713,0.000423,1,1,0,0.073713,1.0
SMCI,2026-08-27 06:00:00-04:00,2026-08-27,7,1,38.89,38.96,38.78,38.89,True,False,67.1,18.56298576000763,14.062050841075878,1.4204068241211556,orange,0.5876,0.2125,0.1753,72.5,0.0392838054516301,0.0046284391874517,0.0,0.6111111111111089,0.0109504840948888,1752074.0113050195,1.0,0.0017999485728979,0.0028284906145538,0.0,0.3147312933916174,0.0879403445615839,0.5114425302134225,0.1371511279404669,0.2610982482764882,0.2401246821164069,1,0.0,0.0122395,0.1666666666666666,12.0,5.0,EXTENSION,67.6,1,0,unknown,unknown,0.0,0.0,0.0,0,0,0,none,0.0,0.5,0,0.0,0.0,0.0,0.0,0,4.67,0,0,0,0.014914,0.036256,0,0,0,0.014914,0.29828
SMCI,2026-08-27 12:00:00-04:00,2026-08-27,13,1,37.885,38.81,37.885,38.695,True,False,60.99,23.61833147250749,22.91620485601633,0.7857459048693114,green,0.5876,0.2125,0.1753,72.5,0.0392838054516301,0.0239048972735496,0.8756756756756741,0.8756756756756741,0.7923060515301282,147089751.9069226,5.0,0.0200284274454063,0.0313994056079597,1.0,0.3112779428866779,0.0934229228582504,0.5190593099883706,0.131449290194301,0.2547749220123094,0.2339065203007037,1,0.0,0.012249,0.1538461538461538,13.0,25.0,NEUTRAL,86.1,1,0,unknown,unknown,0.0,0.0,0.0,0,0,0,none,0.0,0.5,0,0.0,0.0,0.0,0.0,0,28.07,0,0,0,0.005556,0.017703,0,0,0,0.005556,0.11112
SMCI,2026-08-28 09:00:00-04:00,2026-08-28,10,0,37.93,38.97,37.8163,38.04,False,True,27.43,18.4270954462429,21.49853593400426,-0.4060089302340441,orange,0.5549,0.2397,0.1648,70.3,-0.0170328955922507,0.0303286014721346,0.0953454104186524,0.1938978937332068,1.0509419463212013,158879468.4094281,2.0,0.0244479495268138,0.0073606729758149,3.0,0.2847003154574132,0.1122502628811777,0.5452155625657203,0.0951174573929063,0.2261870225316697,0.2132713514547932,1,0.0,0.0122395,0.1428571428571428,14.0,36.1,NEUTRAL,111.9,1,0,unknown,unknown,0.0,0.0,0.0,0,0,0,none,0.0,0.5,0,0.0,0.0,0.0,0.0,0,44.37,0,1,0,0.014196,0.030757,0,0,0,0.014196,0.28392
SMCI,2026-08-31 10:00:00-04:00,2026-08-31,11,1,37.4,37.55,37.1,37.36,True,False,20.24,-33.90171002267662,-34.09543809907981,-0.2052733200339999,orange,0.5419,0.1881,0.1491,68.3,-0.0210355987055016,0.0120449678800855,0.0888888888888878,0.5777777777777788,0.929881635099262,133486485.84412128,3.0,0.0050856531049249,0.0331905781584583,0.0,0.2655246252676659,0.1324946466809422,0.5733404710920772,0.0622689792436735,0.1970905828446922,0.1921742820947294,1,0.0,0.012249,0.1333333333333333,15.0,41.2,NEUTRAL,116.5,1,0,unknown,unknown,0.0,0.0,0.0,0,0,0,none,0.0,0.5,0,0.0,0.0,0.0,0.0,0,66.74,1,1,0,0.006156,0.006692,0,0,0,0.006156,0.12312
SMCI,2026-09-01 11:00:00-04:00,2026-09-01,12,1,36.25,37.15,36.21,36.825,False,True,13.03,-50.16109367501697,-46.88563192669987,-0.0515944928500399,green,0.4555,0.1895,0.1364,62.7,-0.015557939914163,0.0255261371350983,0.611702127659579,0.6542553191489399,0.9443647260290996,100692709.74786323,4.0,0.0088255261371349,0.0300067888662594,2.0,0.2105906313645621,0.148947725729803,0.5961982348947725,0.0343520026964776,0.1749634668521509,0.1753909990424514,1,0.0,0.0122395,0.125,16.0,30.0,NEUTRAL,106.1,1,0,unknown,unknown,0.0,1.0,0.5,0,0,0,earnings,0.0,0.5,0,0.0,0.0,0.0,0.0,0,72.11,1,1,0,0.00611,0.018737,0,0,0,0.00611,0.1221999999999999
SMCI,2026-09-01 12:00:00-04:00,2026-09-01,13,1,36.825,36.885,36.42,36.585,True,False,11.45,-48.56428370019631,-49.95925636437158,-0.2664015299474489,red,0.4555,0.1895,0.1364,62.7,-0.015557939914163,0.0127101271012709,0.5161290322580729,0.3548387096774203,0.7721561921720358,85047231.98023634,5.0,0.0154434877682109,0.023643569769031,0.0,0.2054120541205412,0.1564848981823152,0.6066694000273336,0.0276108083815515,0.1673058638095299,0.1677306096393234,1,0.0,0.01223,0.1176470588235294,17.0,35.0,NEUTRAL,97.2,1,0,unknown,unknown,0.0,1.0,0.5,0,0,0,earnings,0.0,0.5,0,0.0,0.0,0.0,0.0,0,75.65,1,1,0,0.01271,0.0123,0,0,0,0.01271,0.2542
SMCI,2026-09-01 15:00:00-04:00,2026-09-01,16,0,36.545,37.05,36.545,36.71,True,False,35.19,-43.53355669816685,-47.82775236970601,0.1553329491160958,yellow,0.4555,0.1895,0.1364,62.7,-0.015557939914163,0.0137564696268045,0.3267326732673279,0.3267326732673279,1.8873916986053765,191071646.0053377,8.0,0.0119858349223644,0.0269681285753201,2.0,0.2081176791065105,0.1525469899210025,0.6011985834922364,0.0311218470872422,0.1712941987275616,0.1717203957867859,1,0.0,0.0122395,0.1111111111111111,18.0,59.5,LAUNCH,138.2,1,0,unknown,unknown,0.0,1.0,0.5,0,0,0,earnings,0.0,0.5,0,0.0,0.0,0.0,0.0,0,70.8,0,0,0,0.0,0.0,0,0,0,0.0,0.0
SMCI,2026-09-02 12:00:00-04:00,2026-09-02,13,1,36.395,36.517,36.26,36.335,False,True,15.77,-45.90597548194636,-42.46814967365343,0.0017871488621848,orange,0.4426,0.1704,0.1231,59.9,0.0024516480523017,0.0070730700426587,0.2334630350194595,0.2918287937743244,0.6840406726450006,77264378.25768052,5.0,0.0425209852759048,0.019402779689005,0.0,0.1927893215907528,0.1644419980734829,0.6177239576166231,0.0134437843416171,0.1584051724137931,0.1599731835014686,1,0.0,0.01223,0.1052631578947368,19.0,30.0,NEUTRAL,83.1,1,0,unknown,unknown,0.0,1.0,0.5,0,0,0,earnings,0.0,0.5,0,0.0,0.0,0.0,0.0,0,65.85,1,1,0,0.021329,0.003437,0,0,0,0.021329,0.42658
SMCI,2026-09-02 13:00:00-04:00,2026-09-02,14,0,36.3399,36.5699,36.2101,36.395,True,False,23.0,-43.88531464601031,-45.12883001671391,0.1543314606063567,orange,0.4426,0.1704,0.1231,59.9,0.0024516480523017,0.0098859733479873,0.1531406336853892,0.5138966092273655,0.6195463899337968,66073361.072696365,6.0,0.0408023080093419,0.0210193707926913,1.0,0.1941200714383845,0.1625223244951229,0.6150570133260063,0.0151172844671297,0.1603180473372782,0.1618886476822885,1,0.0,0.0122395,0.1,20.0,41.2,NEUTRAL,107.5,1,0,unknown,unknown,0.0,1.0,0.5,0,0,0,earnings,0.0,0.5,0,0.0,0.0,0.0,0.0,0,43.27,0,1,0,0.019646,0.001511,0,0,0,0.019646,0.39292
MARA,2026-06-10 09:00:00-04:00,2026-06-10,10,0,13.16,13.6,13.08,13.33,False,True,37.95,-6.756120397805265,-5.845845653199502,-0.140573295717679,yellow,0.3283,0.1203,0.0712,47.2,-0.0206844678450545,0.0390097524381094,0.326923076923077,0.4807692307692311,1.0265013819030857,61353645.728472784,2.0,0.0202550637659414,0.0277569392348086,1.0,0.1350337584396099,0.1489122280570142,0.7591897974493623,-0.0117507506394334,0.1220066495517865,0.0572002434812262,1,0.0,0.0,0.0,0.0,47.6,NEUTRAL,110.2,1,0,unknown,unknown,0.0,0.0,0.0,0,0,0,none,0.0,0.5,0,0.0,0.0,0.0,0.0,0,59.67,0,1,0,0.013128,0.053263,0,0,1,0.013128,-1.0
MARA,2026-06-11 06:00:00-04:00,2026-06-11,7,1,12.97,13.02,12.955,12.96,False,True,23.28,-28.677764597261323,-27.7091991597166,-0.1103573569581018,orange,0.3283,0.0537,0.0569,40.6,0.0269200316706254,0.0050154320987653,0.1538461538461517,0.0769230769230895,0.005180770086178,300238.39340496,1.0,0.0046296296296295,0.0003858024691358,0.0,0.1103395061728396,0.1817129629629628,0.8094135802469135,-0.0388252308376902,0.0820739751189782,0.0293536556549918,1,0.0,0.013128,0.0,1.0,36.2,NEUTRAL,74.8,1,0,unknown,unknown,0.0,0.0,0.0,0,0,0,none,0.0,0.5,0,0.0,0.0,0.0,0.0,0,53.24,1,1,1,0.055556,0.03534,1,1,0,0.055556,1.0
MARA,2026-06-11 10:00:00-04:00,2026-06-11,11,1,12.955,13.05,12.7501,12.809,True,False,22.51,-30.10965970324752,-30.19318392760004,-0.3437716287207104,red,0.3283,0.0537,0.0569,40.6,0.0269200316706254,0.0234132250761184,0.4868289429809947,0.1963987995998643,1.02168345382056,59065864.24778631,3.0,0.0188148957764073,0.0239675228355061,0.0,0.0998516667967835,0.1956436880318526,0.8307440081192912,-0.0500241035339487,0.0694664774150455,0.0173604147596288,1,0.0,0.034342,0.5,2.0,41.2,NEUTRAL,96.3,1,0,unknown,unknown,0.0,0.0,0.0,0,0,0,none,0.0,0.5,0,0.0,0.0,0.0,0.0,0,86.44,1,1,1,0.067999,0.007721,1,1,0,0.067999,1.0
MARA,2026-06-16 09:00:00-04:00,2026-06-16,10,0,14.59,15.18,14.51,15.15,False,True,49.86,48.63237262087267,50.66874877795793,0.7378673775055822,green,0.3283,0.1878,0.0349,51.0,0.001024940211821,0.0442244224422442,0.8358208955223889,0.955223880597016,1.2006503404256548,77383210.64655615,2.0,0.0019801980198019,0.0422442244224422,2.0,0.238943894389439,0.0108910891089108,0.5478547854785478,0.1077800526469729,0.2291690330536938,0.20557428903942,1,0.0,0.055556,0.6666666666666666,3.0,36.2,NEUTRAL,93.2,1,0,unknown,unknown,0.0,0.0,0.0,0,0,0,none,0.0,0.5,0,0.0,0.0,0.0,0.0,0,44.77,0,1,0,0.007261,0.050165,0,0,1,0.007261,-1.0
MARA,2026-06-18 12:00:00-04:00,2026-06-18,13,1,14.03,14.168,14.0299,14.085,False,True,17.1,-41.48166966726527,-39.92201438852625,-0.2582712987096996,yellow,0.2935,0.1104,0.0324,40.4,0.0208333333333333,0.0098047568335108,0.3982621288921189,0.3989862418537392,0.8007352125182543,46238536.47417864,5.0,0.0216542421015264,0.0266240681576144,1.0,0.1593894213702521,0.0873269435569754,0.6648917287894922,0.0160871447121625,0.1235641352903638,0.1224337327794879,1,0.0,0.034342,0.5,4.0,30.0,NEUTRAL,76.5,1,0,unknown,unknown,0.0,0.0,0.0,0,0,0,none,0.0,0.5,0,0.0,0.0,0.0,0.0,0,78.31,1,1,0,0.013845,0.015939,0,0,0,0.013845,0.2769
MARA,2026-06-18 15:00:00-04:00,2026-06-18,16,0,13.955,14.28,13.8605,14.225,True,False,43.29,-39.27713424681885,-41.1995759925149,0.3624941728111636,green,0.2935,0.1104,0.0324,40.4,0.0208333333333333,0.0294903339191563,0.6436233611442194,0.8688915375446965,1.3640455682802517,74239229.61557522,8.0,0.0115992970123023,0.0362038664323373,1.0,0.1676625659050966,0.0766256590509666,0.648506151142355,0.0261866974462556,0.1347319719208679,0.1335903336022871,1,0.0,0.013845,0.4,5.0,39.3,NEUTRAL,87.0,1,0,unknown,unknown,0.0,0.0,0.0,0,0,0,none,0.0,0.5,0,0.0,0.0,0.0,0.0,0,49.57,0,0,0,0.0,0.0,0,0,0,0.0,0.0
MARA,2026-06-23 10:00:00-04:00,2026-06-23,11,1,14.93,15.48,14.58,14.7,False,True,47.5,2.9236938481055645,6.117204604896237,-1.4035589540010671,red,0.3877,0.1662,0.0394,53.7,-0.0309764309764309,0.0612244897959183,0.2555555555555559,0.1333333333333324,1.6384470604723684,133611562.32343084,3.0,0.053061224489796,0.0486394557823129,0.0,0.1945578231292516,0.117687074829932,0.5952380952380952,0.0514645398948534,0.1543898225223808,0.1727889039809003,1,0.0,0.0134865,0.3333333333333333,6.0,36.2,NEUTRAL,99.4,1,0,unknown,unknown,0.0,0.0,0.0,0,0,0,none,0.0,0.5,0,0.0,0.0,0.0,0.0,0,76.43,1,1,0,0.032653,0.014966,1,0,0,0.032653,0.65306
MARA,2026-06-23 12:00:00-04:00,2026-06-23,13,1,14.8,15.005,14.715,14.75,False,True,40.75,0.3771482971519881,1.0777349029950316,-0.469651197828451,orange,0.3877,0.1662,0.0394,53.7,-0.0309764309764309,0.0196610169491526,0.1724137931034501,0.1206896551724139,0.7306863525911969,60233978.57457551,5.0,0.0494915254237288,0.051864406779661,0.0,0.1972881355932203,0.1138983050847457,0.5898305084745762,0.0550409498944958,0.1583163185173549,0.1767779818855973,1,0.0,0.013845,0.2857142857142857,7.0,40.6,NEUTRAL,82.6,1,0,unknown,unknown,0.0,0.0,0.0,0,0,0,none,0.0,0.5,0,0.0,0.0,0.0,0.0,0,71.11,1,1,0,0.029153,0.00678,0,0,0,0.029153,0.5830599999999999
MARA,2026-06-23 13:00:00-04:00,2026-06-23,14,0,14.75,15.18,14.67,14.811,True,False,40.6,2.510990100356957,1.4443826096700114,-0.1398828677175989,orange,0.3877,0.1662,0.0394,53.7,-0.0309764309764309,0.0344338667206805,0.1196078431372548,0.2764705882352942,0.8516660039616887,70779761.54521573,6.0,0.0451691310512457,0.0557693606103572,1.0,0.200594152994396,0.1093106474917291,0.5832826952940382,0.0594041700940595,0.1631066436312233,0.1816446569293275,1,0.0,0.0214989999999999,0.25,8.0,46.0,NEUTRAL,102.6,1,0,unknown,unknown,0.0,0.0,0.0,0,0,0,none,0.0,0.5,0,0.0,0.0,0.0,0.0,0,48.89,0,1,0,0.009047,0.01087,0,0,0,0.009047,0.18094
MARA,2026-06-24 06:00:00-04:00,2026-06-24,7,1,14.855,14.92,14.83,14.87,True,False,50.5,2.095853029219485,1.3318447427466973,0.1833172901952033,orange,0.3877,0.1451,0.0395,51.6,0.0102006120367222,0.0060524546065904,0.1666666666666535,0.4444444444444356,0.005566905702516,465572.97914662,1.0,0.0033624747814391,0.0026899798251512,1.0,0.2037659717552118,0.1049092131809011,0.5770006724949563,0.0602495543672013,0.1583522886610786,0.1865458310309261,1,0.0,0.013845,0.2222222222222222,9.0,35.0,NEUTRAL,78.8,1,0,unknown,unknown,0.0,0.0,0.0,0,0,0,none,0.0,0.5,0,0.0,0.0,0.0,0.0,0,49.33,1,1,0,0.023874,0.061863,0,0,1,0.023874,-1.0
MARA,2026-06-25 06:00:00-04:00,2026-06-25,7,1,14.29,14.3,14.2499,14.26,True,False,30.55,-45.6301798632599,-48.40688000620116,0.313953403798905,red,0.3877,0.0844,0.0387,45.4,0.0203498750446268,0.0035133239831697,0.5988023952095624,0.2015968063872147,0.0077757367102723,585102.0599999999,1.0,0.0028050490883591,0.0007082748948106,0.0,0.1697054698457223,0.1521739130434782,0.6444600280504909,0.0177717507672543,0.1045701006971339,0.1384116124371069,0,0.0,0.0188595,0.2,10.0,48.9,NEUTRAL,96.5,1,0,unknown,unknown,0.0,0.0,0.0,0,0,0,none,0.0,0.5,0,0.0,0.0,0.0,0.0,0,73.82,1,1,0,0.034362,0.091585,1,0,1,0.034362,-1.0
MARA,2026-06-25 12:00:00-04:00,2026-06-25,13,1,13.6401,13.875,13.57,13.64,True,False,12.68,-52.10130471656782,-52.20964271298693,0.0573064339496876,orange,0.3877,0.0844,0.0387,45.4,0.0203498750446268,0.0223607038123166,0.0003278688524582,0.2295081967213126,0.5529569618436687,44088285.74739995,5.0,0.0813782991202345,0.0502932551319648,0.0,0.1319648093841642,0.2045454545454544,0.7192082111436949,-0.0264791949182784,0.0565453137103021,0.088915455374624,0,0.0,0.023874,0.1818181818181818,11.0,35.0,NEUTRAL,75.5,1,0,unknown,unknown,0.0,0.0,0.0,0,0,0,none,0.0,0.5,0,0.0,0.0,0.0,0.0,0,68.98,1,1,0,0.024773,0.004377,0,0,0,0.024773,0.4954599999999999
MARA,2026-06-29 13:00:00-04:00,2026-06-29,14,0,14.115,14.42,14.105,14.315,False,True,47.17,0.7606068693876131,0.909257364430012,0.1171192451117982,green,0.3877,0.1134,0.0359,47.7,0.0151828847481021,0.02200488997555,0.6349206349206337,0.6666666666666647,1.075479716534839,82759960.50040625,6.0,0.0401676563045756,0.0723017813482361,3.0,0.1728955640936081,0.1477471184072651,0.6381418092909535,0.0216243220097058,0.0961620926243568,0.1440399434972937,0,0.0,0.0243234999999999,0.1666666666666666,12.0,36.2,NEUTRAL,90.5,1,0,unknown,unknown,0.0,0.0,0.0,0,0,0,none,0.0,0.5,0,0.0,0.0,0.0,0.0,0,51.37,0,1,0,0.005938,0.020608,0,0,0,0.005938,0.1187599999999999
MARA,2026-06-29 14:00:00-04:00,2026-06-29,15,0,14.32,14.3279,14.13,14.3101,True,False,50.13,2.6770373389097677,0.3311718675689299,0.1339442034608634,orange,0.3877,0.1134,0.0359,47.7,0.0151828847481021,0.0138293932257635,0.0500252652854981,0.9100555836280976,1.1927062094678758,87235359.124125,7.0,0.0405238258293093,0.0719841231018651,0.0,0.1726123507173255,0.1481401248069545,0.638702734432324,0.0212746217527833,0.0957868782161236,0.1436483405826492,0,0.0,0.023874,0.1538461538461538,13.0,35.0,NEUTRAL,83.7,1,0,unknown,unknown,0.0,0.0,0.0,0,0,0,none,0.0,0.5,0,0.0,0.0,0.0,0.0,0,46.34,0,0,0,0.006282,0.020272,0,0,0,0.006282,0.12564
MARA,2026-06-30 14:00:00-04:00,2026-06-30,15,0,13.67,13.78,13.54,13.715,False,True,21.09,-32.856403609926545,-32.21438271003021,-0.3188361789500353,orange,0.3877,0.0703,0.0316,42.5,-0.0092305499126839,0.017499088589136,0.1874999999999995,0.729166666666669,0.8056592113105945,60379857.51203796,7.0,0.0164053955523149,0.031717098067809,4.0,0.1367116296026248,0.1979584396646008,0.7098067808968282,-0.0199721319089641,0.0462437446600757,0.0968906768291341,0,0.0,0.0188595,0.1428571428571428,14.0,36.2,NEUTRAL,85.5,1,0,unknown,unknown,0.0,0.0,0.0,0,0,0,none,0.0,0.5,0,0.0,0.0,0.0,0.0,0,43.95,0,0,0,0.015676,0.005468,0,0,0,0.015676,0.3135199999999999
MARA,2026-06-30 15:00:00-04:00,2026-06-30,16,0,13.715,13.93,13.64,13.9,True,False,40.05,-28.441662533837263,-31.87395243765247,0.2406954146806512,green,0.3877,0.0703,0.0316,42.5,-0.0092305499126839,0.0208633093525179,0.6379310344827622,0.8965517241379329,1.2935999938988598,100945041.71506292,8.0,0.0028776978417265,0.0446043165467626,5.0,0.1482014388489209,0.1820143884892086,0.6870503597122302,-0.0067526528278965,0.0603564018064202,0.1116865044057576,0,0.0,0.015676,0.1333333333333333,15.0,47.4,NEUTRAL,97.9,1,0,unknown,unknown,0.0,0.0,0.0,0,0,0,none,0.0,0.5,0,0.0,0.0,0.0,0.0,0,58.9,0,0,0,0.0,0.0,0,0,0,0.0,0.0
MARA,2026-07-01 11:00:00-04:00,2026-07-01,12,1,13.2401,14.0,13.235,13.65,False,True,31.83,-34.08669724759115,-30.33146126660754,0.0953404926957809,green,0.3877,0.0559,0.0198,38.7,-0.0050359712230216,0.056043956043956,0.5358169934640524,0.5424836601307198,1.3044956619544965,94341568.38909076,4.0,0.0256410256410256,0.0344322344322344,1.0,0.1326007326007326,0.2036630036630036,0.7179487179487178,-0.0212598142903234,0.0376598300214375,0.0924872493131935,0,0.0,0.0147605,0.125,16.0,47.1,NEUTRAL,95.4,1,0,unknown,unknown,0.0,0.0,0.0,0,0,0,none,0.0,0.5,0,0.0,0.0,0.0,0.0,0,83.56,1,1,0,0.017582,0.021978,0,0,0,0.017582,0.35164
MARA,2026-07-01 12:00:00-04:00,2026-07-01,13,1,13.645,13.8751,13.64,13.79,True,False,41.73,-27.862280454784194,-31.251135544492605,0.3597265466003951,green,0.3877,0.0559,0.0198,38.7,-0.0050359712230216,0.0170485859318346,0.6167588260314762,0.6380263717566954,0.7504387240354179,56944374.058227465,5.0,0.0152284263959391,0.0442349528643944,2.0,0.14140681653372,0.1914430746918057,0.7005076142131981,-0.0112214534112499,0.0483024949447342,0.1036922467420467,0,0.0,0.015676,0.1176470588235294,17.0,43.2,NEUTRAL,76.1,1,0,unknown,unknown,0.0,0.0,0.0,0,0,0,none,0.0,0.5,0,0.0,0.0,0.0,0.0,0,80.43,1,1,0,0.007252,0.031907,0,0,0,0.007252,0.1450399999999999
MARA,2026-07-02 09:00:00-04:00,2026-07-02,10,0,13.56,14.09,13.44,13.89,True,False,61.98,-30.943900270291607,-31.49500768306088,0.6939191669235644,green,0.3877,0.0137,0.0082,32.2,-0.0212924915950691,0.046796256299496,0.5076923076923076,0.6923076923076936,1.4018514097486623,96367775.77612154,2.0,0.0143988480921525,0.060475161987041,2.0,0.1475881929445645,0.1828653707703383,0.6882649388048955,-0.0007913099776995,0.0531184132712632,0.1130052945878216,0,0.0,0.0147605,0.1111111111111111,18.0,25.0,NEUTRAL,60.8,1,0,unknown,unknown,0.0,0.0,0.0,0,0,0,none,0.0,0.5,0,0.0,0.0,0.0,0.0,0,13.24,0,0,0,0.00288,0.058315,0,0,1,0.00288,-1.0
RIOT,2026-06-08 06:00:00-04:00,2026-06-08,7,1,25.23,25.5,25.15,25.5,True,False,41.56,-50.911473935406825,-54.74203633392917,0.5623844547364972,green,0.3318,0.2156,0.1748,55.5,0.0237370663420572,0.0137254901960784,0.7714285714285671,1.0,0.0093567976928483,424345.5,1.0,0.0,0.0137254901960784,2.0,0.1478431372549019,0.1349019607843137,0.1349019607843137,0.0026836533073816,0.2569997633882798,0.4812426754727994,1,0.0,0.0,0.0,0.0,43.6,NEUTRAL,96.1,1,0,unknown,unknown,0.0,0.0,0.0,0,0,0,none,0.0,0.5,0,0.0,0.0,0.0,0.0,0,60.96,1,1,0,0.026275,0.046667,0,0,0,0.026275,0.5255
RIOT,2026-06-09 14:00:00-04:00,2026-06-09,15,0,25.16,25.5701,25.0526,25.395,False,True,32.88,-15.092446548487889,-11.043594773315531,-0.1291378775820171,yellow,0.3318,0.2519,0.1628,55.5,0.0143968871595331,0.0203780271707028,0.4541062801932371,0.6616425120772926,0.7546998209097445,34049112.82260657,7.0,0.0712738728096081,0.0584760779681039,2.0,0.1443197479818861,0.1395944083481,0.1395944083481,-0.0045958314143206,0.2375670683866063,0.4695223835253782,1,0.0,0.026275,0.0,1.0,49.7,NEUTRAL,121.6,1,0,unknown,unknown,0.0,0.0,0.0,0,0,0,none,0.0,0.5,0,0.0,0.0,0.0,0.0,0,64.05,0,0,0,0.000984,0.021067,0,0,0,0.000984,0.01968
RIOT,2026-06-10 09:00:00-04:00,2026-06-10,10,0,24.75,25.69,24.66,25.255,False,True,30.81,-20.27783705493413,-18.265651749089105,-0.1571282085798392,yellow,0.3318,0.2179,0.1423,55.5,-0.0280743376828786,0.0407840031676896,0.4902912621359208,0.5776699029126197,1.1406068301733403,51399005.70967893,2.0,0.0172243120174223,0.0267273807166897,2.0,0.1395763215204909,0.145911700653336,0.145911700653336,-0.0099960799686399,0.2159364467982667,0.4559342797434602,1,0.0,0.0136295,0.0,2.0,44.5,NEUTRAL,116.8,1,0,unknown,unknown,0.0,0.0,0.0,0,0,0,none,0.0,0.5,0,0.0,0.0,0.0,0.0,0,62.22,0,1,0,0.008909,0.050485,0,0,1,0.008909,-1.0
RIOT,2026-06-11 06:00:00-04:00,2026-06-11,7,1,24.65,24.76,24.64,24.75,True,False,32.61,-40.9856901155344,-44.47201129211761,0.3375768956897434,green,0.3318,0.1458,0.1155,50.0,0.023883696780893,0.0048484848484848,0.8333333333333383,0.9166666666666544,0.0012716010284221,54950.404608,1.0,0.0004040404040404,0.0044444444444444,2.0,0.122020202020202,0.1692929292929293,0.1692929292929293,-0.0289738509523902,0.177730192719486,0.4223688331690666,1,0.0,0.008909,0.0,3.0,54.0,LAUNCH,102.1,1,0,unknown,unknown,0.0,0.0,0.0,0,0,0,none,0.0,0.5,0,0.0,0.0,0.0,0.0,0,67.65,1,1,1,0.068081,0.029091,1,1,0,0.068081,1.0
RIOT,2026-06-15 06:00:00-04:00,2026-06-15,7,1,28.2,28.21,28.1,28.16,True,False,50.71,48.007222243533874,42.2874980722238,1.9830624407753497,red,0.3318,0.2336,0.0718,55.5,0.0599511370043224,0.0039062499999999,0.3636363636363577,0.5454545454545366,0.0044546379842706,192955.11175424,1.0,0.0017755681818182,0.0021306818181817,0.0,0.2283380681818181,0.0276988636363636,0.0276988636363636,0.0978985535498462,0.3054079863525527,0.6064394490414702,1,0.0,0.017592,0.25,4.0,35.0,NEUTRAL,89.4,1,0,unknown,unknown,0.0,0.0,0.0,0,0,0,none,0.0,0.5,0,0.0,0.0,0.0,0.0,0,48.2,1,1,0,0.011186,0.03267,0,0,0,0.011186,0.2237199999999999
RIOT,2026-06-15 12:00:00-04:00,2026-06-15,13,1,27.74,27.915,27.6,27.705,False,True,45.58,50.51464819600732,50.69123406167097,0.8195664437201984,orange,0.3318,0.2336,0.0718,55.5,0.0599511370043224,0.0113697888467784,0.1111111111111123,0.3333333333333258,0.6053297753803245,24616033.135816243,5.0,0.0277928171810143,0.013174517235156,0.0,0.215665042411117,0.0445767911929255,0.0445767911929255,0.0801590705290656,0.2843156343003363,0.5804831298186764,1,0.0,0.011186,0.2,5.0,36.2,NEUTRAL,79.5,1,0,unknown,unknown,0.0,0.0,0.0,0,0,0,none,0.0,0.5,0,0.0,0.0,0.0,0.0,0,52.64,1,1,0,0.006858,0.016784,0,0,0,0.006858,0.13716
RIOT,2026-06-16 09:00:00-04:00,2026-06-16,10,0,27.28,28.43,27.01,28.23,False,True,54.56,43.25927628991128,43.59548478421233,0.8758938725210109,green,0.3318,0.2524,0.0583,55.5,0.000730727073438,0.0503010981225645,0.6690140845070426,0.8591549295774651,1.3530213322969329,48896508.99274358,2.0,0.0070846617074034,0.0432164364151611,2.0,0.2302515054906128,0.0251505490612823,0.0251505490612823,0.0923443032097046,0.2912698630512941,0.6041048719784528,1,0.0,0.0100475,0.1666666666666666,6.0,30.0,NEUTRAL,90.6,1,0,unknown,unknown,0.0,0.0,0.0,0,0,0,none,0.0,0.5,0,0.0,0.0,0.0,0.0,0,31.1,0,1,0,0.00847,0.032767,0,0,0,0.00847,0.1694
RIOT,2026-06-16 10:00:00-04:00,2026-06-16,11,1,28.24,28.4691,27.57,27.86,True,False,43.04,45.800343271815365,43.133101146435145,0.2379279497300988,red,0.3318,0.2524,0.0583,55.5,0.000730727073438,0.0322720746590093,0.4226448670893101,0.3225447669892102,1.9541383667045065,72598337.61082742,3.0,0.0218628858578607,0.0305096913137113,0.0,0.2200287150035893,0.0387652548456569,0.0387652548456569,0.0780273569756418,0.2743456742688294,0.5830804723102972,1,0.0,0.008909,0.1428571428571428,7.0,39.9,NEUTRAL,105.8,1,0,unknown,unknown,0.0,0.0,0.0,0,0,0,none,0.0,0.5,0,0.0,0.0,0.0,0.0,0,70.78,1,1,0,0.010768,0.019921,0,0,0,0.010768,0.21536
RIOT,2026-06-17 13:00:00-04:00,2026-06-17,14,0,27.57,27.915,27.53,27.9,True,False,65.13,15.095416832902764,13.37370219082453,0.5551131560702383,green,0.3318,0.2385,0.0485,55.2,-0.0054704595185996,0.0137992831541217,0.8571428571428571,0.9610389610389594,0.6605219324992422,20729887.662654,6.0,0.0118279569892473,0.0291254480286738,2.0,0.2211469534050178,0.0372759856630825,0.0372759856630825,0.0707911957168353,0.2601512181461772,0.5792423033164086,1,0.0,0.0098385,0.125,8.0,5.0,NEUTRAL,63.2,1,0,unknown,unknown,0.0,0.0,0.0,0,0,0,none,0.0,0.5,0,0.0,0.0,0.0,0.0,0,-10.92,0,0,0,0.0319,0.028495,1,0,0,0.0319,0.6379999999999999
RIOT,2026-06-23 10:00:00-04:00,2026-06-23,11,1,28.88,29.55,28.33,28.51,False,True,27.81,27.195492192221455,32.19269305468511,-0.5900795029646329,red,0.2812,0.2511,0.0508,52.1,-0.0331703910614524,0.042792002806033,0.3032786885245874,0.1475409836065597,1.2913980815470054,60381201.78681194,3.0,0.0364784286215362,0.061732725359523,0.0,0.1699403717993687,0.0634864959663275,0.0634864959663275,0.0668213326847339,0.2458704050062055,0.5944298417314469,1,0.0,0.010768,0.1111111111111111,9.0,37.0,NEUTRAL,102.5,1,0,unknown,unknown,0.0,0.0,0.0,0,0,0,none,0.0,0.5,0,0.0,0.0,0.0,0.0,0,71.35,1,1,0,0.020694,0.014732,0,0,0,0.020694,0.4138799999999999
RIOT,2026-06-23 12:00:00-04:00,2026-06-23,13,1,28.52,29.0,28.49,28.65,True,False,27.36,26.413524372451825,25.09957159772374,-0.0728083665620839,yellow,0.2812,0.2511,0.0508,52.1,-0.0331703910614524,0.0178010471204189,0.254901960784311,0.3137254901960777,0.4147076938997457,18696257.140105203,5.0,0.0314136125654451,0.0663176265270505,1.0,0.1739965095986038,0.0582897033158813,0.0582897033158813,0.0720600203934627,0.2519883235155308,0.6022593814663608,1,0.0,0.010977,0.1,10.0,40.9,NEUTRAL,93.9,1,0,unknown,unknown,0.0,0.0,0.0,0,0,0,none,0.0,0.5,0,0.0,0.0,0.0,0.0,0,63.54,1,1,0,0.015707,0.00733,0,0,0,0.015707,0.31414
RIOT,2026-06-25 06:00:00-04:00,2026-06-25,7,1,28.3,28.3,28.15,28.23,True,False,59.17,-24.578341263122372,-25.42205947261516,0.5769818462143279,red,0.2812,0.1755,0.0585,49.6,0.031153215521953,0.0053134962805526,0.4666666666666619,0.5333333333333381,0.0112959892683736,435955.89,1.0,0.0024796315975912,0.0028338646829614,0.0,0.1617074034714842,0.0740347148423662,0.0740347148423662,0.045507152446646,0.2102167501200355,0.5657845839827393,1,0.0,0.011186,0.0909090909090909,11.0,25.0,NEUTRAL,73.6,1,0,unknown,unknown,0.0,0.0,0.0,0,0,0,none,0.0,0.5,0,0.0,0.0,0.0,0.0,0,14.81,0,0,0,0.00921,0.09458,0,0,1,0.00921,-1.0
RIOT,2026-06-25 12:00:00-04:00,2026-06-25,13,1,26.87,27.365,26.7,27.11,False,True,33.59,-39.90811078790905,-38.76536993171061,0.263362073174272,yellow,0.2812,0.1755,0.0585,49.6,0.031153215521953,0.0245296938399114,0.3609022556390958,0.6165413533834596,0.9395465044915978,41088487.00139289,5.0,0.050903725562523,0.0571744743637034,3.0,0.1270748801180376,0.1184064920693471,0.1184064920693471,0.0040275913152169,0.1622024830235268,0.5036634811113022,1,0.0,0.010977,0.0833333333333333,12.0,51.5,LAUNCH,99.8,1,0,unknown,unknown,0.0,0.0,0.0,0,0,0,none,0.0,0.5,0,0.0,0.0,0.0,0.0,0,84.68,1,1,0,0.02785,0.002951,0,0,0,0.02785,0.5569999999999999
RIOT,2026-06-25 13:00:00-04:00,2026-06-25,14,0,27.13,27.74,27.03,27.7103,True,False,53.77,-33.68298348463715,-38.89173000555223,0.93987537973415,green,0.2812,0.1755,0.0585,49.6,0.031153215521953,0.0256222415491711,0.8173239436619766,0.9581690140845092,1.037611408167343,45533862.72235874,6.0,0.0281375517406884,0.0775993042298351,4.0,0.1459854278012147,0.0941779771420735,0.0941779771420735,0.0262598953752141,0.1879372727896287,0.5369592829449841,1,0.0,0.011186,0.0769230769230769,13.0,35.0,NEUTRAL,89.8,1,0,unknown,unknown,0.0,0.0,0.0,0,0,0,none,0.0,0.5,0,0.0,0.0,0.0,0.0,0,39.72,0,1,0,0.005583,0.020942,0,0,0,0.005583,0.11166
RIOT,2026-06-29 15:00:00-04:00,2026-06-29,16,0,27.8,28.195,27.68,27.755,False,True,48.91,1.5090660520276766,2.631448799254787,-0.0460215872091593,orange,0.2812,0.2033,0.0601,52.1,0.0160211267605634,0.0185552152765267,0.0873786407767022,0.1456310679611635,1.661778754067574,92124238.1993916,8.0,0.0487912087912088,0.0567465321563682,0.0,0.147360835885426,0.0924157809403711,0.0924157809403711,0.0247842340887062,0.1690155082511306,0.5277112677994462,0,0.0,0.010977,0.0714285714285714,14.0,36.2,NEUTRAL,89.5,1,0,unknown,unknown,0.0,0.0,0.0,0,0,0,none,0.0,0.5,0,0.0,0.0,0.0,0.0,0,36.92,0,0,0,0.0,0.0,0,0,0,0.0,0.0
RIOT,2026-06-30 13:00:00-04:00,2026-06-30,14,0,27.24,27.345,27.02,27.29,False,True,24.4,-31.55117673122667,-28.807475338501224,-0.0211918977018509,orange,0.2812,0.1582,0.0572,47.9,-0.0019816249324445,0.0119091242213264,0.1538461538461563,0.8307692307692313,0.6346221875835749,34822446.63128832,6.0,0.0184866251374129,0.0362770245511175,3.0,0.1328325393917185,0.1110296812019055,0.1110296812019055,0.0064261545411798,0.1390386830726079,0.4974388801856845,0,0.0,0.010768,0.0666666666666666,15.0,36.2,NEUTRAL,90.2,1,0,unknown,unknown,0.0,0.0,0.0,0,0,0,none,0.0,0.5,0,0.0,0.0,0.0,0.0,0,35.22,0,1,0,0.007329,0.011726,0,0,0,0.007329,0.14658
RIOT,2026-06-30 15:00:00-04:00,2026-06-30,16,0,27.16,27.49,27.0001,27.38,True,False,37.34,-29.840163713029156,-31.39814376113341,0.1801012036677926,yellow,0.2812,0.1582,0.0572,47.9,-0.0019816249324445,0.0178926223520817,0.449071239028372,0.775464380485814,1.2569984862001706,66929115.930271,8.0,0.0151387874360847,0.039444850255661,1.0,0.1356829802775748,0.1073776479181885,0.1073776479181885,0.0097452587518323,0.1427951316426531,0.5023773008238931,0,0.0,0.009989,0.0625,16.0,54.1,LAUNCH,117.5,1,0,unknown,unknown,0.0,0.0,0.0,0,0,0,none,0.0,0.5,0,0.0,0.0,0.0,0.0,0,59.68,0,0,0,0.0,0.0,0,0,0,0.0,0.0
RIOT,2026-07-01 14:00:00-04:00,2026-07-01,15,0,24.52,24.715,24.2,24.57,False,True,10.12,-67.05574204317351,-66.61888604573639,-0.8263998396379929,orange,0.2812,0.134,0.0475,45.0,-0.0029218407596785,0.0209605209605209,0.0970873786407779,0.7184466019417487,0.6656746583917869,33087045.02786046,7.0,0.1123321123321122,0.0345095645095644,1.0,0.0368335368335368,0.234025234025234,0.234025234025234,-0.0924285938553316,0.0176357054696365,0.3438640055570444,0,0.539580789580789,0.00921,0.0588235294117647,17.0,30.0,NEUTRAL,84.0,1,0,unknown,unknown,0.0,0.0,0.0,0,0,0,none,0.0,0.5,0,0.0,0.0,0.0,0.0,0,46.66,0,0,0,0.008344,0.025845,0,0,0,0.008344,0.16688
AFRM,2026-06-08 06:00:00-04:00,2026-06-08,7,1,64.25,64.25,63.6537,63.6537,False,True,13.81,-45.65637128820786,-45.12754172986188,-1.779943193394358,red,0.2589,0.0364,0.0305,30.3,0.0102201257861634,0.0093678764942179,1.0,0.0,0.0021125751956981,63717.3537,1.0,0.0093678764942179,0.0,0.0,0.0613271498750269,0.1817066407765769,0.5710005859832186,-0.0576104819009547,0.0371342542354656,-0.0520634849720214,0,0.2334106265621636,0.0,0.0,0.0,30.0,NEUTRAL,68.9,1,0,unknown,unknown,0.0,0.0,0.0,0,0,0,none,0.0,0.5,0,0.0,0.0,0.0,0.0,0,60.02,1,1,0,0.039688,0.018439,1,0,0,0.039688,0.79376
AFRM,2026-06-08 09:00:00-04:00,2026-06-08,10,0,64.7436,64.7436,62.48,63.74,True,False,13.18,-45.10319014316084,-45.794333079901406,-1.163895228654646,red,0.2589,0.0364,0.0305,30.3,0.0102201257861634,0.035513021650455,0.4433645520409953,0.5566354479590047,0.682585201707381,20436502.7593766,2.0,0.0157452149356761,0.0197678067147788,0.0,0.0625980545967995,0.1801066834013178,0.5688735487919673,-0.0563328151602633,0.0385403733792156,-0.0507782977598575,0,0.2175243175400059,0.039688,0.0,1.0,35.0,NEUTRAL,81.7,1,0,unknown,unknown,0.0,0.0,0.0,0,0,0,none,0.0,0.5,0,0.0,0.0,0.0,0.0,0,57.89,0,1,0,0.038281,0.000157,1,0,0,0.038281,0.76562
AFRM,2026-06-09 14:00:00-04:00,2026-06-09,15,0,64.625,65.55,64.62,65.44,False,True,32.71,-12.63652292488753,-10.289993140443368,-0.0840619506401418,green,0.2589,0.0591,0.0304,32.6,0.003666361136572,0.0142114914425426,0.8763440860215099,0.8817204301075265,0.5476163975111935,15079150.028142082,6.0,0.0498166259168704,0.0397310513447431,2.0,0.0869498777506112,0.1494498777506112,0.528117359413203,-0.0322032018338447,0.058783175961221,-0.0249157566848924,0,0.0,0.0389845,0.0,2.0,49.3,NEUTRAL,91.4,1,0,unknown,unknown,0.0,0.0,0.0,0,0,0,none,0.0,0.5,0,0.0,0.0,0.0,0.0,0,60.26,0,0,0,0.001834,0.011155,0,0,0,0.001834,0.03668
AFRM,2026-06-09 15:00:00-04:00,2026-06-09,16,0,65.475,65.56,64.71,65.14,True,False,34.73,-11.13153015306659,-12.503898295812144,-0.2482926851544365,red,0.2589,0.0591,0.0304,32.6,0.003666361136572,0.0130488179306111,0.3941176470588122,0.5058823529411794,1.242405487016085,34425468.95388526,7.0,0.0546515198035001,0.0353085661651826,0.0,0.0827448572305803,0.1547436291065397,0.5351550506601167,-0.0366399230968313,0.0539293411080981,-0.0293858861621926,0,0.0,0.038281,0.0,3.0,59.3,LAUNCH,104.0,1,0,unknown,unknown,0.0,0.0,0.0,0,0,0,none,0.0,0.5,0,0.0,0.0,0.0,0.0,0,68.77,0,0,0,0.0,0.0,0,0,0,0.0,0.0
AFRM,2026-06-11 11:00:00-04:00,2026-06-11,12,1,62.01,63.3085,61.805,63.215,False,True,12.91,-49.784946819929466,-47.49154469525415,-0.1384116792319582,green,0.2589,0.0025,0.0185,24.5,0.0035043007327174,0.0237839120461916,0.8014632524110432,0.9378117725307624,1.1445336852202417,29775438.957799904,3.0,0.0014790793324369,0.0321917266471565,1.0,0.05481293996678,0.1899074586727832,0.5819030293443012,-0.0623632628542186,0.008953937498005,-0.0562368761089756,0,0.3148382504152489,0.0200575,0.0,4.0,30.0,NEUTRAL,67.9,1,0,unknown,unknown,0.0,0.0,0.0,0,0,0,none,0.0,0.5,0,0.0,0.0,0.0,0.0,0,77.42,1,1,1,0.052756,0.012576,1,1,0,0.052756,1.0
AFRM,2026-06-11 12:00:00-04:00,2026-06-11,13,1,63.195,63.74,62.63,62.69,True,False,10.35,-46.93868284044467,-48.75476842153183,-0.3543531797344564,red,0.2589,0.0025,0.0185,24.5,0.0035043007327174,0.0177061732333705,0.4549549549549574,0.0540540540540497,0.8148310463829017,20990201.964530397,4.0,0.0167490827883235,0.0240867762003509,0.0,0.0468974318073057,0.1998723879406604,0.595150741745095,-0.0701503274275247,0.0005745842244709,-0.0640748202684756,0,0.4137821024086781,0.038281,0.2,5.0,35.0,NEUTRAL,65.0,1,0,unknown,unknown,0.0,0.0,0.0,0,0,0,none,0.0,0.5,0,0.0,0.0,0.0,0.0,0,88.13,1,1,1,0.061573,0.004307,1,1,0,0.061573,1.0
AFRM,2026-06-18 11:00:00-04:00,2026-06-18,12,1,74.45,74.7499,73.6401,73.995,False,True,52.75,15.98719982126902,17.791747924809332,0.3897385620075674,red,0.2602,0.0884,0.015,32.5,0.0137083097795364,0.0149983106966685,0.4099837808614176,0.3197873490719075,0.5183774600953626,26113586.752736248,4.0,0.0102020406784241,0.0308804648962769,0.0,0.1731873775255085,0.0419622947496451,0.3514426650449354,0.0788487614270923,0.1386789200901157,0.1089571576406691,1,0.0,0.0389845,0.3333333333333333,6.0,30.0,NEUTRAL,71.0,1,0,unknown,unknown,0.0,0.0,0.0,0,0,0,none,0.0,0.5,0,0.0,0.0,0.0,0.0,0,66.28,1,1,0,0.007095,0.004933,0,0,0,0.007095,0.1419
AFRM,2026-06-18 13:00:00-04:00,2026-06-18,14,0,73.91,74.44,73.84,74.26,True,False,66.24,15.739735036762944,15.672367507922209,0.8469388286452527,green,0.2602,0.0884,0.015,32.5,0.0137083097795364,0.0080797199030432,0.583333333333353,0.7000000000000095,0.4024331763769557,19416952.757769145,6.0,0.0065970913008347,0.0343388095879344,1.0,0.1761378938863453,0.0382440075410717,0.3466199838405601,0.0827124673771995,0.142756897167268,0.1129286914845069,1,0.0,0.038281,0.2857142857142857,7.0,5.0,EXTENSION,40.3,1,0,unknown,unknown,0.0,0.0,0.0,0,0,0,none,0.0,0.5,0,0.0,0.0,0.0,0.0,0,-11.77,0,0,0,0.003501,0.008484,0,0,0,0.003501,0.07002
AFRM,2026-06-22 09:00:00-04:00,2026-06-22,10,0,73.36,75.398,72.9622,75.26,False,True,68.64,11.592655143368097,11.74210748714823,0.8885423822897106,green,0.2602,0.1291,0.0176,37.1,-0.0190695158236407,0.032365134201435,0.7800312012480521,0.9433451022251452,0.5049977655705116,21383340.95011622,2.0,0.0018336433696517,0.0365399946850916,2.0,0.1870847727876694,0.0244485782620248,0.3287270794578792,0.0918798148766083,0.149614911082801,0.1286175634547457,1,0.0,0.022688,0.25,8.0,0.0,EXTENSION,39.4,1,0,unknown,unknown,0.0,0.0,0.0,0,0,0,none,0.0,0.5,0,0.0,0.0,0.0,0.0,0,-10.37,0,0,0,0.003189,0.046439,0,0,0,0.003189,0.0637799999999999
AFRM,2026-06-23 10:00:00-04:00,2026-06-23,11,1,71.49,72.2387,71.03,71.65,False,True,19.94,-40.79541722468884,-36.46864336793519,-0.6135126048519259,orange,0.2602,0.0951,0.0242,35.0,-0.0202216066481995,0.0168695045359384,0.132373624555317,0.5129477951518226,0.6951681133202442,20195544.1771271,3.0,0.0082163293789251,0.0284717376133985,2.0,0.1461270062805304,0.0760642009769712,0.3956734124214933,0.0357339038422619,0.0867718704307046,0.0755383696249351,1,0.0,0.007095,0.2222222222222222,9.0,30.0,NEUTRAL,72.0,1,0,unknown,unknown,0.0,0.0,0.0,0,0,0,none,0.0,0.5,0,0.0,0.0,0.0,0.0,0,54.99,1,1,0,0.009491,0.014794,0,0,0,0.009491,0.18982
AFRM,2026-06-23 12:00:00-04:00,2026-06-23,13,1,71.715,72.33,71.67,71.805,True,False,18.2,-37.92098375638493,-40.1977877055308,-0.2290656904953798,orange,0.2602,0.0951,0.0242,35.0,-0.0202216066481995,0.0091915604762899,0.1363636363636422,0.2045454545454633,0.5636776937067384,12461035.815852135,5.0,0.007311468560685,0.0305689018870553,4.0,0.147970197061486,0.0737413829120533,0.3926606782257502,0.0379745005637629,0.0891228772683426,0.0778650751000483,1,0.0,0.008293,0.2,10.0,35.0,NEUTRAL,65.8,1,0,unknown,unknown,0.0,0.0,0.0,0,0,0,none,0.0,0.5,0,0.0,0.0,0.0,0.0,0,55.31,1,1,0,0.00564,0.016921,0,0,0,0.00564,0.1128
AFRM,2026-06-23 15:00:00-04:00,2026-06-23,16,0,70.91,72.21,70.91,71.855,True,False,36.48,-39.03482465667639,-39.60884673767207,0.0473173343973774,green,0.2602,0.0951,0.0242,35.0,-0.0202216066481995,0.0180919908148353,0.7269230769230842,0.7269230769230842,2.6957657226556178,57996416.95316351,8.0,0.0066105351054205,0.0312434764456197,1.0,0.1485630784218218,0.0729942244798551,0.391691601141187,0.038697273699731,0.0898812665708064,0.0786156252533107,1,0.0,0.007095,0.1818181818181818,11.0,56.3,LAUNCH,100.0,1,0,unknown,unknown,0.0,0.0,0.0,0,0,0,none,0.0,0.5,0,0.0,0.0,0.0,0.0,0,53.27,0,0,0,0.0,0.0,0,0,0,0.0,0.0
AFRM,2026-06-25 09:00:00-04:00,2026-06-25,10,0,76.0,79.2,76.0,76.26,False,True,28.33,24.9882945981308,25.98330590116988,-0.6549757279102935,orange,0.3071,0.1607,0.0352,46.9,-0.0173857050869286,0.04196170993968,0.0812500000000015,0.0812500000000015,1.13762932463923,40614390.08098236,2.0,0.038552321007081,0.003409388932599,1.0,0.1977445580907422,0.0486493574613164,0.3113034356150012,0.0905502802882964,0.1397569833654667,0.1471084623692466,1,0.0,0.0063675,0.1666666666666666,12.0,38.3,NEUTRAL,90.5,1,0,unknown,unknown,0.0,0.0,0.0,0,0,0,none,0.0,0.5,0,0.0,0.0,0.0,0.0,0,35.62,0,1,0,0.035666,0.000656,1,0,0,0.035666,0.7133200000000001
AFRM,2026-06-25 10:00:00-04:00,2026-06-25,11,1,76.21,78.9799,76.21,77.53,True,False,34.26,26.452154931599924,25.951080027647777,-0.2922674566406074,yellow,0.3071,0.1607,0.0352,46.9,-0.0173857050869286,0.0357268154262866,0.476551500054155,0.476551500054155,1.5195477305748435,58497864.82797997,3.0,0.0215400490132852,0.019734296401393,2.0,0.2108861086031213,0.031471688378692,0.2898232942086934,0.1087118178698087,0.1587379874157439,0.1662118946693901,1,0.0,0.007095,0.1538461538461538,13.0,58.1,LAUNCH,121.1,1,0,unknown,unknown,0.0,0.0,0.0,0,0,0,none,0.0,0.5,0,0.0,0.0,0.0,0.0,0,76.7,1,1,0,0.010835,0.016768,0,0,0,0.010835,0.2166999999999999
AFRM,2026-06-26 10:00:00-04:00,2026-06-26,11,1,76.58,78.17,76.4,77.99,False,True,63.45,16.0381708102779,16.36581839662154,0.5554650972072502,green,0.3071,0.1414,0.042,46.3,-0.0022045809474233,0.0226952173355557,0.7966101694915253,0.8983050847457587,0.7053246605693541,28635124.203815136,2.0,0.0023079882036159,0.0374406975253237,1.0,0.2155404539043466,0.0253878702397743,0.2822156686754713,0.1102016413161845,0.1583315510562961,0.1739285211646561,1,0.0,0.008293,0.1428571428571428,14.0,20.0,NEUTRAL,69.6,1,0,unknown,unknown,0.0,0.0,0.0,0,0,0,none,0.0,0.5,0,0.0,0.0,0.0,0.0,0,16.27,0,0,0,0.031799,0.001667,1,0,0,0.031799,0.63598
AFRM,2026-06-26 11:00:00-04:00,2026-06-26,12,1,77.9378,80.1,77.86,79.85,True,False,72.52,27.85655904108583,18.19923235484501,1.3789440058951394,green,0.3071,0.1414,0.042,46.3,-0.0022045809474233,0.0280525986224169,0.8536607142857155,0.8883928571428569,1.473072271476262,64826099.9029413,3.0,0.0031308703819661,0.0598622417031935,2.0,0.2338134001252347,0.0015028177833438,0.2523481527864747,0.1366790749980424,0.1859568451320072,0.2019257906782638,1,0.0,0.009491,0.1333333333333333,15.0,5.0,EXTENSION,52.8,1,0,unknown,unknown,0.0,0.0,0.0,0,0,0,none,0.0,0.5,0,0.0,0.0,0.0,0.0,0,12.64,0,0,0,0.007765,0.019787,0,0,0,0.007765,0.1553
AFRM,2026-07-01 06:00:00-04:00,2026-07-01,7,1,81.52,81.92,81.52,81.9,False,True,30.45,41.57368105123177,43.37878074567224,0.2322309381752015,green,0.3534,0.1905,0.0533,55.9,0.0,0.0048840048840049,0.9500000000000106,0.9500000000000106,0.0044198088345945,155937.6,1.0,0.0002442002442001,0.0046398046398047,3.0,0.252991452991453,0.0109890109890108,0.2210012210012209,0.1468660729289197,0.1956518565451353,0.2338852923584988,1,0.0,0.008628,0.125,16.0,43.6,NEUTRAL,98.5,1,0,unknown,unknown,0.0,0.0,0.0,0,0,0,none,0.0,0.5,0,0.0,0.0,0.0,0.0,0,47.72,1,1,0,0.041575,0.004884,1,0,0,0.041575,0.8315
AFRM,2026-07-01 09:00:00-04:00,2026-07-01,10,0,81.5,84.105,81.5,83.135,True,False,51.76,49.78681567722749,43.73709507921463,1.093790258656394,green,0.3534,0.1905,0.0533,55.9,0.0,0.0313345762915739,0.6276391554702505,0.6276391554702505,0.8839076950462208,31735110.7184453,2.0,0.0116677692909123,0.0196668070006616,4.0,0.2640885307030733,-0.0040295904252121,0.2028628134961207,0.1641600851397526,0.2136815273978001,0.2524914991480317,1,0.0,0.009491,0.1176470588235294,17.0,35.0,NEUTRAL,96.5,1,0,unknown,unknown,0.0,0.0,0.0,0,0,0,none,0.0,0.5,0,0.0,0.0,0.0,0.0,0,25.3,0,1,0,0.026102,0.006544,0,0,0,0.026102,0.52204
AFRM,2026-07-02 09:00:00-04:00,2026-07-02,10,0,85.01,86.55,83.98,85.02,False,True,49.01,63.10682682501408,64.41494160779708,0.5694851401622528,orange,0.3943,0.2181,0.0547,59.6,0.0033983187265249,0.0302281816043283,0.003891050583654,0.404669260700387,1.246777863630634,42396627.965362325,2.0,0.0179957657021877,0.0131733709715359,1.0,0.28040461067984,0.0033521524347213,0.1761938367442955,0.1799483720542927,0.2351454223203648,0.2808161549754405,1,0.0,0.0101629999999999,0.1111111111111111,18.0,36.2,NEUTRAL,97.0,1,0,unknown,unknown,0.0,0.0,0.0,0,0,0,none,0.0,0.5,0,0.0,0.0,0.0,0.0,0,23.82,0,1,0,0.002588,0.029052,0,0,0,0.002588,0.05176
AFRM,2026-07-02 15:00:00-04:00,2026-07-02,16,0,84.12,84.8,83.97,84.63,False,True,55.03,37.42001095561378,38.60435094121527,0.3788226589610416,green,0.3943,0.2181,0.0547,59.6,0.0033983187265249,0.009807396904171,0.6144578313252915,0.7951807228915638,1.8338977203032985,63278924.65714093,8.0,0.0226869904289259,0.0245775729646697,2.0,0.2770885028949544,0.0079758950726694,0.1816140848398913,0.1745357648430345,0.2294796176308218,0.2749408515122504,1,0.0,0.009491,0.1052631578947368,19.0,20.0,NEUTRAL,84.6,1,0,unknown,unknown,0.0,0.0,0.0,0,0,0,none,0.0,0.5,0,0.0,0.0,0.0,0.0,0,-6.89,0,0,0,0.0,0.0,0,0,0,0.0,0.0
AFRM,2026-07-06 09:00:00-04:00,2026-07-06,10,0,84.7,85.4158,83.53,84.71,True,False,45.76,40.41131824416412,37.16950912069645,0.4199525276535827,orange,0.4147,0.2217,0.0639,61.0,0.000827129859388,0.0222618344941565,0.0053027892671496,0.6257291335242288,0.5665323570745665,19409714.363621388,1.0,0.0083319560854681,0.0139298784086883,3.0,0.2777712194546098,0.0217211663321922,0.1804981702278362,0.160895990790673,0.2235388597444015,0.2766124182996685,1,0.0,0.008628,0.1,20.0,41.2,NEUTRAL,104.0,1,0,unknown,unknown,0.0,0.0,0.0,0,0,0,none,0.0,0.5,0,0.0,0.0,0.0,0.0,0,24.02,0,1,0,0.019006,0.007201,0,0,0,0.019006,0.3801199999999999
AFRM,2026-07-08 14:00:00-04:00,2026-07-08,15,0,80.33,80.8824,79.88,80.865,False,True,15.24,-44.08928944376062,-42.68573627930364,-0.7053872481716765,green,0.4183,0.1941,0.0816,60.6,-0.0333771982294533,0.0123959685896247,0.5337190742218595,0.9826416600159528,0.618231982346483,22526363.630521663,7.0,0.0212081864836456,0.0189822543745748,1.0,0.2434304087058677,0.0730217028380636,0.2366289494837075,0.0807361274457393,0.1547128104366103,0.2196740597733048,1,0.0,0.009491,0.0952380952380952,21.0,30.0,NEUTRAL,103.6,1,0,unknown,unknown,0.0,0.0,0.0,0,0,0,none,0.0,0.5,0,0.0,0.0,0.0,0.0,0,33.5,0,0,0,0.009831,0.007853,0,0,0,0.009831,0.19662
AFRM,2026-07-08 15:00:00-04:00,2026-07-08,16,0,80.865,81.66,80.23,81.28,True,False,30.17,-41.90515579111531,-43.14501412710055,-0.1922250160894479,yellow,0.4183,0.1941,0.0816,60.6,-0.0333771982294533,0.0175935039370077,0.2902097902097961,0.734265734265736,2.3866786660615635,94450705.793664,8.0,0.0159940944881889,0.0239911417322835,2.0,0.2472933070866141,0.0675430610236221,0.2303149606299212,0.0862824762108414,0.1606388082889716,0.2259334394159923,1,0.0,0.009661,0.0909090909090909,22.0,47.9,NEUTRAL,125.5,1,0,unknown,unknown,0.0,0.0,0.0,0,0,0,none,0.0,0.5,0,0.0,0.0,0.0,0.0,0,56.42,0,0,0,0.0,0.0,0,0,0,0.0,0.0
AFRM,2026-07-10 15:00:00-04:00,2026-07-10,16,0,82.8,83.49,82.71,83.45,False,True,51.29,-7.654195520335839,-5.962533699974395,0.0188294075545509,green,0.4183,0.1841,0.0947,59.6,0.0144408640649241,0.009346914319952,0.8333333333333394,0.948717948717959,2.0808829464629657,56447765.08642755,8.0,0.0305572198921509,0.0183343319352906,2.0,0.2668663870581186,0.0397831036548832,0.1983223487118034,0.0901585269469684,0.1794286166553127,0.2602817926659,1,0.0,0.009491,0.0869565217391304,23.0,30.0,NEUTRAL,95.3,1,0,unknown,unknown,0.0,0.0,0.0,0,0,0,none,0.0,0.5,0,0.0,0.0,0.0,0.0,0,34.37,0,0,0,0.0,0.0,0,0,0,0.0,0.0
AFRM,2026-07-13 06:00:00-04:00,2026-07-13,7,1,83.35,83.35,83.35,83.35,True,False,34.71,-5.555000589208264,-7.002039536183767,-0.0206183872096472,orange,0.4183,0.1723,0.1044,58.5,-0.0011983223487119,0.0,0.0,0.0,0.0008964582763783,23338.0,1.0,0.0,0.0,0.0,0.265986802639472,0.0410305938812239,0.199760047990402,0.0743886876603204,0.1713073954676655,0.2594087351743718,1,0.0,0.008628,0.0833333333333333,24.0,59.3,LAUNCH,109.7,1,0,unknown,unknown,0.0,0.0,0.0,0,0,0,none,0.0,0.5,0,0.0,0.0,0.0,0.0,0,50.21,1,1,0,0.007798,0.026875,0,0,0,0.007798,0.15596
AFRM,2026-07-14 09:00:00-04:00,2026-07-14,10,0,82.77,84.75,82.335,83.6,True,False,64.3,-18.2446169682734,-24.19895674954458,0.7919544922313162,yellow,0.3532,0.1454,0.1102,51.4,0.0107461228477224,0.0288875598086125,0.3436853002070377,0.5238095238095227,1.391786663312401,34849844.5528948,1.0,0.013755980861244,0.0151315789473684,1.0,0.2330143540669855,0.0379174641148326,0.1961722488038278,0.0669934014881749,0.1687599959736498,0.2632625568827033,1,0.0,0.007798,0.08,25.0,25.0,NEUTRAL,86.5,1,0,unknown,unknown,0.0,0.0,0.0,0,0,0,none,0.0,0.5,0,0.0,0.0,0.0,0.0,0,3.28,0,0,0,0.013517,0.017105,0,0,0,0.013517,0.2703399999999999
AFRM,2026-08-31 14:00:00-04:00,2026-08-31,15,0,74.67,75.61,74.66,74.83,False,True,20.54,-29.368477776043058,-27.476200028515088,-0.5915946508210873,orange,0.2652,0.0068,0.0257,26.8,-0.0019292604501608,0.0126954430041427,0.1684210526315748,0.1789473684210538,0.7006375244540487,94172685.3584407,7.0,0.037284511559535,0.0481090471735934,2.0,0.0447681411198716,0.2086061739943872,0.3363624214887077,-0.0220793392533928,-0.0311274424120951,0.1249658454927138,1,0.4403982360016046,0.0086445,0.0769230769230769,26.0,36.2,NEUTRAL,69.9,1,0,unknown,unknown,0.0,0.0,0.0,0,0,0,none,0.0,0.5,0,0.0,0.0,0.0,0.0,0,46.95,0,0,0,0.008018,0.009555,0,0,0,0.008018,0.16036
UPST,2026-06-09 14:00:00-04:00,2026-06-09,15,0,30.75,31.14,30.655,31.115,False,True,59.94,-0.1700274502750067,1.073560360423469,0.3521791874558709,green,0.323,0.0323,0.0108,30.3,0.0045146726862301,0.0155873372971235,0.7525773195876265,0.9484536082474182,0.6786258358555256,10288999.459266884,7.0,0.0412984091274305,0.0470834002892495,2.0,0.1573196207616905,0.1148931383577053,1.8057207134822435,0.0334977496553898,0.0361650404608877,-0.254019400530326,1,0.0,0.0,0.0,0.0,20.0,NEUTRAL,54.3,1,0,unknown,unknown,0.0,0.0,0.0,0,0,0,none,0.0,0.5,0,0.0,0.0,0.0,0.0,0,-0.34,0,0,0,0.005624,0.006267,0,0,0,0.005624,0.1124799999999999
UPST,2026-06-09 15:00:00-04:00,2026-06-09,16,0,31.12,31.29,30.92,31.08,True,False,63.71,3.892846978797447,-0.1447324735155151,0.2762630431593937,orange,0.323,0.0323,0.0108,30.3,0.0045146726862301,0.0119047619047618,0.1081081081081161,0.4324324324324262,1.5107333401654433,23253670.31339268,8.0,0.0424710424710424,0.046010296010296,0.0,0.1563706563706563,0.1161486486486487,1.808880308880309,0.0323352100044838,0.0349995004828665,-0.2548585238143189,1,0.0,0.005624,0.0,1.0,25.0,NEUTRAL,53.6,1,0,unknown,unknown,0.0,0.0,0.0,0,0,0,none,0.0,0.5,0,0.0,0.0,0.0,0.0,0,0.79,0,0,0,0.0,0.0,0,0,0,0.0,0.0
UPST,2026-06-10 09:00:00-04:00,2026-06-10,10,0,30.67,31.88,30.1913,31.87,True,False,74.29,4.272134467132426,1.2969749186908452,1.218131981850502,green,0.323,0.03,0.019,31.7,-0.025096525096525,0.0529871352368999,0.7106057914371995,0.994078285071358,0.9035387365353668,13357472.714921013,2.0,0.0003137747097583,0.0526733605271416,2.0,0.1772827110134923,0.0884813304047694,1.7392532161907748,0.0544251447477253,0.0568798333930253,-0.2329335538017564,1,0.0,0.002812,0.0,2.0,5.0,EXTENSION,37.8,1,0,unknown,unknown,0.0,0.0,0.0,0,0,0,none,0.0,0.5,0,0.0,0.0,0.0,0.0,0,-5.89,0,0,0,0.001569,0.056479,0,0,1,0.001569,-1.0
UPST,2026-06-11 13:00:00-04:00,2026-06-11,14,0,29.36,30.59,29.25,30.56,False,True,65.36,-35.063171744524375,-32.85992823871412,0.5639733668859352,green,0.323,0.0008,0.0269,30.3,0.0145166611679314,0.043848167539267,0.8955223880597011,0.9776119402985066,1.735632603705083,23780577.831091512,6.0,0.006217277486911,0.0428664921465968,1.0,0.1420157068062827,0.1351407068062828,1.856675392670157,0.006985633320153,0.0093670317474996,-0.2610352035961664,1,0.0,0.001569,0.0,3.0,0.0,NEUTRAL,33.2,1,0,unknown,unknown,0.0,0.0,0.0,0,0,0,none,0.0,0.5,0,0.0,0.0,0.0,0.0,0,1.82,0,0,0,0.041558,0.0,1,0,0,0.041558,0.8311599999999999
UPST,2026-06-11 14:00:00-04:00,2026-06-11,15,0,30.58,31.18,30.56,30.89,True,False,66.14,-23.89350278848859,-32.0712585580809,0.9246544369423912,green,0.323,0.0008,0.0269,30.3,0.0145166611679314,0.0200712204596957,0.5000000000000029,0.5322580645161311,1.5901022359747223,22377787.7801672,7.0,0.0093881515053415,0.0530916154095176,2.0,0.151181612172224,0.1230139203625769,1.8261573324700549,0.0178594965071835,0.0202666102971291,-0.2530555444726957,1,0.0,0.0035965,0.0,4.0,5.0,EXTENSION,38.1,1,0,unknown,unknown,0.0,0.0,0.0,0,0,0,none,0.0,0.5,0,0.0,0.0,0.0,0.0,0,1.48,0,0,0,0.030431,0.002266,1,0,0,0.030431,0.6086199999999999
UPST,2026-06-16 09:00:00-04:00,2026-06-16,10,0,32.15,33.13,32.08,33.08,False,True,21.27,33.41649254223445,34.57006871252156,-0.0050369707632743,green,0.2958,0.0562,0.0319,35.1,-0.0020074119827055,0.0317412333736397,0.8857142857142819,0.9523809523809486,0.7436553792998882,15729761.26894432,2.0,0.0015114873035067,0.030229746070133,1.0,0.1907496977025392,0.0486668681983072,1.639056831922612,0.0750731231719206,0.0797190380447554,-0.189020892273144,1,0.0,0.005624,0.0,5.0,36.2,NEUTRAL,83.0,1,0,unknown,unknown,0.0,0.0,0.0,0,0,0,none,0.0,0.5,0,0.0,0.0,0.0,0.0,0,30.54,0,1,0,0.002721,0.038845,0,0,0,0.002721,0.0544199999999999
UPST,2026-06-16 14:00:00-04:00,2026-06-16,15,0,32.25,32.64,32.23,32.485,False,True,36.4,19.332999752906744,19.87260360434312,0.1158026192604081,green,0.2958,0.0562,0.0319,35.1,-0.0020074119827055,0.0126212097891335,0.5731707317073105,0.6219512195121958,0.6512426222711136,12444633.50747963,7.0,0.0210866553794059,0.0212405725719562,1.0,0.1759273510851162,0.0678744035708789,1.6873941819301217,0.055736106597335,0.0602984567981826,-0.2036077293075297,1,0.0,0.0041725,0.0,6.0,51.5,LAUNCH,95.3,1,0,unknown,unknown,0.0,0.0,0.0,0,0,0,none,0.0,0.5,0,0.0,0.0,0.0,0.0,0,42.12,0,0,0,0.007234,0.011698,0,0,0,0.007234,0.14468
UPST,2026-06-17 09:00:00-04:00,2026-06-17,10,0,32.088,33.42,31.92,33.05,True,False,65.71,21.48670608866956,17.877839134696252,0.961727897443616,green,0.2958,0.0487,0.0386,35.6,-0.005301503642846,0.0453857791225416,0.6413333333333308,0.7533333333333303,0.5545285397441094,10485210.6940618,2.0,0.011195158850227,0.0341906202723145,2.0,0.1900151285930408,0.0496187594553707,1.6414523449319214,0.0666451508794576,0.0749995121030958,-0.1856115675190845,1,0.0,0.005624,0.0,7.0,5.0,EXTENSION,43.5,1,0,unknown,unknown,0.0,0.0,0.0,0,0,0,none,0.0,0.5,0,0.0,0.0,0.0,0.0,0,-12.09,0,0,0,0.027231,0.079274,0,0,1,0.027231,-1.0
UPST,2026-07-06 15:00:00-04:00,2026-07-06,16,0,33.76,34.375,33.76,34.35,False,True,41.45,-32.70569123369845,-30.84399956424494,0.1795045833130165,green,0.2663,0.109,0.0404,40.1,0.0071859729807415,0.0179039301310044,0.9593495934959374,0.9593495934959374,1.5118434755963228,23562196.866417,8.0,0.0222154294032023,0.0320232896652111,1.0,0.1516739446870451,0.0742358078602619,1.541484716157205,0.0615120752792844,0.0953164460090305,-0.1136581791158772,1,0.0,0.006429,0.0,8.0,38.9,NEUTRAL,86.7,1,0,unknown,unknown,0.0,0.0,0.0,0,0,0,none,0.0,0.5,0,0.0,0.0,0.0,0.0,0,43.88,0,0,0,0.0,0.0,0,0,0,0.0,0.0
UPST,2026-07-07 06:00:00-04:00,2026-07-07,7,1,34.35,34.4,34.33,34.4,True,False,44.71,-29.256157853542,-31.47657687025228,0.3701333824959062,green,0.2663,0.095,0.0377,38.1,0.0,0.0020348837209302,0.7142857142856708,1.0,0.0029949655090184,45408.0,1.0,0.0,0.0020348837209302,2.0,0.152906976744186,0.0726744186046511,1.537790697674419,0.0596842510589141,0.0971976805751357,-0.1085912113312569,1,0.0,0.005624,0.0,9.0,35.7,NEUTRAL,72.8,1,0,unknown,unknown,0.0,0.0,0.0,0,0,0,none,0.0,0.5,0,0.0,0.0,0.0,0.0,0,51.99,1,1,0,0.038372,0.043605,1,0,0,0.038372,0.76744
UPST,2026-07-07 13:00:00-04:00,2026-07-07,14,0,33.78,34.1601,33.565,34.08,False,True,30.92,-31.502218816372068,-29.35803335284712,0.1081177583805406,green,0.2663,0.095,0.0377,38.1,0.0,0.0174618544600939,0.5041169551335843,0.8654007729793289,0.7109902130254167,11541073.23849312,6.0,0.0481220657276995,0.0237676056338026,3.0,0.1449530516431924,0.0827464788732394,1.5616197183098592,0.049826723142087,0.0869911905232739,-0.1168833861095708,1,0.0,0.006429,0.0,10.0,44.8,NEUTRAL,92.7,1,0,unknown,unknown,0.0,0.0,0.0,0,0,0,none,0.0,0.5,0,0.0,0.0,0.0,0.0,0,43.27,0,1,0,0.005869,0.034624,0,0,0,0.005869,0.11738
UPST,2026-07-08 13:00:00-04:00,2026-07-08,14,0,31.4695,31.73,31.26,31.4,False,True,10.04,-64.224852026282,-63.18066068980824,-1.4240357229642444,orange,0.2615,0.0543,0.0389,34.0,-0.0250906892382103,0.014968152866242,0.1478723404255353,0.2978723404255263,0.7409269625918641,11481271.673140405,6.0,0.0337579617834395,0.0130573248407643,0.0,0.0684713375796177,0.1751592356687898,1.7802547770700636,-0.037651133211763,0.0013585310006569,-0.1826173425692366,1,0.1441082802547776,0.005869,0.0,11.0,30.0,NEUTRAL,73.0,1,0,unknown,unknown,0.0,0.0,0.0,0,0,0,none,0.0,0.5,0,0.0,0.0,0.0,0.0,0,39.71,0,1,0,0.01465,0.002777,0,0,0,0.01465,0.293
UPST,2026-07-08 14:00:00-04:00,2026-07-08,15,0,31.39,31.74,31.3128,31.675,True,False,10.42,-62.34042738473211,-63.78188401143702,-0.8795978994352992,green,0.2615,0.0543,0.0389,34.0,-0.0250906892382103,0.0134869771112864,0.6671348314606759,0.8478464419475705,0.6056476345193796,8951003.560616951,7.0,0.024782951854775,0.0216258879242305,1.0,0.0765588003157064,0.1649565903709549,1.7561168113654302,-0.0292229186140953,0.0101283907466818,-0.1754587364930117,1,0.0430149960536698,0.0065515,0.0,12.0,35.0,NEUTRAL,82.9,1,0,unknown,unknown,0.0,0.0,0.0,0,0,0,none,0.0,0.5,0,0.0,0.0,0.0,0.0,0,43.93,0,0,0,0.005841,0.005209,0,0,0,0.005841,0.11682
HOOD,2026-06-08 06:00:00-04:00,2026-06-08,7,1,83.425,83.64,83.15,83.2937,True,False,25.01,-28.658390984405475,-29.423308057795406,-0.0251465294515906,red,0.29,0.0539,0.0376,35.6,0.0115799684733842,0.0058827978586615,0.267959183673464,0.2932653061224428,0.0088575603231749,2485431.647831012,1.0,0.0041575773437846,0.0017252205148768,0.0,0.1214221483737665,0.1333390160360268,0.8471973270487445,0.0351544149630273,0.0644684731198188,-0.1936181619057415,1,0.0,0.0,0.0,0.0,35.0,NEUTRAL,76.1,0,0,unknown,unknown,3.0,6.0,4.5,0,0,0,none,0.0,0.5,0,0.0,0.0,0.0,0.0,0,70.1,1,1,0,0.028049,0.005759,0,0,0,0.028049,0.56098
HOOD,2026-06-09 14:00:00-04:00,2026-06-09,15,0,82.385,84.07,82.3006,83.96,False,True,43.86,-11.400755581271907,-6.188964801786338,0.1580502780390373,green,0.29,0.0827,0.0502,40.9,0.0085841956726245,0.0210743211052881,0.8901322482197339,0.9378320334576692,0.8094375191496315,219293623.66762832,7.0,0.0490709861838971,0.0599094807050975,2.0,0.1283944735588374,0.1243449261553122,0.8325381133873275,0.0382672462298509,0.0689699514532821,-0.1863680797739158,1,0.0,0.028049,0.0,1.0,32.9,NEUTRAL,81.0,0,0,unknown,unknown,3.0,6.0,4.5,0,0,0,none,0.0,0.5,0,0.0,0.0,0.0,0.0,0,60.0,0,0,0,0.0019,0.0106,0,0,0,0.0019,0.038
HOOD,2026-06-09 15:00:00-04:00,2026-06-09,16,0,83.95,84.1195,83.07,83.77,True,False,40.67,-9.353127699551711,-10.138376868781894,0.0892078812343626,orange,0.29,0.0827,0.0502,40.9,0.0085841956726245,0.0125283514384625,0.1715102429728492,0.6669842782277244,1.1776352348407833,314256797.03266567,8.0,0.0514503999045004,0.0577772472245432,0.0,0.1264175719231227,0.1268950698340696,0.8366945207114721,0.0359176657536281,0.0665508912963487,-0.1882093144671382,1,0.0,0.0149745,0.0,2.0,45.8,NEUTRAL,89.6,0,0,unknown,unknown,3.0,6.0,4.5,0,0,0,none,0.0,0.5,0,0.0,0.0,0.0,0.0,0,56.98,0,0,0,0.0,0.0,0,0,0,0.0,0.0
HOOD,2026-06-11 06:00:00-04:00,2026-06-11,7,1,88.71,89.19,88.6719,88.71,True,False,27.64,32.463563984158604,31.48391894771184,0.0990499043683567,orange,0.29,0.0887,0.0683,41.5,0.0275686319935132,0.005840378762259,0.0,0.0735379270411112,0.0111184325078473,3589438.508254589,1.0,0.0054108894149476,0.0004294893473114,0.0,0.1750648179461164,0.0641415849396912,0.734414383947695,0.0895424314814018,0.1183544519231132,-0.1384381994999717,1,0.0,0.0019,0.0,3.0,41.6,NEUTRAL,79.7,0,0,unknown,unknown,3.0,6.0,4.5,0,0,0,none,0.0,0.5,0,0.0,0.0,0.0,0.0,0,55.0,1,1,1,0.055574,0.033705,1,1,0,0.055574,1.0
HOOD,2026-06-11 11:00:00-04:00,2026-06-11,12,1,87.17,90.328,86.55,89.095,True,False,50.83,29.567104085739867,29.506114438657058,0.3602179848487961,green,0.29,0.0887,0.0683,41.5,0.0275686319935132,0.0424041753184803,0.5095288512440429,0.6736368448914763,1.4345851650207957,518288270.0064824,4.0,0.0138391604467142,0.0378809136315169,1.0,0.1786295527246197,0.05954318424154,0.7269195802233572,0.0942710284391331,0.1232080925948571,-0.1346990348827638,1,0.0,0.0149745,0.25,4.0,35.0,NEUTRAL,82.3,0,0,unknown,unknown,3.0,6.0,4.5,0,0,0,none,0.0,0.5,0,0.0,0.0,0.0,0.0,0,72.73,1,1,1,0.051013,0.013412,1,1,0,0.051013,1.0
HOOD,2026-06-15 06:00:00-04:00,2026-06-15,7,1,96.58,96.94,96.5422,96.8,True,False,47.44,59.62527155951621,55.411479382568345,1.5611484608882955,green,0.3132,0.1614,0.0622,50.4,0.036711034778875,0.0041095041322314,0.5530417295123098,0.6480643539467087,0.0103118067946336,3927665.0037856,1.0,0.0014462809917355,0.0026632231404959,1.0,0.2440082644628098,-0.0072314049586777,0.5894617768595043,0.1688280325533096,0.2063492854748316,-0.0584351396285731,1,0.0,0.028049,0.4,5.0,41.2,NEUTRAL,88.3,0,0,unknown,unknown,3.0,6.0,4.5,0,0,0,none,0.0,0.5,0,0.0,0.0,0.0,0.0,0,53.45,1,1,0,0.042045,0.0,1,0,0,0.042045,0.8409
HOOD,2026-06-17 09:00:00-04:00,2026-06-17,10,0,96.61,100.4,95.53,99.925,True,False,72.04,19.102316854636506,17.47319008135689,1.2239571159442089,green,0.3922,0.1886,0.0686,58.3,-0.0018096272167933,0.0487365524143107,0.6806981519507176,0.9024640657084172,1.3007620433149778,481099491.802368,2.0,0.0047535651738804,0.0439829872404302,1.0,0.26765073805354,0.0195646735051288,0.5397538153615213,0.1777358712947138,0.2281063994267812,-0.0274813762805214,1,0.0,0.035047,0.3333333333333333,6.0,5.0,EXTENSION,64.9,0,0,unknown,unknown,3.0,6.0,4.5,0,0,0,none,0.0,0.5,0,0.0,0.0,0.0,0.0,0,6.08,0,0,1,0.10811,0.003852,1,1,0,0.10811,1.0
HOOD,2026-06-22 09:00:00-04:00,2026-06-22,10,0,106.9,112.13,106.7617,112.11,True,False,53.99,48.69312518422342,43.265372062546106,1.573280788047206,green,0.5114,0.3061,0.0981,67.4,-0.0117788461538461,0.0478842208545178,0.9705120801743574,0.9962744257958766,0.9232787649067336,580618180.7843955,2.0,0.0001783962180001,0.0477058246365176,3.0,0.3465346534653465,-0.0123280706449022,0.3724012130942825,0.2737384467685035,0.3539446272757466,0.0906588923211474,1,0.0,0.042045,0.4285714285714285,7.0,35.0,NEUTRAL,107.6,0,0,unknown,unknown,3.0,6.0,4.5,0,0,0,none,0.0,0.5,0,0.0,0.0,0.0,0.0,0,42.4,0,1,0,0.003479,0.050575,0,0,1,0.003479,-1.0
HOOD,2026-06-23 10:00:00-04:00,2026-06-23,11,1,104.6,105.99,103.855,105.215,False,True,47.73,-7.466321644813567,0.3833964621575658,-0.6071368842320585,yellow,0.5356,0.2658,0.1124,69.0,-0.0540157033393245,0.020291783490947,0.2880562060889984,0.6370023419203772,1.3530013724036474,621553912.8703024,3.0,0.0073658698854725,0.0584992634130114,2.0,0.3037114479874542,0.0692391769234424,0.4623380696668726,0.1755077871874511,0.2598441225035712,0.0233376720101366,1,0.0,0.035047,0.375,8.0,36.2,NEUTRAL,118.7,0,0,unknown,unknown,1.0,3.0,2.0,1,0,0,offering,0.0,0.5,0,0.0,0.0,0.0,0.0,0,53.11,1,1,0,0.006796,0.026755,0,0,0,0.006796,0.1359199999999999
HOOD,2026-06-25 06:00:00-04:00,2026-06-25,7,1,98.9,99.69,98.8,99.2436,True,False,12.16,-54.05583650367914,-55.99768223828846,0.0287992934173604,yellow,0.5317,0.1474,0.1373,63.5,0.0173850426910812,0.0089678326864402,0.3860674157303312,0.4984269662921385,0.0114476245012085,3746412.116883098,1.0,0.0044980230463223,0.0044698096401178,3.0,0.2599018979561402,0.133574356432052,0.5503256633173323,0.0770781895237215,0.1716255892446689,-0.0345664522552594,1,0.0,0.028049,0.3333333333333333,9.0,35.0,NEUTRAL,107.2,0,0,unknown,unknown,1.0,3.0,2.0,1,0,0,offering,0.0,0.5,0,0.0,0.0,0.0,0.0,0,44.22,1,1,0,0.0,0.064927,0,0,1,0.0,-1.0
HOOD,2026-06-25 12:00:00-04:00,2026-06-25,13,1,94.9,95.8299,93.87,94.4991,False,True,9.39,-61.74701314874977,-60.84865383301103,-0.6290332346814179,orange,0.5317,0.1474,0.1373,63.5,0.0173850426910812,0.0207398800623497,0.2045512526149339,0.320985764579824,0.5725776087692742,190959380.78161183,5.0,0.0549306818795099,0.0179800654186124,0.0,0.2227439203124685,0.1904875284526519,0.6281625962575307,0.0255867334480119,0.1156141425803869,-0.0807205565730686,1,0.0,0.0174225,0.3,10.0,30.0,NEUTRAL,87.2,0,0,unknown,unknown,1.0,3.0,2.0,1,0,0,offering,0.0,0.5,0,0.0,0.0,0.0,0.0,0,41.97,1,1,0,0.00583,0.016953,0,0,0,0.00583,0.1166
HOOD,2026-06-25 13:00:00-04:00,2026-06-25,14,0,94.51,94.94,93.9062,94.9,True,False,9.11,-61.05902453266191,-61.44175175929544,-0.3138541729844355,yellow,0.5317,0.1474,0.1373,63.5,0.0173850426910812,0.0108935721812434,0.3772489843296583,0.9613077964790172,0.5707196503063817,177931012.19917533,6.0,0.0504741833508955,0.0221285563751318,1.0,0.226027397260274,0.185458377239199,0.6212845100105374,0.0299376502444609,0.1203469888165996,-0.0768206344693674,1,0.0,0.006796,0.2727272727272727,11.0,35.0,NEUTRAL,119.7,0,0,unknown,unknown,1.0,3.0,2.0,1,0,0,offering,0.0,0.5,0,0.0,0.0,0.0,0.0,0,27.39,0,1,0,0.001581,0.021105,0,0,0,0.001581,0.0316199999999999
HOOD,2026-06-26 09:00:00-04:00,2026-06-26,10,0,92.16,96.2899,91.65,95.92,True,False,47.59,-57.63357737734167,-60.44426720189547,0.5737102429916694,green,0.53,0.0997,0.1423,58.6,-0.0133704139480158,0.0483726021684737,0.8103622922907837,0.9202784542770316,1.3038514961348011,362557021.7368071,2.0,0.0038563386155129,0.0445162635529607,2.0,0.2334236864053377,0.1728523769808173,0.60404399499583,0.0313590348750315,0.1285568896445023,-0.0658162724929786,1,0.0,0.006313,0.25,12.0,41.2,NEUTRAL,106.3,0,0,unknown,unknown,1.0,3.0,2.0,1,0,0,offering,0.0,0.5,0,0.0,0.0,0.0,0.0,0,24.8,0,1,0,0.036697,0.007297,1,0,0,0.036697,0.7339399999999999
HOOD,2026-06-30 11:00:00-04:00,2026-06-30,12,1,100.415,103.06,100.34,101.4699,False,True,26.59,32.376601622476684,33.81849742160652,0.1031226309223091,yellow,0.4253,0.1907,0.1359,60.8,0.0004929794618077,0.0268059789159149,0.3878308823529374,0.4154044117647031,1.096387706532116,287493759.3398668,4.0,0.0156706570125722,0.0152744804124178,1.0,0.2221338544730998,0.1087031720736889,0.5163107483105829,0.0786350952722633,0.1864979741699358,-0.0100562752391632,1,0.0,0.006796,0.2307692307692307,13.0,34.0,NEUTRAL,112.5,0,0,unknown,unknown,1.0,3.0,2.0,1,0,0,offering,0.0,0.5,0,0.0,0.0,0.0,0.0,0,54.63,1,1,0,0.003549,0.017827,0,0,0,0.003549,0.07098
HOOD,2026-07-01 09:00:00-04:00,2026-07-01,10,0,99.66,104.57,99.65,104.55,True,False,69.68,20.914899482217805,16.080716025987066,1.5246530221728474,green,0.4253,0.17,0.1274,58.7,-0.001695422359629,0.0470588235294116,0.9939024390243928,0.9959349593495944,1.426893894366434,348056085.9958409,2.0,0.0001912960306073,0.0468675274988043,2.0,0.2450502152080343,0.0760401721664275,0.4716394069823053,0.1057641459545214,0.2197953357266446,0.0208632519254697,1,0.0,0.006313,0.2142857142857142,14.0,5.0,EXTENSION,65.8,0,0,unknown,unknown,1.0,3.0,2.0,1,0,0,offering,0.0,0.5,0,0.0,0.0,0.0,0.0,0,-28.03,0,0,0,0.047633,0.007508,1,0,0,0.047633,0.95266
HOOD,2026-07-06 06:00:00-04:00,2026-07-06,7,1,114.01,114.76,114.0,114.2,False,True,9.93,55.42045129572316,57.20615219727103,-0.0264320093692422,orange,0.521,0.302,0.1235,68.1,0.0113545640024838,0.0066549912434326,0.2499999999999953,0.2631578947368441,0.0035053560891678,1370941.9647642002,1.0,0.0049036777583187,0.0017513134851138,1.0,0.3088441330998248,0.0512259194395796,0.347284588441331,0.1764887682409844,0.318941243592972,0.1155511196172157,1,0.0,0.006796,0.2,15.0,30.0,NEUTRAL,96.4,0,0,unknown,unknown,1.0,3.0,2.0,1,0,0,offering,0.0,0.5,0,0.0,0.0,0.0,0.0,0,13.49,1,1,0,0.038967,0.02627,1,0,0,0.038967,0.77934
HOOD,2026-07-06 10:00:00-04:00,2026-07-06,11,1,114.42,115.5,113.83,115.22,False,True,15.53,54.45910571210403,54.58829881856954,0.0924838384907731,yellow,0.521,0.302,0.1235,68.1,0.0113545640024838,0.0144940114563443,0.4790419161676625,0.8323353293413168,0.90845016435856,380737152.0738468,3.0,0.0024301336573511,0.0348897760805415,3.0,0.314962680090262,0.0419198055893074,0.3353575768095818,0.186996811530002,0.3307216294814556,0.1255148861847249,1,0.0,0.0174225,0.1875,16.0,30.0,NEUTRAL,118.0,0,0,unknown,unknown,2.0,3.0,2.5,0,0,0,none,0.0,0.5,0,0.0,0.0,0.0,0.0,0,72.06,1,1,0,0.029769,0.00026,0,0,0,0.029769,0.59538
HOOD,2026-07-06 11:00:00-04:00,2026-07-06,12,1,115.25,118.35,115.19,118.32,True,False,46.49,58.72480079264507,55.553401861190544,1.5362533570249457,green,0.521,0.302,0.1235,68.1,0.0113545640024838,0.026707234617985,0.971518987341771,0.9905063291139236,1.0552380736276177,463257700.4014937,4.0,0.0002535496957403,0.0601757944557132,4.0,0.3329107505070993,0.0146213657876944,0.3003710277214335,0.2189330215260356,0.3665247630641019,0.1557969218310766,1,0.0,0.028049,0.1764705882352941,17.0,41.2,NEUTRAL,116.0,0,0,unknown,unknown,2.0,3.0,2.5,0,0,0,none,0.0,0.5,0,0.0,0.0,0.0,0.0,0,67.28,1,1,0,0.002789,0.021087,0,0,0,0.002789,0.0557799999999999
HOOD,2026-07-06 15:00:00-04:00,2026-07-06,16,0,116.87,118.65,116.835,117.6,False,True,55.8,59.185567253541336,59.493980924367584,0.7925358870522983,yellow,0.521,0.302,0.1235,68.1,0.0113545640024838,0.0154336734693878,0.402203856749303,0.4214876033057826,1.6298098294024332,709789297.376023,8.0,0.0089285714285715,0.0544217687074829,2.0,0.3288265306122448,0.0208333333333333,0.3083324829931974,0.2115155792043762,0.358209196554584,0.1487636748422465,1,0.0,0.0174225,0.1666666666666666,18.0,20.0,NEUTRAL,99.9,0,0,unknown,unknown,2.0,3.0,2.5,0,0,0,none,0.0,0.5,0,0.0,0.0,0.0,0.0,0,10.22,0,0,0,0.0,0.0,0,0,0,0.0,0.0
HOOD,2026-07-08 13:00:00-04:00,2026-07-08,14,0,110.95,112.09,110.27,111.6195,False,True,28.08,-25.71265234264611,-23.58057020010973,-0.3008491356767762,yellow,0.521,0.2865,0.1178,68.1,-0.0461470327723649,0.0163053946667025,0.367857142857141,0.7414835164835168,0.6243627246546537,169550790.2411315,6.0,0.0122783205443492,0.0399526964374504,2.0,0.2928654939325117,0.0755289174382611,0.3784320839996596,0.1156260307243304,0.2719562140615492,0.0906404756745878,1,0.0,0.006796,0.1578947368421052,19.0,37.7,NEUTRAL,123.2,0,0,unknown,unknown,2.0,3.0,2.5,0,0,0,none,0.0,0.5,0,0.0,0.0,0.0,0.0,0,55.27,0,1,0,0.022492,0.001428,0,0,0,0.022492,0.44984
HOOD,2026-07-08 14:00:00-04:00,2026-07-08,15,0,111.59,112.89,111.4601,112.695,True,False,43.36,-21.35065162492873,-24.35186040406564,0.2656161417871007,green,0.521,0.2865,0.1178,68.1,-0.0461470327723649,0.0126882292914504,0.7727813133785489,0.8636268270508379,0.6607984296373047,174640489.47374588,7.0,0.0026176849017259,0.0491148675628909,3.0,0.299614002395847,0.0652646523803186,0.3652770752917167,0.1263755484702799,0.2842120377144341,0.1011492472744248,1,0.0,0.014644,0.15,20.0,39.1,NEUTRAL,114.5,0,0,unknown,unknown,2.0,3.0,2.5,0,0,0,none,0.0,0.5,0,0.0,0.0,0.0,0.0,0,49.24,0,0,0,0.012733,0.002662,0,0,0,0.012733,0.25466
HOOD,2026-07-10 06:00:00-04:00,2026-07-10,7,1,118.5,119.55,118.4331,118.74,True,False,60.31,35.0739666115692,29.580216945572737,1.3404020146244993,orange,0.4278,0.294,0.1183,61.9,0.029718456725756,0.0094062657908034,0.2148804727370352,0.2747784045124886,0.0481893727304321,11041390.48640898,1.0,0.006821627084386,0.0025846387064173,1.0,0.2918982651170624,0.0110325080006737,0.295771433383864,0.1523400538612709,0.3348502256227391,0.1611825305300595,1,0.0,0.012733,0.1428571428571428,21.0,25.0,NEUTRAL,77.3,0,0,unknown,unknown,2.0,3.0,2.5,0,0,0,none,0.0,0.5,0,0.0,0.0,0.0,0.0,0,6.1,0,0,0,0.006401,0.068385,0,0,1,0.006401,-1.0
HOOD,2026-07-14 06:00:00-04:00,2026-07-14,7,1,110.79,110.87,110.3525,110.4,True,False,19.88,-35.5162038488112,-36.11836836439803,-0.0336017420082631,red,0.3306,0.2163,0.1228,55.4,0.008603031544449,0.0046874999999999,0.7536231884058007,0.0917874396135257,0.0032128437206157,786780.0851424,1.0,0.0042572463768115,0.0004302536231884,0.0,0.1827889492753623,0.0874094202898549,0.3936585144927536,0.0493847696628948,0.2222529753667312,0.0811708080943851,1,0.0,0.0097644999999999,0.1363636363636363,22.0,35.0,NEUTRAL,94.9,0,0,unknown,unknown,2.0,3.0,2.5,0,0,0,none,0.0,0.5,0,0.0,0.0,0.0,0.0,0,59.64,1,1,0,0.029801,0.011821,0,0,0,0.029801,0.59602
HOOD,2026-07-17 12:00:00-04:00,2026-07-17,13,1,102.27,103.675,101.59,103.48,False,True,14.62,-48.407865695772685,-48.28541584839677,-0.4306360207139317,green,0.2936,0.1454,0.1253,47.4,-0.0288785222881915,0.0201488210282179,0.5803357314148737,0.906474820143888,1.1795517823272903,373110686.7756228,5.0,0.0030083107846927,0.0665829145728643,3.0,0.1032083494395052,0.1601275608813296,0.4868563973714728,-0.0378786470052252,0.1179388785175965,0.0152022813600551,1,0.0,0.012733,0.1304347826086956,23.0,30.0,NEUTRAL,76.9,0,0,unknown,unknown,2.0,3.0,2.5,0,0,0,none,0.0,0.5,0,0.0,0.0,0.0,0.0,0,78.88,1,1,0,0.006088,0.036722,0,0,0,0.006088,0.12176
HOOD,2026-07-17 13:00:00-04:00,2026-07-17,14,0,103.49,104.11,102.635,102.68,True,False,12.07,-46.312680568745954,-48.46174868888187,-0.462969511558558,red,0.2936,0.1454,0.1253,47.4,-0.0288785222881915,0.0143650175301908,0.5491525423728754,0.0305084745762724,0.5256334542775579,160377712.05659896,6.0,0.0139267627580832,0.0593104791585508,0.0,0.0962212699649397,0.169166342033502,0.4984407869107908,-0.0453167711103259,0.1092961349650832,0.0073537905880408,1,0.0,0.0097644999999999,0.125,24.0,35.0,NEUTRAL,99.0,1,0,unknown,unknown,0.0,2.0,1.0,0,0,0,none,0.0,0.5,0,0.0,0.0,0.0,0.0,0,49.88,0,1,0,0.002143,0.029217,0,0,0,0.002143,0.0428599999999999
HOOD,2026-07-20 06:00:00-04:00,2026-07-20,7,1,101.1,102.0,100.9,101.3,False,True,12.15,-47.11715380263688,-47.04892952018269,-0.267062035687453,orange,0.2936,0.0746,0.1053,40.4,0.0113033910173051,0.0108588351431391,0.1818181818181853,0.3636363636363577,0.0082226368772332,2371314.8370955,1.0,0.0069101678183613,0.0039486673247778,1.0,0.0839091806515301,0.1850937808489634,0.5188538993089834,-0.0558475934832046,0.0889920427254683,-0.0043895804897706,0,0.0,0.006796,0.12,25.0,30.0,NEUTRAL,71.1,1,0,unknown,unknown,0.0,2.0,1.0,0,0,0,none,0.0,0.5,0,0.0,0.0,0.0,0.0,0,53.4,1,1,0,0.013228,0.026555,0,0,0,0.013228,0.2645599999999999
HOOD,2026-07-20 11:00:00-04:00,2026-07-20,12,1,100.785,101.4,100.44,101.25,True,False,14.77,-45.97511875335978,-47.33407605523917,0.0605677720914922,yellow,0.2936,0.0746,0.1053,40.4,0.0113033910173051,0.0094814814814815,0.4843749999999995,0.8437499999999953,0.6632939805414104,198817076.02406624,4.0,0.0137283950617284,0.026074074074074,2.0,0.0834567901234568,0.185679012345679,0.519603950617284,-0.0563136114528575,0.0884545343134616,-0.0048809972812366,0,0.0,0.0097644999999999,0.1153846153846153,26.0,35.0,NEUTRAL,95.4,1,0,unknown,unknown,0.0,2.0,1.0,0,0,0,none,0.0,0.5,0,0.0,0.0,0.0,0.0,0,79.51,1,1,0,0.005086,0.021235,0,0,0,0.005086,0.10172
HOOD,2026-07-21 06:00:00-04:00,2026-07-21,7,1,101.86,102.39,101.7,101.86,True,False,49.15,-36.30534701952599,-40.96520893403357,0.785849046105987,orange,0.2936,0.0627,0.0844,39.2,0.0256771724901822,0.0067740035342626,0.0,0.2318840579710103,0.0090590786016964,2407619.35407598,1.0,0.0052032201060278,0.0015707834282347,0.0,0.0889456116237974,0.1785784409974474,0.510503632436678,-0.0466875997323314,0.0902699879263248,0.0032786804511602,0,0.0,0.006796,0.1111111111111111,27.0,41.2,NEUTRAL,73.4,1,0,unknown,unknown,0.0,2.0,1.0,0,0,0,none,0.0,0.5,0,0.0,0.0,0.0,0.0,0,56.12,1,1,1,0.06234,0.0,1,1,0,0.06234,1.0
HOOD,2026-07-22 12:00:00-04:00,2026-07-22,13,1,105.71,106.1894,105.14,105.815,False,True,29.98,14.526448831855692,15.4535936461785,-0.3244216646102243,orange,0.2936,0.1312,0.0683,46.0,-0.0073322053017484,0.0099173085101356,0.1000571755288769,0.6432246998284672,0.4634721145405875,91169297.7130426,5.0,0.0101119879034164,0.0170335018664649,2.0,0.1229976846382838,0.1345272409393753,0.4540462127297643,-0.0099737090783207,0.1253562768537032,0.0439190347386837,0,0.0,0.0097644999999999,0.1428571428571428,28.0,42.5,NEUTRAL,79.5,1,0,unknown,unknown,0.0,2.0,1.0,0,0,0,none,0.0,0.5,0,0.0,0.0,0.0,0.0,0,64.52,1,1,0,0.004394,0.014034,0,0,0,0.004394,0.08788
HOOD,2026-07-22 13:00:00-04:00,2026-07-22,14,0,105.8,106.28,105.45,105.56,True,False,30.48,15.029034604224954,14.882925288363603,-0.3258356891955494,red,0.2936,0.1312,0.0683,46.0,-0.0073322053017484,0.007862826828344,0.2891566265060185,0.1325301204819273,0.5557834464346117,102991797.11169437,6.0,0.0125521030693444,0.0146589617279272,0.0,0.1208791208791209,0.1372679045092837,0.4575587343690793,-0.0123595400492135,0.1226443187135748,0.0414033294619426,0,0.0,0.006796,0.1379310344827586,29.0,48.7,NEUTRAL,107.6,1,0,unknown,unknown,0.0,2.0,1.0,0,0,0,none,0.0,0.5,0,0.0,0.0,0.0,0.0,0,57.19,0,1,0,0.003505,0.011652,0,0,0,0.003505,0.0701
HOOD,2026-07-23 13:00:00-04:00,2026-07-23,14,0,102.45,103.14,102.33,102.58,False,True,18.88,-37.08704316670098,-35.07668936219825,-0.0870939727882127,orange,0.2936,0.1047,0.0539,43.4,-0.0025839793281653,0.007896276077208,0.1604938271604877,0.3086419753086411,0.7799703641541131,129886530.6029724,6.0,0.0167674010528368,0.0317800740885163,2.0,0.0953402222655488,0.1703061025541041,0.4999015402612596,-0.0407929494821983,0.0846188819691892,0.014065988925644,1,0.0,0.0065985,0.1333333333333333,30.0,30.0,NEUTRAL,80.6,1,0,unknown,unknown,0.0,2.0,1.0,0,0,0,none,0.0,0.5,0,0.0,0.0,0.0,0.0,0,41.24,0,1,0,0.002681,0.01316,0,0,0,0.002681,0.0536199999999999
HOOD,2026-07-23 14:00:00-04:00,2026-07-23,15,0,102.57,102.855,102.11,102.28,True,False,17.4,-36.45064537713765,-37.32703811674208,-0.1525057275993754,red,0.2936,0.1047,0.0539,43.4,-0.0025839793281653,0.0072839264763395,0.3892617449664299,0.2281879194630881,0.6985822888836728,107209456.28764288,7.0,0.0197497066875244,0.0289401642549863,0.0,0.0926867422761048,0.1737387563551036,0.5043009385999219,-0.0435981952918624,0.0814468634023073,0.0111003055889537,1,0.0,0.006401,0.1290322580645161,31.0,35.0,NEUTRAL,93.9,1,0,unknown,unknown,0.0,2.0,1.0,0,0,0,none,0.0,0.5,0,0.0,0.0,0.0,0.0,0,50.01,0,0,0,0.002151,0.010266,0,0,0,0.002151,0.04302
HOOD,2026-07-24 13:00:00-04:00,2026-07-24,14,0,94.86,96.2,94.59,95.525,False,True,7.35,-66.05781953440844,-65.00924717663702,-0.8588121788276999,yellow,0.2936,0.0693,0.04,37.8,0.0026580035440046,0.0168542266422402,0.4130434782608736,0.5807453416149084,0.9261748172903526,167928363.59008047,6.0,0.0674692488877256,0.0261188170635959,1.0,0.0285265637267731,0.2567390735409577,0.6106767861816279,-0.1085925981224686,0.0056004126619857,-0.0534738944830236,0,0.6434179534153353,0.0062445,0.125,32.0,30.0,NEUTRAL,89.3,0,0,unknown,unknown,1.0,1.0,1.0,0,0,0,none,0.0,0.5,0,0.0,0.0,0.0,0.0,0,65.89,0,1,0,0.001099,0.015232,0,0,0,0.001099,0.0219799999999999
HOOD,2026-07-24 14:00:00-04:00,2026-07-24,15,0,95.52,95.63,94.36,94.78,True,False,7.44,-65.49187624711281,-65.9778882668713,-0.9591650780689028,red,0.2936,0.0693,0.04,37.8,0.0026580035440046,0.0133994513610465,0.5826771653543285,0.3307086614173252,0.9214257931948372,165113120.1102011,7.0,0.0758598860519096,0.018463810930576,0.0,0.0208904832243089,0.2666174298375184,0.6233372019413379,-0.1155446893488362,-0.0022422704830881,-0.0608558567820045,0,0.738868959696138,0.006088,0.1212121212121212,33.0,35.0,NEUTRAL,90.3,0,0,unknown,unknown,1.0,1.0,1.0,0,0,0,none,0.0,0.5,0,0.0,0.0,0.0,0.0,0,64.47,0,0,0,0.003271,0.007491,0,0,0,0.003271,0.0654199999999999
HOOD,2026-08-27 06:00:00-04:00,2026-08-27,7,1,111.25,111.48,110.75,111.05,True,False,64.35,21.450812668997187,18.555958506587576,0.5857457299467567,red,0.3438,0.0733,0.0079,35.2,0.0253456221198156,0.0065736154885187,0.2739726027397284,0.4109589041095829,0.0197872615603787,4482003.04388495,1.0,0.0038721296713192,0.0027014858171994,0.0,0.2464655560558306,0.0126069338135975,0.3855011256190906,0.1546179519437716,0.0981588903897995,0.1607479063029238,1,0.0,0.005959,0.1176470588235294,34.0,25.0,NEUTRAL,59.7,0,0,unknown,unknown,1.0,1.0,1.0,0,0,0,none,0.0,0.5,0,0.0,0.0,0.0,0.0,0,10.2,0,0,0,0.009185,0.031878,0,0,0,0.009185,0.1837
HOOD,2026-08-31 11:00:00-04:00,2026-08-31,12,1,102.54,103.4,102.4289,103.21,False,True,10.53,-56.420804855628816,-53.66024781819248,-0.8022766662195862,green,0.3183,0.0286,0.0353,34.5,0.0046034333940731,0.0094089719988373,0.6899392441560938,0.8043455874781067,1.0442925505791214,182450755.67751357,4.0,0.0183121790524174,0.0245131285728125,2.0,0.1735296967348125,0.0895262087007073,0.4907460517391727,0.0507829203233491,0.0181915040546139,0.0817527202999477,1,0.0,0.006088,0.1142857142857142,35.0,30.0,NEUTRAL,78.4,0,0,unknown,unknown,1.0,1.0,1.0,0,0,0,none,0.0,0.5,0,0.0,0.0,0.0,0.0,0,66.53,1,1,0,0.021897,0.004457,0,0,0,0.021897,0.43794
HOOD,2026-08-31 12:00:00-04:00,2026-08-31,13,1,103.21,103.92,102.75,103.78,True,False,10.25,-54.39594554431641,-55.34244380196195,-0.0409796086716056,yellow,0.3183,0.0286,0.0353,34.5,0.0046034333940731,0.0112738485257275,0.4871794871794928,0.88034188034188,0.7931382203032677,144917153.73782557,5.0,0.0127192137213335,0.0298708807091924,3.0,0.1780689920986703,0.083542108306032,0.4825582963962229,0.0565861008735314,0.023814691316615,0.0877269384045013,1,0.0,0.0062445,0.1111111111111111,36.0,35.0,NEUTRAL,76.9,0,0,unknown,unknown,1.0,1.0,1.0,0,0,0,none,0.0,0.5,0,0.0,0.0,0.0,0.0,0,72.89,1,1,0,0.016284,0.001012,0,0,0,0.016284,0.3256799999999999
CVNA,2026-08-12 14:00:00-04:00,2026-08-12,15,0,71.47,72.06,71.34,72.03,True,False,59.71,-3.7506274222807856,-5.363376485181822,0.3686976851632895,green,0.3325,0.0788,0.0032,34.0,0.0070823496736563,0.0099958350687213,0.7777777777777821,0.9583333333333316,0.6721551128979953,40289561.95282998,6.0,0.0134666111342496,0.0238789393308343,4.0,0.220880188810218,0.0381785367208107,0.3519089268360405,0.0824010278527046,0.0792660451484721,-0.0044603713585336,1,0.0,0.0,0.0,0.0,25.0,NEUTRAL,63.1,1,0,unknown,unknown,0.0,1.0,0.5,0,0,0,none,0.0,0.5,0,0.0,0.0,0.0,0.0,0,-8.36,0,0,0,0.00715,0.002221,0,0,0,0.00715,0.143
CVNA,2026-08-24 09:00:00-04:00,2026-08-24,10,0,69.37,72.4,69.29,72.295,True,False,74.91,0.7633189937939289,-0.4831852470394207,1.4653058151650384,green,0.3555,0.0383,0.0438,39.6,-0.0091585575271894,0.0430181893630264,0.9405144694533756,0.9662379421221852,0.9141545882307373,82837276.97378787,2.0,0.0014523825990732,0.0483435922262951,1.0,0.2237360813334256,0.0522166124904902,0.3469534545957535,0.0493123843390543,0.0737540324257531,-0.002661408963038,1,0.0,0.00715,0.0,1.0,5.0,EXTENSION,45.6,1,0,unknown,unknown,0.0,1.0,0.5,0,0,0,none,0.0,0.5,0,0.0,0.0,0.0,0.0,0,-8.64,0,0,0,0.00657,0.019988,0,0,0,0.00657,0.1314
CVNA,2026-08-27 09:00:00-04:00,2026-08-27,10,0,73.99,75.57,73.13,75.5225,False,True,65.88,15.803337118083215,17.487887249490203,0.864971377164176,green,0.3685,0.0915,0.0531,47.0,-0.0027045300878972,0.0323082525075308,0.6280737704918034,0.980532786885246,0.5406975014842957,31253789.26945899,2.0,0.0006289516369293,0.0316793008706014,1.0,0.25691019232679,0.0169154887616273,0.2893905789665332,0.0761486780139213,0.1146607275163901,0.0389874280079286,1,0.0,0.00686,0.0,2.0,0.0,EXTENSION,49.8,1,0,unknown,unknown,0.0,1.0,0.5,0,0,0,none,0.0,0.5,0,0.0,0.0,0.0,0.0,0,-16.48,0,0,0,0.011089,0.02016,0,0,0,0.011089,0.2217799999999999
CVNA,2026-08-27 10:00:00-04:00,2026-08-27,11,1,75.58,76.36,75.011,75.86,True,False,65.95,23.90716333702654,17.5231948623604,1.013032580694371,orange,0.3685,0.0915,0.0531,47.0,-0.0027045300878972,0.017782757711574,0.2075611564121574,0.6293550778354347,0.8248480794232105,46256527.19014275,3.0,0.0065910888478776,0.0359873451094121,2.0,0.2602161877142104,0.0123912470340099,0.2836540996572634,0.0809578432140895,0.1196419979395989,0.0436305245282064,1,0.0,0.00715,0.0,3.0,5.0,EXTENSION,49.8,1,0,unknown,unknown,0.0,1.0,0.5,0,0,0,none,0.0,0.5,0,0.0,0.0,0.0,0.0,0,5.65,0,0,0,0.003427,0.024519,0,0,0,0.003427,0.0685399999999999
CVNA,2026-08-28 09:00:00-04:00,2026-08-28,10,0,74.33,76.23,74.275,75.22,False,True,47.48,13.15452471691216,13.809096619452315,0.2175611312177907,yellow,0.2866,0.0922,0.0602,41.7,0.0,0.0259904280776389,0.4552429667519188,0.4833759590792808,1.084549947229358,44110473.56902896,2.0,0.0134272799787291,0.0162855623504386,1.0,0.206461047593725,0.0210050518479127,0.2945759106620579,0.0622643374616938,0.1088703733187095,0.0338805487236481,1,0.0,0.00686,0.0,4.0,36.2,NEUTRAL,91.4,1,0,unknown,unknown,0.0,1.0,0.5,0,0,0,none,0.0,0.5,0,0.0,0.0,0.0,0.0,0,36.65,0,1,0,0.002459,0.019144,0,0,0,0.002459,0.0491799999999999
RIVN,2026-06-08 09:00:00-04:00,2026-06-08,10,0,16.7787,17.12,16.37,17.1,False,True,61.1,-29.417331157262407,-28.887010847717484,0.7890343408277554,yellow,0.4664,0.0586,0.0244,45.2,0.0085626911314982,0.043859649122807,0.428400000000001,0.973333333333334,1.005546122173417,71952058.69780861,2.0,0.0011695906432748,0.0426900584795321,1.0,0.260233918128655,0.0847953216374268,0.3269005847953216,0.1371571072319203,0.1072117688193626,0.0989081608390259,1,0.0,0.0,0.0,0.0,20.0,NEUTRAL,76.0,1,0,unknown,unknown,0.0,2.0,1.0,0,0,0,none,0.0,0.5,0,0.0,0.0,0.0,0.0,0,6.13,0,0,0,0.02924,0.015789,0,0,0,0.02924,0.5848
RIVN,2026-06-08 10:00:00-04:00,2026-06-08,11,1,17.105,17.5,17.06,17.455,True,False,64.61,-21.93855932289345,-28.10047567248345,1.5329753900442245,green,0.4664,0.0586,0.0244,45.2,0.0085626911314982,0.0252076768834145,0.7954545454545383,0.8977272727272692,1.2002774034957977,86324512.45747027,3.0,0.0025780578630765,0.0621598395875105,2.0,0.2752792896018332,0.0627327413348612,0.2999140647378976,0.1607647547797173,0.1301977441369574,0.1217217513125845,1,0.0,0.02924,0.0,1.0,25.0,NEUTRAL,73.3,1,0,unknown,unknown,0.0,2.0,1.0,0,0,0,none,0.0,0.5,0,0.0,0.0,0.0,0.0,0,30.23,0,0,0,0.008307,0.035806,0,0,0,0.008307,0.1661399999999999
RIVN,2026-06-09 14:00:00-04:00,2026-06-09,15,0,15.745,15.92,15.72,15.895,False,True,15.79,-46.84823673351025,-44.31443006934987,-0.5355130462971981,green,0.4664,0.0881,0.0415,51.5,0.0071258907363421,0.0125825731362063,0.7500000000000044,0.8749999999999978,0.6734056366715424,37905706.7413002,7.0,0.0758100031456434,0.0412079270210757,2.0,0.204152249134948,0.1670336583831394,0.427492922302611,0.0478953093582094,0.0270210896309313,0.0199072811562585,1,0.0,0.0187735,0.0,2.0,30.0,NEUTRAL,94.3,1,0,unknown,unknown,0.0,2.0,1.0,0,0,0,none,0.0,0.5,0,0.0,0.0,0.0,0.0,0,47.32,0,0,0,0.002202,0.011639,0,0,0,0.002202,0.0440399999999999
RIVN,2026-06-10 09:00:00-04:00,2026-06-10,10,0,15.6447,15.8,15.48,15.545,False,True,13.46,-47.752055208260586,-47.23560720339194,-0.7198403004319204,red,0.4664,0.0151,0.0556,45.9,-0.0101845957988542,0.0205853972338372,0.3115625000000008,0.2031249999999982,0.6643303587436084,33907231.04918824,2.0,0.0164039884207141,0.0041814088131231,0.0,0.1862335155998713,0.1933097458990029,0.4596333226117723,0.0192774244311848,0.0031621063500256,-0.0037044633014588,1,0.0,0.008307,0.0,3.0,30.0,NEUTRAL,92.2,1,0,unknown,unknown,0.0,2.0,1.0,0,0,0,none,0.0,0.5,0,0.0,0.0,0.0,0.0,0,47.76,0,1,0,0.005146,0.057896,0,0,1,0.005146,-1.0
RIVN,2026-06-17 09:00:00-04:00,2026-06-17,10,0,15.92,16.635,15.92,16.235,True,False,72.52,-11.125438205512223,-13.571153136125064,0.7805440880136703,yellow,0.4664,0.0221,0.0808,46.6,0.0006273525721455,0.0440406529103789,0.4405594405594388,0.4405594405594388,1.3479939332944038,61674605.565457135,2.0,0.0246381275023099,0.0194025254080689,1.0,0.2208192177394517,0.1425931629196181,0.3975977825685249,0.0314157745941994,0.0416399332734505,0.0360693818683071,1,0.0,0.0067265,0.0,4.0,5.0,EXTENSION,60.1,1,0,unknown,unknown,0.0,2.0,1.0,0,0,0,none,0.0,0.5,0,0.0,0.0,0.0,0.0,0,13.02,0,0,0,0.043733,0.009855,1,0,0,0.043733,0.87466
RIVN,2026-06-18 15:00:00-04:00,2026-06-18,16,0,16.18,16.59,16.17,16.525,True,False,79.4,-3.216214387419819,-5.074829936729986,0.5633209766498071,extended,0.4522,0.0411,0.0788,47.6,0.0147692307692306,0.0254160363086231,0.8214285714285723,0.8452380952380915,1.6169722258305166,91942832.076297,8.0,0.0049258698940999,0.0299546142208773,1.0,0.2270075642965203,0.1225416036308624,0.3730711043872922,0.0387528679636671,0.058114666974016,0.0536719111153617,1,0.0,0.008307,0.0,5.0,5.0,EXTENSION,-2.3,1,0,unknown,unknown,0.0,2.0,1.0,0,0,0,none,0.0,0.5,0,0.0,0.0,0.0,0.0,0,-20.36,0,0,0,0.0,0.0,0,0,0,0.0,0.0
RIVN,2026-06-30 10:00:00-04:00,2026-06-30,11,1,16.82,17.41,16.78,16.915,True,False,48.38,54.47919208942812,54.20824780700529,0.672345493669649,orange,0.2927,0.0799,0.0472,40.3,-0.0002976190476189,0.0372450487732781,0.1507936507936492,0.2142857142857114,1.1611853576783544,85923249.21153994,3.0,0.02926396689329,0.0310375406443983,2.0,0.1516405557197753,0.0966597694354124,0.3414129470883832,0.0443614361127403,0.0866353170932265,0.0749783923941227,1,0.0,0.0067265,0.0,6.0,41.2,NEUTRAL,82.8,1,0,unknown,unknown,0.0,2.0,1.0,0,0,0,none,0.0,0.5,0,0.0,0.0,0.0,0.0,0,62.25,1,1,0,0.037541,0.0,1,0,0,0.037541,0.7508199999999999
RIVN,2026-07-01 10:00:00-04:00,2026-07-01,11,1,17.41,17.71,17.312,17.395,False,True,46.8,53.95026908058581,54.703391852562206,0.653726118629702,orange,0.2927,0.1144,0.0388,42.0,-0.0046136101499422,0.0228801379706812,0.0376884422110567,0.2085427135678353,0.9721595859728712,67765590.43908283,3.0,0.0181086519114688,0.0186835297499281,0.0,0.1750503018108652,0.0663983903420523,0.3043978154642139,0.0726728948910058,0.1172986999640306,0.1042972048171354,1,0.0,0.008307,0.0,7.0,36.2,NEUTRAL,79.8,1,0,unknown,unknown,0.0,2.0,1.0,0,0,0,none,0.0,0.5,0,0.0,0.0,0.0,0.0,0,56.58,1,1,0,0.023283,0.014085,0,0,0,0.023283,0.46566
RIVN,2026-07-01 11:00:00-04:00,2026-07-01,12,1,17.4,17.7,17.395,17.665,True,False,48.11,55.126224360080165,54.340281570971925,1.191862987639711,green,0.2927,0.1144,0.0388,42.0,-0.0046136101499422,0.0172657797905462,0.8688524590163961,0.8852459016393437,1.0575298538045712,70237583.76650192,4.0,0.0025474101330315,0.033682422870082,1.0,0.1876592131333144,0.0500990659496179,0.2844607981885085,0.0893226035211047,0.1346410770258465,0.1214377765504281,1,0.0,0.015795,0.0,8.0,41.2,NEUTRAL,89.6,1,0,unknown,unknown,0.0,4.0,2.0,0,0,0,none,0.0,0.5,0,0.0,0.0,0.0,0.0,0,64.81,1,1,0,0.007642,0.029154,0,0,0,0.007642,0.15284
RIVN,2026-07-02 09:00:00-04:00,2026-07-02,10,0,17.9371,19.44,17.81,19.405,True,False,68.8,49.15913419934982,43.46113833859921,2.0,green,0.2927,0.1031,0.0299,39.1,-0.0039434519475525,0.0839989693377996,0.9005521472392625,0.9785276073619632,4.197929478718883,330616486.255381,2.0,0.0018036588508116,0.1187838186034526,2.0,0.260499871167225,-0.0440608090698273,0.1692862664261788,0.1970267102584663,0.2459869012456658,0.2304463340244885,1,0.0,0.008307,0.0,9.0,5.0,EXTENSION,46.3,1,0,unknown,unknown,0.0,4.0,2.0,0,0,0,none,0.0,0.5,0,0.0,0.0,0.0,0.0,0,-17.18,0,0,0,0.01984,0.049214,0,0,0,0.01984,0.3968
RIVN,2026-07-06 09:00:00-04:00,2026-07-06,10,0,18.6214,19.29,18.39,19.235,False,True,47.04,55.26796562798708,55.46899451526272,0.5777969858001751,green,0.3791,0.194,0.0201,52.0,0.0069817400644467,0.0467897062646217,0.6817777777777768,0.9388888888888892,0.8479197896972318,94270737.68882218,2.0,0.0028593709383935,0.0439303353262281,2.0,0.2539641278918638,0.0288536521965167,0.1796204834936315,0.1852239817610448,0.232728344740957,0.21772490875768,1,0.0,0.0140735,0.0,10.0,36.2,NEUTRAL,94.8,1,0,unknown,unknown,0.0,4.0,2.0,0,0,0,none,0.0,0.5,0,0.0,0.0,0.0,0.0,0,34.42,0,1,1,0.050169,0.002339,1,1,0,0.050169,1.0
RIVN,2026-07-06 10:00:00-04:00,2026-07-06,11,1,19.2152,19.81,19.19,19.705,True,False,51.24,60.20217562073364,56.19827851349201,1.475597689461082,green,0.3791,0.194,0.0201,52.0,0.0069817400644467,0.0314640954072569,0.7900000000000015,0.8306451612903212,1.179322264457979,137645536.4329203,3.0,0.0053285968028419,0.0667343313879724,3.0,0.2717584369449378,0.004313625983253,0.1514843948236489,0.2141844845646678,0.2628495988105306,0.2474795595045533,1,0.0,0.01984,0.0909090909090909,11.0,35.0,NEUTRAL,92.8,1,0,unknown,unknown,0.0,4.0,2.0,0,0,0,none,0.0,0.5,0,0.0,0.0,0.0,0.0,0,59.52,1,1,0,0.025121,0.006344,0,0,0,0.025121,0.50242
RIVN,2026-07-06 15:00:00-04:00,2026-07-06,16,0,19.715,20.2,19.655,20.115,False,True,57.79,63.82683410351051,64.14182742497272,1.7964981674322402,green,0.3791,0.194,0.0201,52.0,0.0069817400644467,0.0270942083022619,0.7339449541284403,0.8440366972477044,1.5622297775873006,195500084.00517613,8.0,0.0042257022122794,0.0857568978374346,2.0,0.2866020382798906,-0.0161570966940094,0.1280139199602288,0.2394479019039987,0.2891255864031374,0.2734357441986343,1,0.0,0.0215615,0.0833333333333333,12.0,20.0,NEUTRAL,76.4,1,0,unknown,unknown,0.0,4.0,2.0,0,0,0,none,0.0,0.5,0,0.0,0.0,0.0,0.0,0,-6.96,0,0,0,0.0,0.0,0,0,0,0.0,0.0
RIVN,2026-07-08 12:00:00-04:00,2026-07-08,13,1,16.385,16.5,16.3,16.47,False,True,29.88,-28.09018794338723,-27.589946725284683,0.033023366783471,yellow,0.4077,0.0542,0.015,38.9,-0.0445859872611464,0.0121432908318153,0.424999999999988,0.8499999999999938,1.073405482807657,157799016.67793033,5.0,0.0018214936247723,0.0631026108075287,5.0,0.1287188828172434,0.2264723740133576,0.3776563448694598,0.0081410295647915,0.052907482227791,0.039979541386071,1,0.0,0.01984,0.0769230769230769,13.0,42.2,NEUTRAL,83.4,1,0,unknown,unknown,0.0,4.0,2.0,0,0,0,none,0.0,0.5,0,0.0,0.0,0.0,0.0,0,93.19,1,1,0,0.019429,0.006673,0,0,0,0.019429,0.3885799999999999
RIVN,2026-07-08 13:00:00-04:00,2026-07-08,14,0,16.465,16.685,16.4,16.54,True,False,41.37,-26.555647369976164,-27.86291183562948,0.2507492969889411,yellow,0.4077,0.0542,0.015,38.9,-0.0445859872611464,0.0172309552599758,0.2631578947368395,0.4912280701754403,0.7409894509821061,110484289.94366685,6.0,0.0087666263603385,0.067067714631197,6.0,0.1324062877871825,0.2212817412333736,0.3718258766626361,0.0124257819673134,0.0573824988492813,0.0443996122966372,1,0.0,0.0196345,0.0714285714285714,14.0,44.1,NEUTRAL,97.7,1,0,unknown,unknown,0.0,4.0,2.0,0,0,0,none,0.0,0.5,0,0.0,0.0,0.0,0.0,0,67.09,0,1,0,0.015115,0.010877,0,0,0,0.015115,0.3022999999999999
RIVN,2026-07-14 06:00:00-04:00,2026-07-14,7,1,17.31,17.35,17.31,17.35,False,True,30.09,-22.989135849815003,-21.31453491709985,-0.2350812551587376,green,0.4077,0.1008,0.031,46.8,-0.0005773672055428,0.0023054755043229,1.0,1.0,0.0008858391754892,66051.45000000001,1.0,0.0,0.0023054755043229,2.0,0.1729106628242075,0.1642651296829969,0.3077809798270893,0.0406669865642992,0.1033386327503975,0.0921875540979067,1,0.0,0.019429,0.0666666666666666,15.0,42.7,NEUTRAL,89.5,1,0,unknown,unknown,0.0,4.0,2.0,0,0,0,none,0.0,0.5,0,0.0,0.0,0.0,0.0,0,72.01,1,1,0,0.017291,0.037464,0,0,0,0.017291,0.34582
RIVN,2026-07-14 09:00:00-04:00,2026-07-14,10,0,17.39,17.65,17.3165,17.5231,True,False,48.23,-18.90632941519721,-21.70700800346648,0.3114327731444248,yellow,0.4077,0.1008,0.031,46.8,-0.0005773672055428,0.0190320205899639,0.3991004497751124,0.6194902548725632,0.6795613558182997,48895068.12171782,2.0,0.0072418693039473,0.012161090218055,3.0,0.1810809731154875,0.1527640657189652,0.2948622104536298,0.0510496641074853,0.1143465818759936,0.1030842495223647,1,0.0,0.01836,0.0625,16.0,41.2,NEUTRAL,101.4,0,0,unknown,unknown,1.0,2.0,1.5,0,0,0,none,0.0,0.5,0,0.0,0.0,0.0,0.0,0,60.17,0,1,0,0.003818,0.046972,0,0,0,0.003818,0.07636
RIVN,2026-07-14 15:00:00-04:00,2026-07-14,16,0,17.2,17.54,17.195,17.51,True,False,70.4,-24.863526674787128,-24.89443812020938,0.7755430609484106,green,0.4077,0.1008,0.031,46.8,-0.0005773672055428,0.0197030268418046,0.8985507246376907,0.9130434782608764,1.500426125468321,82186287.65522581,8.0,0.0079954311821814,0.0462592804111937,2.0,0.180468303826385,0.1536264991433465,0.2958309537407195,0.0502639155470247,0.1135135135135136,0.1022596007063024,1,0.0,0.017291,0.0588235294117647,17.0,5.0,EXTENSION,53.7,0,0,unknown,unknown,1.0,2.0,1.5,0,0,0,none,0.0,0.5,0,0.0,0.0,0.0,0.0,0,13.16,0,0,0,0.0,0.0,0,0,0,0.0,0.0
RIVN,2026-07-16 15:00:00-04:00,2026-07-16,16,0,16.805,17.1,16.715,17.1,False,True,39.04,-36.151481928317615,-32.73334949722759,-0.1444173512576795,green,0.4077,0.1264,0.0338,49.9,0.0,0.022514619883041,0.7662337662337676,1.0,5.069987290280381,367840651.8907467,8.0,0.0426900584795319,0.0298245614035088,2.0,0.1608187134502925,0.1812865497076022,0.3269005847953216,0.0199821055770949,0.0821004138559479,0.0751741656396972,1,0.0,0.016203,0.0555555555555555,18.0,44.9,NEUTRAL,103.0,0,0,unknown,unknown,1.0,2.0,1.5,0,0,0,none,0.0,0.5,0,0.0,0.0,0.0,0.0,0,70.17,0,0,0,0.0,0.0,0,0,0,0.0,0.0
RIVN,2026-07-17 10:00:00-04:00,2026-07-17,11,1,16.93,17.1651,16.89,16.93,True,False,26.34,-35.053274008284404,-36.17996839516079,-0.2438356569762758,orange,0.4077,0.0779,0.0378,45.9,-0.0140350877192983,0.0162492616656821,0.0,0.1454016721192271,1.206294278618701,81492935.42546342,3.0,0.013886591848789,0.025989367985824,0.0,0.1523922031896042,0.19314825753101,0.3402244536326049,0.0063603400106995,0.0678558363083599,0.0639835594743555,1,0.0,0.015115,0.0526315789473684,19.0,38.4,NEUTRAL,90.0,0,0,unknown,unknown,1.0,2.0,1.5,0,0,0,none,0.0,0.5,0,0.0,0.0,0.0,0.0,0,79.88,1,1,0,0.033373,0.003839,1,0,0,0.033373,0.6674599999999999
RIVN,2026-07-21 06:00:00-04:00,2026-07-21,7,1,17.32,17.42,17.32,17.4,False,True,37.02,3.340991075596923,7.579890677311392,0.0211446817613996,green,0.4077,0.0798,0.0361,45.7,0.0049318247751668,0.0057471264367816,0.7999999999999716,0.7999999999999716,0.005052616743253,295869.6,1.0,0.0011494252873565,0.0045977011494251,2.0,0.175287356321839,0.1609195402298851,0.3040229885057473,0.0284447728112303,0.0897817304982304,0.0918863120441648,1,0.0,0.016203,0.05,20.0,49.9,NEUTRAL,93.8,0,0,unknown,unknown,1.0,2.0,1.5,0,0,0,none,0.0,0.5,0,0.0,0.0,0.0,0.0,0,73.41,1,1,0,0.021552,0.015517,0,0,0,0.021552,0.43104
RIVN,2026-07-21 09:00:00-04:00,2026-07-21,10,0,17.37,17.62,17.13,17.4737,True,False,56.14,5.797711363047084,5.247037333832892,0.3069395848976156,orange,0.4077,0.0798,0.0361,45.7,0.0049318247751668,0.0280421433354127,0.2116326530612234,0.7014285714285724,0.6113953034061199,35833065.113210015,2.0,0.0083725827958589,0.0196695605395538,3.0,0.1787658023200582,0.1560230517863989,0.2985229230214551,0.0328008865903217,0.0943976450693639,0.0965111408486279,1,0.0,0.017291,0.0476190476190476,21.0,25.0,NEUTRAL,70.5,0,0,unknown,unknown,1.0,2.0,1.5,0,0,0,none,0.0,0.5,0,0.0,0.0,0.0,0.0,0,9.37,0,0,0,0.017243,0.002501,0,0,0,0.017243,0.34486
RIVN,2026-07-24 06:00:00-04:00,2026-07-24,7,1,16.5069,16.5069,16.49,16.5,False,True,12.05,-50.45333222083141,-49.23889581128925,-0.9261884018549564,red,0.4077,0.0195,0.0492,42.3,0.0022404371584701,0.0010242424242426,0.4082840236686602,0.5917159763313398,0.0009728345094481,50506.5,1.0,0.0004181818181819,0.0006060606060607,0.0,0.1303030303030303,0.2242424242424242,0.3751515151515152,-0.0438801083602543,0.0219945617501502,0.032296813487427,1,0.0,0.017267,0.0454545454545454,22.0,30.0,NEUTRAL,80.0,0,0,unknown,unknown,1.0,2.0,1.5,0,0,0,none,0.0,0.5,0,0.0,0.0,0.0,0.0,0,65.61,1,1,0,0.006364,0.049697,0,0,0,0.006364,0.1272799999999999
RIVN,2026-07-24 15:00:00-04:00,2026-07-24,16,0,15.75,15.915,15.7,15.8537,False,True,18.87,-61.34072881368297,-61.007681661517296,-0.879677089190812,yellow,0.4077,0.0195,0.0492,42.3,0.0022404371584701,0.0135615029929921,0.4823255813953487,0.7148837209302359,1.6764806666369203,89381889.84396552,8.0,0.0473895683657443,0.0109564328831755,1.0,0.0948485211654062,0.2741505137601947,0.4312116414464763,-0.0813310347824826,-0.0180366555382814,-0.0081379398796593,1,0.0,0.017243,0.0434782608695652,23.0,30.0,NEUTRAL,91.5,0,0,unknown,unknown,1.0,2.0,1.5,0,0,0,none,0.0,0.5,0,0.0,0.0,0.0,0.0,0,60.82,0,0,0,0.0,0.0,0,0,0,0.0,0.0
RIVN,2026-07-28 11:00:00-04:00,2026-07-28,12,1,16.085,16.48,16.0801,16.415,False,True,29.19,-20.198018740190747,-15.509873212063932,-0.1526515645270989,green,0.3091,0.0156,0.0406,33.6,-0.0012128562765312,0.0243618641486444,0.825206301575392,0.8374593648412066,0.5778593606478486,31222369.0211414,4.0,0.0039597928723729,0.0325921413341455,2.0,0.0599634480657934,0.2305817849527871,0.3822723119098387,-0.0538223214929029,0.0115918628943296,0.0251958348881982,1,0.2504568991775819,0.016179,0.0416666666666666,24.0,40.5,NEUTRAL,84.3,0,0,unknown,unknown,2.0,2.0,2.0,0,0,0,earnings,0.0,0.5,0,0.0,0.0,0.0,0.0,0,88.5,1,1,0,0.018581,0.007615,0,0,0,0.018581,0.37162
RIVN,2026-07-28 12:00:00-04:00,2026-07-28,13,1,16.415,16.5,16.29,16.475,True,False,33.91,-16.082624308389075,-18.090153395005583,0.110268766782221,yellow,0.3091,0.0156,0.0406,33.6,-0.0012128562765312,0.0127465857359636,0.2857142857142953,0.8809523809523881,0.3952022725765401,21862262.51594298,5.0,0.0015174506828527,0.0361153262518968,3.0,0.0633869499241275,0.2261001517450681,0.3772382397572078,-0.050363859067656,0.0152894268159661,0.0289431239587613,1,0.2076631259484056,0.017243,0.04,25.0,57.3,LAUNCH,91.1,0,0,unknown,unknown,2.0,2.0,2.0,0,0,0,earnings,0.0,0.5,0,0.0,0.0,0.0,0.0,0,90.27,1,1,0,0.014871,0.006373,0,0,0,0.014871,0.29742
RIVN,2026-07-29 13:00:00-04:00,2026-07-29,14,0,16.365,16.525,16.365,16.495,False,True,34.95,-1.001369864002744,3.659058806096799,-0.0507811657255469,green,0.3091,0.0258,0.0379,34.1,0.0001437556154536,0.0096999090633525,0.8125000000000152,0.8125000000000152,0.5410360844437563,24298980.918996044,6.0,0.0263716277659896,0.0215216732343134,2.0,0.0645225826007881,0.2246135192482569,0.3755683540466808,-0.0488820977065343,0.0138104398812559,0.0290482317619994,0,0.1934677174901478,0.016179,0.0384615384615384,26.0,54.9,LAUNCH,98.0,0,0,unknown,unknown,2.0,2.0,2.0,0,0,0,earnings,0.0,0.5,0,0.0,0.0,0.0,0.0,0,66.01,0,1,0,0.016369,0.016065,0,0,0,0.016369,0.32738
RIVN,2026-07-29 14:00:00-04:00,2026-07-29,15,0,16.5,16.765,16.4301,16.735,True,False,71.03,6.01738852867327,1.844636568406336,0.7282322561894318,green,0.3091,0.0258,0.0379,34.1,0.0001437556154536,0.0200119510008963,0.7017020005971892,0.9104210212003552,0.7984435513521666,35824018.57714285,7.0,0.0116522258739169,0.035554227666567,3.0,0.0779384523453839,0.2070510905288317,0.355841051688079,-0.0350434619653745,0.0285612434927442,0.0440207431668419,0,0.0257693456827011,0.016369,0.037037037037037,27.0,5.0,EXTENSION,40.9,0,0,unknown,unknown,2.0,2.0,2.0,0,0,0,earnings,0.0,0.5,0,0.0,0.0,0.0,0.0,0,12.35,0,0,0,0.000896,0.030176,0,0,0,0.000896,0.01792
RIVN,2026-07-30 13:00:00-04:00,2026-07-30,14,0,16.305,16.59,16.3,16.53,True,False,55.92,-9.001777792362637,-9.278023714660469,0.4087064151233777,green,0.3091,0.0005,0.0314,30.3,0.0067319461444308,0.0175438596491227,0.7758620689655245,0.7931034482758659,1.0631868169156626,35407870.55447685,6.0,0.0096793708408953,0.0226860254083484,1.0,0.0665033272837266,0.2220205686630367,0.3726557773744706,-0.0440527997455433,0.0127993823945689,0.0301905665580698,0,0.1687084089534172,0.015742,0.0357142857142857,28.0,25.0,NEUTRAL,60.1,0,0,unknown,unknown,2.0,2.0,2.0,0,0,0,earnings,0.0,0.5,0,0.0,0.0,0.0,0.0,0,20.48,0,0,0,0.021779,0.003025,0,0,0,0.021779,0.4355799999999999
LCID,2026-07-20 14:00:00-04:00,2026-07-20,15,0,7.31,7.5,7.25,7.39,False,True,32.02,46.71705358531027,46.88124751579795,0.2570740185897012,yellow,2.1899,0.2651,0.0753,100.0,-0.0088495575221238,0.03382949932341,0.3200000000000003,0.5599999999999987,0.412325858308626,14118031.187953366,7.0,0.0446549391069012,0.0771312584573747,4.0,0.679296346414073,0.0230040595399188,3.56021650879567,0.2571768808744097,0.270261443525792,-0.3135239953089257,1,0.0,0.0,0.0,0.0,47.6,NEUTRAL,164.2,0,0,unknown,unknown,3.0,5.0,4.0,0,0,0,none,0.0,0.5,0,0.0,0.0,0.0,0.0,0,40.36,0,0,0,0.001353,0.040595,0,0,0,0.001353,0.02706
LCID,2026-07-21 14:00:00-04:00,2026-07-21,15,0,7.135,7.23,7.1,7.21,True,False,48.8,16.940285542582053,16.0888195291306,0.2453976874966187,green,2.2574,0.2183,0.0816,100.0,0.0007037297677691,0.0180305131761443,0.5769230769230749,0.8461538461538435,0.3401567971729556,7569058.30158709,7.0,0.0319001386962552,0.0457697642163661,1.0,0.6712898751733704,0.0707350901525658,3.590846047156727,0.2085655617483133,0.2354140607597539,-0.325015388432112,1,0.0,0.001353,0.0,1.0,41.2,NEUTRAL,147.4,0,0,unknown,unknown,3.0,5.0,4.0,0,0,0,none,0.0,0.5,0,0.0,0.0,0.0,0.0,0,32.01,0,0,0,0.021498,0.013176,0,0,0,0.021498,0.4299599999999999
LCID,2026-07-23 15:00:00-04:00,2026-07-23,16,0,6.33,6.585,6.3295,6.44,True,False,34.03,-39.50161684170639,-39.60759644152688,-0.3555972005119476,yellow,2.2857,0.155,0.0996,95.5,-0.0088365243004417,0.0396739130434782,0.4305283757338571,0.4324853228962826,1.6995590696782852,17176979.541603006,8.0,0.0512422360248445,0.0341614906832299,2.0,0.6319875776397516,0.2091635093167701,4.139751552795031,0.0466013895096088,0.0970478510467952,-0.3872648129207203,1,0.0,0.0114255,0.0,2.0,57.6,LAUNCH,169.3,0,0,unknown,unknown,3.0,5.0,4.0,0,0,0,none,0.0,0.5,0,0.0,0.0,0.0,0.0,0,75.96,0,0,0,0.0,0.0,0,0,0,0.0,0.0
LCID,2026-07-24 15:00:00-04:00,2026-07-24,16,0,6.25,6.3699,6.25,6.3,False,True,26.42,-40.69601609959873,-39.29930049155318,-0.2387625344933441,yellow,2.2857,0.0972,0.1045,89.7,0.0015527950310558,0.019031746031746,0.4170141784820657,0.4170141784820657,1.2887173433962111,10403953.038681298,8.0,0.061904761904762,0.0293650793650793,2.0,0.6238095238095238,0.2360338095238095,4.253968253968254,0.0131467856712095,0.0716655042781569,-0.3953151319988674,1,0.0,0.001353,0.0,3.0,33.6,NEUTRAL,141.0,0,0,unknown,unknown,3.0,5.0,4.0,0,0,0,none,0.0,0.5,0,0.0,0.0,0.0,0.0,0,66.16,0,0,0,0.0,0.0,0,0,0,0.0,0.0
LCID,2026-07-27 06:00:00-04:00,2026-07-27,7,1,6.37,6.39,6.37,6.39,True,False,34.44,-36.49315250143162,-39.62464512903818,0.2176585539947935,green,2.2857,0.0706,0.1067,87.1,0.0111111111111111,0.003129890453834,1.0,1.0,0.0026151584703717,19700.37,1.0,0.0,0.003129890453834,3.0,0.6291079812206573,0.218624882629108,3.804381846635368,0.017961687044486,0.085903645169513,-0.3814163532606329,1,0.0,0.0006765,0.0,4.0,58.6,LAUNCH,139.3,0,0,unknown,unknown,3.0,5.0,4.0,0,0,0,none,0.0,0.5,0,0.0,0.0,0.0,0.0,0,75.33,1,1,0,0.042254,0.015649,1,0,0,0.042254,0.8450799999999999
LCID,2026-07-28 10:00:00-04:00,2026-07-28,11,1,6.45,6.82,6.3699,6.63,True,False,92.78,8.769583004468386,0.5750000502764192,0.6165957289942349,extended,2.2857,0.1042,0.1085,90.4,-0.0138461538461538,0.0678883861236802,0.3999111308598083,0.577871584092423,2.19568981446676,15525063.71666679,3.0,0.028657616892911,0.0625942684766214,2.0,0.6425339366515836,0.1745117647058823,3.539969834087481,0.0513379583746282,0.1262676881784362,-0.3533284564740307,1,0.0,0.001353,0.0,5.0,5.0,EXTENSION,40.4,0,0,unknown,unknown,3.0,5.0,4.0,0,0,0,none,0.0,0.5,0,0.0,0.0,0.0,0.0,0,14.8,0,0,1,0.282051,0.040724,1,1,0,0.282051,1.0
LCID,2026-07-29 14:00:00-04:00,2026-07-29,15,0,7.93,8.16,7.92,8.065,False,True,40.52,59.69389800010394,60.39786866516855,0.4863112881560572,green,2.5865,0.3346,0.1264,100.0,-0.0120025268477573,0.0297582145071296,0.5624999999999987,0.6041666666666644,0.755896497262167,17270518.180275515,7.0,0.0167389956602603,0.0650960942343458,4.0,0.7061376317420954,0.0539367637941724,2.670179789212648,0.2649492216601966,0.3624921865761153,-0.2077136176984892,1,0.0,0.0114255,0.1666666666666666,6.0,41.2,NEUTRAL,149.1,0,0,unknown,unknown,3.0,5.0,4.0,0,0,0,none,0.0,0.5,0,0.0,0.0,0.0,0.0,0,50.11,0,0,0,0.00248,0.031618,0,0,0,0.00248,0.0496
LCID,2026-07-30 14:00:00-04:00,2026-07-30,15,0,7.755,7.895,7.67,7.875,False,True,34.84,26.085407569657296,28.85502942045234,0.162044311100407,green,2.5865,0.3361,0.1306,100.0,-0.0037641154328731,0.0285714285714285,0.5333333333333347,0.9111111111111128,0.516218492609833,11746035.868494377,7.0,0.0222095238095237,0.0526984126984127,2.0,0.699047619047619,0.0793650793650793,2.53015873015873,0.2229685134138293,0.3218188227000354,-0.2211260292263185,1,0.0,0.00248,0.1428571428571428,7.0,54.6,LAUNCH,163.6,0,0,unknown,unknown,3.0,5.0,4.0,0,0,0,none,0.0,0.5,0,0.0,0.0,0.0,0.0,0,53.24,0,0,0,0.04381,0.004444,1,0,0,0.04381,0.8762
LCID,2026-07-30 15:00:00-04:00,2026-07-30,16,0,7.875,8.22,7.84,8.15,True,False,71.93,33.449683720563634,28.099940053122744,0.774048693446456,green,2.5865,0.3361,0.1306,100.0,-0.0037641154328731,0.0466257668711657,0.7236842105263153,0.8157894736842102,1.7160026257932377,42663350.3943162,8.0,0.0085889570552147,0.0846625766871166,3.0,0.7092024539877301,0.0429447852760735,2.411042944785276,0.2656753503901853,0.3679775752387669,-0.1939272556437454,1,0.0,0.011989,0.125,8.0,5.0,EXTENSION,106.6,1,0,unknown,unknown,0.0,5.0,2.5,0,0,0,none,0.0,0.5,0,0.0,0.0,0.0,0.0,0,-0.53,0,0,0,0.0,0.0,0,0,0,0.0,0.0
LCID,2026-08-03 10:00:00-04:00,2026-08-03,11,1,7.555,7.845,7.455,7.835,True,False,71.83,-8.890273889661103,-11.25996278071672,0.9430890546172778,green,2.5865,0.2217,0.1192,100.0,0.0020325203252032,0.0497766432673898,0.7179487179487192,0.9743589743589748,1.0908391077219688,11144750.145503908,3.0,0.0012763241863433,0.0720995532865347,2.0,0.6975111678366305,0.0848755583918315,2.229100191448628,0.1909557286718599,0.2969921700408882,-0.2146465658955134,1,0.0,0.00248,0.1111111111111111,9.0,5.0,EXTENSION,106.6,1,0,unknown,unknown,0.0,5.0,2.5,0,0,0,none,0.0,0.5,0,0.0,0.0,0.0,0.0,0,25.45,0,0,0,0.009572,0.047224,0,0,0,0.009572,0.19144
LCID,2026-08-04 11:00:00-04:00,2026-08-04,12,1,7.64,7.73,7.61,7.6799,True,False,44.5,2.3115757489890214,1.177882540046871,0.0548679460325395,yellow,2.5865,0.2662,0.1115,100.0,-0.0032573289902279,0.0156252034531699,0.3325000000000019,0.5824999999999964,1.0107294795409814,7867522.377827358,4.0,0.0065235224416985,0.039492701727887,2.0,0.6914022317998932,0.106785244599539,2.2851990260289847,0.1582249368472648,0.2628714255175703,-0.2246676021927653,1,0.0,0.006026,0.1,10.0,36.2,NEUTRAL,150.3,1,0,unknown,unknown,0.0,5.0,2.5,0,0,0,none,0.0,0.5,0,0.0,0.0,0.0,0.0,0,83.58,1,1,0,0.034519,0.02017,1,0,0,0.034519,0.69038
LCID,2026-08-04 15:00:00-04:00,2026-08-04,16,0,7.575,7.945,7.525,7.7896,True,False,78.75,13.237984045623548,9.025728891637796,0.4518088115252163,extended,2.5865,0.2662,0.1115,100.0,-0.0032573289902279,0.0539180445722501,0.5109523809523808,0.6299999999999994,2.913999934562745,26379649.33226845,8.0,0.0199496764917325,0.053019410496046,1.0,0.6957481770565883,0.0911985211050631,2.2389339632330287,0.1747690683557669,0.2809103316725043,-0.2135927230876398,1,0.0,0.009572,0.0909090909090909,11.0,5.0,EXTENSION,50.2,1,0,unknown,unknown,0.0,5.0,2.5,0,0,0,none,0.0,0.5,0,0.0,0.0,0.0,0.0,0,-16.96,0,0,0,0.0,0.0,0,0,0,0.0,0.0
LCID,2026-08-05 15:00:00-04:00,2026-08-05,16,0,6.415,6.725,6.4,6.7,False,True,28.43,-50.7156261890308,-49.76854262247923,-0.3588227157341696,green,2.5865,0.2712,0.1064,100.0,-0.0769744274417171,0.048507462686567,0.8769230769230792,0.9230769230769246,2.087699059650894,24134041.3142448,8.0,0.0820895522388059,0.0775820895522388,1.0,0.6462686567164179,0.2686567164179104,2.765671641791045,-0.0029761904761902,0.094753353703371,-0.3188184041033566,1,0.0,0.006026,0.0833333333333333,12.0,38.6,NEUTRAL,148.9,1,0,unknown,unknown,0.0,5.0,2.5,0,0,0,none,0.0,0.5,0,0.0,0.0,0.0,0.0,0,61.37,0,0,0,0.0,0.0,0,0,0,0.0,0.0
LCID,2026-08-06 06:00:00-04:00,2026-08-06,7,1,6.64,6.68,6.62,6.64,True,False,13.0,-48.90486242078001,-50.35209535686333,-0.4674474288818808,orange,2.5865,0.0917,0.0993,89.2,-0.008955223880597,0.0090361445783131,0.0,0.3333333333333284,0.0182967446539012,204213.95809544,1.0,0.0060240963855421,0.003012048192771,0.0,0.6430722891566265,0.2801204819277109,2.799698795180723,-0.0183323477232405,0.0819089827774429,-0.3201388391165901,1,0.0,0.00248,0.0769230769230769,13.0,35.0,NEUTRAL,119.3,1,0,unknown,unknown,0.0,5.0,2.5,0,0,0,none,0.0,0.5,0,0.0,0.0,0.0,0.0,0,56.27,1,1,1,0.072289,0.006024,1,1,0,0.072289,1.0
LCID,2026-08-07 15:00:00-04:00,2026-08-07,16,0,6.895,7.06,6.895,7.035,False,True,40.08,4.353174142024951,6.385917101365722,0.0601155592770905,green,2.5865,0.1336,0.097,93.4,-0.001432664756447,0.0234541577825159,0.8484848484848517,0.8484848484848517,0.9259383373573412,8909483.714182798,8.0,0.0277185501066098,0.0206112295664535,1.0,0.6631130063965884,0.2082444918265813,2.5863539445629,0.0312981015905595,0.1425091352009745,-0.2750001288201619,1,0.0,0.006026,0.1428571428571428,14.0,42.3,NEUTRAL,143.7,1,0,unknown,unknown,0.0,5.0,2.5,0,0,0,none,0.0,0.5,0,0.0,0.0,0.0,0.0,0,58.94,0,0,0,0.0,0.0,0,0,0,0.0,0.0
LCID,2026-08-10 06:00:00-04:00,2026-08-10,7,1,7.03,7.03,7.0,7.01,True,False,36.72,6.39521867537186,5.605733745100581,-0.0595883921738773,red,2.5865,0.1404,0.0986,94.0,-0.0007107320540156,0.0042796005706134,0.6666666666666765,0.3333333333333235,0.0082899876294272,73562.94,1.0,0.0028530670470756,0.0014265335235377,0.0,0.6619115549215406,0.2125534950071327,2.5991440798858774,0.0165313225058005,0.135572078858272,-0.2727612249979251,1,0.0,0.00248,0.1333333333333333,15.0,55.7,LAUNCH,145.2,1,0,unknown,unknown,0.0,5.0,2.5,0,0,0,none,0.0,0.5,0,0.0,0.0,0.0,0.0,0,75.92,1,1,0,0.00428,0.078459,0,0,1,0.00428,-1.0
LCID,2026-08-11 06:00:00-04:00,2026-08-11,7,1,6.6,6.64,6.59,6.59,False,True,18.35,-39.47789122329984,-39.34342867705473,-0.2801926301159883,orange,2.5865,0.0703,0.1022,87.0,-0.0030211480362538,0.007587253414264,0.1999999999999964,0.0,0.0046904209361055,27276.01,1.0,0.007587253414264,0.0,0.0,0.6403641881638846,0.2898330804248862,2.8285280728376327,-0.0519349733851245,0.0670164019364971,-0.3116630804905054,1,0.0,0.00338,0.125,16.0,30.0,NEUTRAL,111.9,1,0,unknown,unknown,0.0,0.0,0.0,0,0,0,none,0.0,0.5,0,0.0,0.0,0.0,0.0,0,50.6,1,1,0,0.021244,0.012898,0,0,0,0.021244,0.42488
LCID,2026-08-11 10:00:00-04:00,2026-08-11,11,1,6.56,6.73,6.56,6.68,True,False,53.25,-36.70766519566578,-39.08053097885761,0.5927217949089051,green,2.5865,0.0703,0.1022,87.0,-0.0030211480362538,0.0254491017964073,0.7058823529411737,0.7058823529411737,1.061209612064361,6309837.366441359,3.0,0.0074850299401198,0.0261976047904191,1.0,0.6452095808383234,0.2724550898203593,2.7769461077844317,-0.038987196086894,0.0815887048461002,-0.302262424533623,1,0.0,0.00428,0.1176470588235294,17.0,35.0,NEUTRAL,127.3,1,0,unknown,unknown,0.0,0.0,0.0,0,0,0,none,0.0,0.5,0,0.0,0.0,0.0,0.0,0,71.01,1,1,0,0.005988,0.013473,0,0,0,0.005988,0.11976
LCID,2026-08-12 15:00:00-04:00,2026-08-12,16,0,6.4598,6.55,6.45,6.55,False,True,26.52,-40.72796863988626,-39.22219241929653,-0.0627366393130068,green,0.8339,0.0843,0.1065,77.4,0.0007468259895444,0.015267175572519,0.9019999999999972,1.0,1.5580268975138687,6593896.264362498,8.0,0.0396946564885495,0.0335725190839694,1.0,0.2923664122137405,0.2977099236641222,2.851908396946565,-0.0715804394046775,0.0600249227233739,-0.3115987724387271,1,0.0,0.005134,0.1111111111111111,18.0,33.8,NEUTRAL,121.9,1,0,unknown,unknown,0.0,0.0,0.0,0,0,0,none,0.0,0.5,0,0.0,0.0,0.0,0.0,0,53.66,0,0,0,0.0,0.0,0,0,0,0.0,0.0
LCID,2026-08-13 06:00:00-04:00,2026-08-13,7,1,6.53,6.53,6.5,6.52,True,False,17.51,-39.80323594473765,-40.14944074394314,-0.2567331060839733,red,0.5288,0.0588,0.1002,54.5,-0.0030534351145037,0.004601226993865,0.3333333333333531,0.666666666666647,0.0040484772701857,16195.679999999998,1.0,0.0015337423312884,0.0030674846625766,0.0,0.147239263803681,0.3036809815950921,2.869631901840491,-0.0796809937186817,0.0555456620634944,-0.3103630642303726,1,0.0,0.00428,0.1052631578947368,19.0,35.0,NEUTRAL,94.5,1,0,unknown,unknown,0.0,0.0,0.0,0,0,0,none,0.0,0.5,0,0.0,0.0,0.0,0.0,0,59.86,1,1,0,0.0,0.044479,0,0,0,0.0,0.0
LCID,2026-08-13 12:00:00-04:00,2026-08-13,13,1,6.35,6.44,6.35,6.415,False,True,10.51,-53.98058518769601,-52.81608118984246,-0.2561150722742862,green,0.5288,0.0588,0.1002,54.5,-0.0030534351145037,0.0140296180826189,0.7222222222222205,0.7222222222222205,0.7323558633001165,3020930.8763356307,5.0,0.0179267342166796,0.0288386593920498,1.0,0.1332813717848792,0.3250194855806703,2.9329696024941545,-0.0945020820100219,0.0385468438860916,-0.3214691805272761,1,0.0,0.00338,0.1,20.0,30.0,NEUTRAL,83.6,1,0,unknown,unknown,0.0,0.0,0.0,0,0,0,none,0.0,0.5,0,0.0,0.0,0.0,0.0,0,67.91,1,1,0,0.01325,0.011691,0,0,0,0.01325,0.2649999999999999
LCID,2026-08-13 13:00:00-04:00,2026-08-13,14,0,6.41,6.435,6.37,6.37,True,False,10.16,-52.7156715799164,-53.9974900291266,-0.4020895007078068,red,0.5288,0.0588,0.1002,54.5,-0.0030534351145037,0.0102040816326529,0.6153846153846206,0.0,0.6810389165273609,2751908.01818478,6.0,0.0251177394034537,0.0219780219780219,0.0,0.1271585557299843,0.3343799058084772,2.960753532182104,-0.1008539769920248,0.0312616360957761,-0.3262289446545204,1,0.0,0.00428,0.0952380952380952,21.0,35.0,NEUTRAL,106.5,1,0,unknown,unknown,0.0,0.0,0.0,0,0,0,none,0.0,0.5,0,0.0,0.0,0.0,0.0,0,47.08,0,1,0,0.020408,0.00471,0,0,0,0.020408,0.4081599999999999
LCID,2026-08-17 11:00:00-04:00,2026-08-17,12,1,6.09,6.2,6.055,6.1996,False,True,10.37,-60.92653735724484,-58.85281594660246,-0.2976396611821232,green,0.39,0.0045,0.0681,39.8,0.0,0.0233886057164979,0.7558620689655173,0.9972413793103452,0.7234558243715173,3264880.235197882,4.0,0.0080811665268726,0.0273566036518485,1.0,0.0136460416801083,0.3710561971740111,3.069617394670624,-0.1176830569985056,0.0011788834520291,-0.3358508353285875,0,0.8294244789986451,0.005134,0.0909090909090909,22.0,30.0,NEUTRAL,83.7,1,0,unknown,unknown,0.0,0.0,0.0,0,0,0,none,0.0,0.5,0,0.0,0.0,0.0,0.0,0,80.64,1,1,0,0.009743,0.006388,0,0,0,0.009743,0.1948599999999999
LCID,2026-08-17 12:00:00-04:00,2026-08-17,13,1,6.195,6.25,6.16,6.165,True,False,11.13,-57.99224152194354,-59.49933728043622,-0.4394286012425432,red,0.39,0.0045,0.0681,39.8,0.0,0.0145985401459853,0.3333333333333366,0.0555555555555544,1.0748537781042844,4745100.90521412,5.0,0.013787510137875,0.021897810218978,0.0,0.0081103000811029,0.3787510137875101,3.0924574209245743,-0.1226072724685121,-0.0044087011288213,-0.3395574552875576,0,0.8986212489862129,0.005988,0.0869565217391304,23.0,35.0,NEUTRAL,77.8,1,0,unknown,unknown,0.0,0.0,0.0,0,0,0,none,0.0,0.5,0,0.0,0.0,0.0,0.0,0,87.65,1,1,0,0.01541,0.000795,0,0,0,0.01541,0.3082
SOFI,2026-06-16 09:00:00-04:00,2026-06-16,10,0,17.08,17.74,17.03,17.705,True,False,51.46,51.97406918757415,50.1518598068245,1.4001516052660017,green,0.2597,0.0161,0.0231,26.9,0.0011689070718877,0.0401016661959896,0.8802816901408484,0.9507042253521124,1.3583157414022389,173007193.24758154,2.0,0.0019768426998023,0.0381248234961873,2.0,0.1573001976842699,0.0615871222818414,0.8486303304151369,0.0709533026857003,0.0502369780698891,-0.223942289885279,1,0.0,0.0,0.0,0.0,35.0,NEUTRAL,67.6,0,0,unknown,unknown,1.0,2.0,1.5,0,0,0,none,0.0,0.5,0,0.0,0.0,0.0,0.0,0,37.64,0,1,0,0.02118,0.033493,0,0,0,0.02118,0.4236
SOFI,2026-07-13 06:00:00-04:00,2026-07-13,7,1,18.9872,19.17,18.9026,19.15,True,False,55.51,40.226045519343295,38.6180396060857,0.90378684743676,green,0.2609,0.1148,0.0349,39.2,0.0099574468085106,0.0139634464751959,0.6088257292445621,0.9252056843679768,0.0109146505222082,2055626.1547152495,1.0,0.0010443864229766,0.0129190600522192,2.0,0.1825065274151436,0.0308093994778067,0.7091383812010443,0.0801207027834962,0.1368021133240329,-0.1325882953774657,1,0.0,0.02118,0.0,1.0,25.0,NEUTRAL,62.2,0,0,unknown,unknown,1.0,2.0,1.5,0,0,0,none,0.0,0.5,0,0.0,0.0,0.0,0.0,0,12.03,0,0,0,0.010444,0.053781,0,0,1,0.010444,-1.0
SOFI,2026-08-17 06:00:00-04:00,2026-08-17,7,1,18.62,18.68,18.61,18.6483,True,False,54.29,42.79555785536064,36.57106639710245,1.321485143830025,yellow,0.2675,0.0458,0.0046,26.7,0.0180426462547841,0.0037536933661513,0.404285714285684,0.5471428571428486,0.0181488601943438,1516928.3191498788,1.0,0.0016998868529571,0.0020538065131942,1.0,0.2020720387381154,0.011346878803966,0.7551197696304757,0.0695899053627758,0.0662751869725317,-0.1042362918246302,1,0.0,0.015812,0.0,2.0,35.0,NEUTRAL,66.5,0,0,unknown,unknown,1.0,2.0,1.5,0,0,0,none,0.0,0.5,0,0.0,0.0,0.0,0.0,0,51.71,1,1,0,0.016715,0.025648,0,0,0,0.016715,0.3343
SOFI,2026-08-19 09:00:00-04:00,2026-08-19,10,0,17.8994,18.15,17.83,18.08,True,False,48.62,-43.280159785959626,-46.10710014755336,0.5733063676840675,green,0.2742,0.0066,0.0073,23.7,0.0022650056625141,0.0176991150442478,0.5643749999999942,0.7812499999999993,1.0734641722065863,106144295.02224427,2.0,0.0038716814159292,0.0210176991150441,2.0,0.1769911504424777,0.0486725663716815,0.8102876106194691,0.033083823781498,0.030493017953833,-0.1259525147598243,1,0.0,0.016715,0.0,3.0,41.2,NEUTRAL,71.2,0,0,unknown,unknown,1.0,2.0,1.5,0,0,0,none,0.0,0.5,0,0.0,0.0,0.0,0.0,0,40.41,0,1,0,0.035398,0.006084,1,0,0,0.035398,0.7079599999999999
SOFI,2026-08-21 06:00:00-04:00,2026-08-21,7,1,18.2492,18.28,18.22,18.22,True,False,66.58,-12.991142598451626,-14.39034065140404,0.5879372412316966,red,0.2769,0.0175,0.0148,26.5,0.0189391401451701,0.0032930845225028,0.486666666666639,0.0,0.0139611773732573,1133357.21366286,1.0,0.0032930845225028,0.0,0.0,0.1833150384193193,0.0428100987925357,0.796377607025247,0.033348457350272,0.0344984215666236,-0.1143958072328393,1,0.0,0.0189475,0.0,4.0,5.0,NEUTRAL,33.5,0,0,unknown,unknown,1.0,2.0,1.5,0,0,0,none,0.0,0.5,0,0.0,0.0,0.0,0.0,0,11.12,0,0,1,0.052141,0.008507,1,1,0,0.052141,1.0
SOFI,2026-08-25 06:00:00-04:00,2026-08-25,7,1,18.51,18.5297,18.46,18.51,False,True,34.43,-14.05610880096383,-8.913860288523127,-0.3860474717024114,orange,0.2883,0.0302,0.027,31.0,0.0156378600823045,0.0037655321447864,0.0,0.717360114777655,0.0127522865468447,1181549.90184006,1.0,0.0010642895732034,0.0027012425715829,0.0,0.1961102106969206,0.0356564019448946,0.7682333873581845,0.0385748351802496,0.0454910023383754,-0.0952758589930482,1,0.0,0.02118,0.2,5.0,53.6,LAUNCH,79.8,0,0,unknown,unknown,1.0,2.0,1.5,0,0,0,none,0.0,0.5,0,0.0,0.0,0.0,0.0,0,56.84,1,1,0,0.027553,0.023771,0,0,0,0.027553,0.55106
SOFI,2026-08-25 10:00:00-04:00,2026-08-25,11,1,18.375,18.89,18.32,18.855,True,False,73.66,-11.6542042276809,-14.926912930352572,0.946607608299968,green,0.2883,0.0302,0.027,31.0,0.0156378600823045,0.0302307080350039,0.842105263157895,0.93859649122807,1.537095500471088,154306222.30373493,3.0,0.001856271546009,0.0416335189604879,1.0,0.2108194112967382,0.0167064439140812,0.7358790771678598,0.0579323888343385,0.0649774634840663,-0.0784130913729835,1,0.0,0.0243665,0.1666666666666666,6.0,5.0,EXTENSION,37.3,0,0,unknown,unknown,1.0,2.0,1.5,0,0,0,none,0.0,0.5,0,0.0,0.0,0.0,0.0,0,23.29,0,0,0,0.008751,0.00769,0,0,0,0.008751,0.1750199999999999
SOFI,2026-08-26 14:00:00-04:00,2026-08-26,15,0,18.85,19.0,18.79,18.945,False,True,30.74,19.473050342212844,19.944519089048114,0.0135497541804869,yellow,0.2883,0.0702,0.0352,36.6,0.0006943713834822,0.0110847189231987,0.4523809523809451,0.7380952380952405,0.9119722820055276,70542223.37574115,7.0,0.0197941409342834,0.0124043283188176,4.0,0.2145684877276326,0.0118764845605701,0.7276326207442595,0.0562850213264194,0.0671435813665296,-0.0715021742140299,1,0.0,0.02118,0.1428571428571428,7.0,44.3,NEUTRAL,97.8,0,0,unknown,unknown,1.0,2.0,1.5,0,0,0,none,0.0,0.5,0,0.0,0.0,0.0,0.0,0,51.1,0,0,0,0.002375,0.008182,0,0,0,0.002375,0.0474999999999999
SOFI,2026-08-26 15:00:00-04:00,2026-08-26,16,0,18.945,18.99,18.79,18.835,True,False,37.45,18.847088377622924,18.82934327082365,-0.3698685622416176,red,0.2883,0.0702,0.0352,36.6,0.0006943713834822,0.0106185293336872,0.5499999999999992,0.2250000000000093,1.4649258669726146,116225656.698209,8.0,0.0257499336341916,0.0066365808335545,0.0,0.209981417573666,0.0177860366339262,0.7377223254579238,0.0501519333166065,0.0609474455021686,-0.0768932938147929,1,0.0,0.0189475,0.125,8.0,53.9,LAUNCH,102.0,1,0,unknown,unknown,0.0,1.0,0.5,0,0,0,none,0.0,0.5,0,0.0,0.0,0.0,0.0,0,48.2,0,0,0,0.0,0.0,0,0,0,0.0,0.0
PATH,2026-06-08 06:00:00-04:00,2026-06-08,7,1,11.21,11.25,11.17,11.23,True,False,13.95,-49.86329573865558,-50.03613682763663,-0.5204495628768445,orange,0.4348,0.046,0.0509,46.9,-0.0035555555555554,0.0071237756010685,0.2499999999999944,0.7500000000000056,0.0085437572230088,442529.48999785,1.0,0.0017809439002671,0.0053428317008014,2.0,0.1807479964381121,0.1754229741763133,0.7666963490650044,0.0221170474196779,0.0450400148892612,-0.1376927329688556,1,0.0,0.0,0.0,0.0,35.0,NEUTRAL,81.1,1,0,unknown,unknown,0.0,0.0,0.0,0,0,0,none,0.0,0.5,0,0.0,0.0,0.0,0.0,0,49.82,1,1,0,0.007551,0.029386,0,0,0,0.007551,0.15102
PATH,2026-06-08 10:00:00-04:00,2026-06-08,11,1,11.19,11.23,11.11,11.1893,False,True,13.57,-50.50392706136573,-50.38778234323526,-0.2370557860945943,orange,0.4348,0.046,0.0509,46.9,-0.0035555555555554,0.0107245314720314,0.0058333333333344,0.6608333333333273,0.6738657181127311,33255703.110383715,3.0,0.0112160724978328,0.0258550579571554,0.0,0.1777680462584789,0.1796984619234447,0.7731225367091776,0.0184126695185219,0.0412525590917551,-0.1408179249339641,1,0.0,0.007551,0.0,1.0,30.0,NEUTRAL,85.2,1,0,unknown,unknown,0.0,0.0,0.0,0,0,0,none,0.0,0.5,0,0.0,0.0,0.0,0.0,0,62.62,1,1,0,0.005425,0.014237,0,0,0,0.005425,0.1085
PATH,2026-06-08 13:00:00-04:00,2026-06-08,14,0,11.12,11.14,11.09,11.115,True,False,15.76,-50.59573961759608,-51.06438622070719,-0.3482758992541287,orange,0.4348,0.046,0.0509,46.9,-0.0035555555555554,0.0044984255510571,0.0999999999999786,0.5,1.1867978296553945,60998937.85352662,6.0,0.0179757085020242,0.0193432298695456,0.0,0.1722717049032838,0.1875843454790822,0.7849752586594692,0.0116501319741514,0.0343383584589616,-0.1465231279562627,1,0.0,0.006488,0.0,2.0,35.0,NEUTRAL,89.7,1,0,unknown,unknown,0.0,0.0,0.0,0,0,0,none,0.0,0.5,0,0.0,0.0,0.0,0.0,0,40.86,0,1,0,0.012146,0.003149,0,0,0,0.012146,0.24292
PATH,2026-06-09 14:00:00-04:00,2026-06-09,15,0,10.575,10.69,10.575,10.6451,False,True,15.37,-68.55724799468254,-67.8039914923673,-0.7200774788840755,green,0.4348,0.0392,0.0499,46.2,0.0008960573476702,0.0108030925026538,0.6095652173913036,0.6095652173913036,1.2553890157990877,70824113.89843066,7.0,0.0558566852354604,0.0324186715014418,2.0,0.1357338118007345,0.2400071394350452,0.8637683065447953,-0.0327912047973831,-0.0096291610070149,-0.1826707871854427,1,0.0,0.007551,0.0,3.0,30.0,NEUTRAL,89.1,1,0,unknown,unknown,0.0,0.0,0.0,0,0,0,none,0.0,0.5,0,0.0,0.0,0.0,0.0,0,45.12,0,0,0,0.011733,0.004237,0,0,0,0.011733,0.23466
PATH,2026-06-09 15:00:00-04:00,2026-06-09,16,0,10.645,10.77,10.6,10.735,True,False,18.03,-64.67444008020112,-68.39150873703582,-0.1733969169097182,green,0.4348,0.0392,0.0499,46.2,0.0008960573476702,0.015836050302748,0.5294117647058817,0.7941176470588226,1.4346580354945873,83515925.19358483,8.0,0.0470144387517466,0.0405216581276198,3.0,0.142971588262692,0.2296227293898463,0.8481602235677691,-0.0246229329456659,-0.0012652810598589,-0.175768278403747,1,0.0,0.009642,0.0,4.0,35.0,NEUTRAL,93.6,1,0,unknown,unknown,0.0,0.0,0.0,0,0,0,none,0.0,0.5,0,0.0,0.0,0.0,0.0,0,47.51,0,0,0,0.0,0.0,0,0,0,0.0,0.0
PATH,2026-06-11 13:00:00-04:00,2026-06-11,14,0,10.5664,10.74,10.525,10.6999,True,False,25.15,-38.10780428534537,-39.85200178745904,0.0680102495421953,green,0.4348,0.0002,0.0477,41.9,0.0041899441340782,0.0200936457350068,0.6209302325581387,0.8134883720930199,1.2196665777584224,82941692.72188973,6.0,0.0093552276189498,0.0369068869802521,3.0,0.1401601884129757,0.2336563893120496,0.8542229366629596,-0.0314641321565965,-0.0044196735954743,-0.178286596346797,1,0.0,0.007551,0.0,5.0,35.4,NEUTRAL,88.3,1,0,unknown,unknown,0.0,0.0,0.0,0,0,0,none,0.0,0.5,0,0.0,0.0,0.0,0.0,0,52.34,0,1,0,0.002813,0.01214,0,0,0,0.002813,0.05626
PATH,2026-07-16 06:00:00-04:00,2026-07-16,7,1,12.05,12.07,12.03,12.05,False,True,48.72,21.283457564807016,21.707891702973644,0.3624233324852399,orange,0.2584,0.0895,0.0277,35.1,0.0083682008368202,0.0033195020746888,0.0,0.5000000000000222,0.0006297274261867,93532.1,1.0,0.0016597510373443,0.0016597510373445,0.0,0.1809128630705395,0.0307053941908713,0.6464730290456431,0.0903003981179878,0.098650619985412,-0.0696058371617186,1,0.0,0.006488,0.0,6.0,36.2,NEUTRAL,65.3,1,0,unknown,unknown,0.0,0.0,0.0,0,0,0,none,0.0,0.5,0,0.0,0.0,0.0,0.0,0,35.71,1,1,0,0.009129,0.052282,0,0,1,0.009129,-1.0
PATH,2026-07-16 12:00:00-04:00,2026-07-16,13,1,11.835,12.04,11.775,12.02,False,True,65.27,-4.023089900423299,-3.185634917715704,0.3674501906411958,green,0.2584,0.0895,0.0277,35.1,0.0083682008368202,0.0220465890183027,0.6981132075471682,0.9245283018867936,1.334295929509138,200205355.9056619,5.0,0.0116472545757072,0.0499168053244592,3.0,0.1788685524126456,0.0332778702163061,0.6505823627287854,0.0875859572927976,0.0959153902261121,-0.0719221711770837,1,0.0,0.007551,0.0,7.0,0.0,NEUTRAL,32.3,1,0,unknown,unknown,0.0,0.0,0.0,0,0,0,none,0.0,0.5,0,0.0,0.0,0.0,0.0,0,13.35,0,0,0,0.010815,0.00416,0,0,0,0.010815,0.2163
PATH,2026-07-16 13:00:00-04:00,2026-07-16,14,0,12.015,12.08,11.97,12.0,True,False,63.34,2.491950938205428,-3.887847452617708,0.38292545311865,orange,0.2584,0.0895,0.0277,35.1,0.0083682008368202,0.0091666666666666,0.1363636363636422,0.2727272727272683,1.16948046344852,183712093.763952,6.0,0.0133333333333333,0.0483333333333333,0.0,0.1775,0.0349999999999999,0.6533333333333333,0.0857763300760043,0.0940919037199123,-0.0734663938539937,1,0.0,0.00834,0.0,8.0,25.0,NEUTRAL,58.4,1,0,unknown,unknown,0.0,0.0,0.0,0,0,0,none,0.0,0.5,0,0.0,0.0,0.0,0.0,0,-10.6,0,0,0,0.0125,0.000833,0,0,0,0.0125,0.25
PATH,2026-07-17 09:00:00-04:00,2026-07-17,10,0,11.7953,12.355,11.73,12.25,True,False,69.96,14.275791226419816,11.437796293801894,1.0863451378172326,green,0.2584,0.0944,0.0378,37.6,-0.0141196013289036,0.0510204081632653,0.7275200000000013,0.8319999999999993,0.3661449543870382,55204263.5825415,2.0,0.0085714285714286,0.0424489795918367,1.0,0.1942857142857143,0.0138775510204081,0.6195918367346939,0.1008762075937992,0.1144468704512375,-0.0540978796349203,1,0.0,0.009129,0.0,9.0,5.0,EXTENSION,44.6,1,0,unknown,unknown,0.0,0.0,0.0,0,0,0,none,0.0,0.5,0,0.0,0.0,0.0,0.0,0,-25.1,0,0,0,0.01551,0.026939,0,0,0,0.01551,0.3102
PATH,2026-07-20 11:00:00-04:00,2026-07-20,12,1,11.9699,12.39,11.9579,12.3599,False,True,82.46,13.84729957434099,15.082950079084886,0.7779524656621909,extended,0.2604,0.1024,0.0465,40.2,-0.0049342105263158,0.0349598297720855,0.9025688498032832,0.9303401990280008,2.3993745599901315,332795247.18132395,4.0,0.0024352947839384,0.0525813315641711,2.0,0.2014498499178796,0.0064806349565934,0.6051909805095511,0.1012518376620485,0.1214862535160151,-0.045460688648536,1,0.0,0.009972,0.0,10.0,0.0,EXTENSION,-14.8,1,0,unknown,unknown,0.0,0.0,0.0,0,0,0,none,0.0,0.5,0,0.0,0.0,0.0,0.0,0,-11.5,0,0,0,0.01538,0.016578,0,0,0,0.01538,0.3076
PATH,2026-07-20 12:00:00-04:00,2026-07-20,13,1,12.355,12.55,12.355,12.445,True,False,83.13,25.13155120462205,14.58645886775543,0.8573646766550937,extended,0.2604,0.1024,0.0465,40.2,-0.0049342105263158,0.0156689433507432,0.4615384615384601,0.4615384615384601,2.4651874903215942,392665561.7260445,5.0,0.0084371233427079,0.0590598633989553,3.0,0.206910405785456,-0.0004017677782242,0.5942145439935717,0.1088341426471245,0.129207875873333,-0.0388885241976901,1,0.0,0.010815,0.0,11.0,5.0,EXTENSION,-8.3,1,0,unknown,unknown,0.0,0.0,0.0,0,0,0,none,0.0,0.5,0,0.0,0.0,0.0,0.0,0,-10.87,0,0,0,0.00683,0.023303,0,0,0,0.00683,0.1366
PATH,2026-07-21 10:00:00-04:00,2026-07-21,11,1,12.34,12.4,12.15,12.175,False,True,27.56,21.460934213656238,23.887220329457623,-0.5015623167212633,red,0.2715,0.1,0.0546,41.4,-0.0074013157894736,0.0205338809034907,0.6599999999999966,0.1000000000000014,1.0052877629479382,180668604.7184865,3.0,0.02505954825462,0.026694045174538,0.0,0.1893223819301849,0.0308008213552361,0.6295687885010266,0.0757200918890264,0.1013913263736862,-0.0592971191698633,1,0.0,0.009972,0.0,12.0,36.4,NEUTRAL,91.3,1,0,unknown,unknown,0.0,0.0,0.0,0,0,0,none,0.0,0.5,0,0.0,0.0,0.0,0.0,0,64.42,1,1,0,0.002045,0.031622,0,0,0,0.002045,0.0409
PATH,2026-07-22 06:00:00-04:00,2026-07-22,7,1,12.07,12.12,12.07,12.1,True,False,62.28,-10.956278987525756,-11.734530253587176,0.4684356196617372,green,0.2715,0.087,0.0613,40.1,0.0029081844619858,0.0041322314049585,0.6,0.6,0.0007328681862123,173787.1314366,1.0,0.0016528925619834,0.0024793388429751,2.0,0.184297520661157,0.0371900826446281,0.6396694214876033,0.0602874167542936,0.0924126972662598,-0.0647487575071303,1,0.0,0.009129,0.0,13.0,25.0,NEUTRAL,61.8,1,0,unknown,unknown,0.0,0.0,0.0,0,0,0,none,0.0,0.5,0,0.0,0.0,0.0,0.0,0,5.41,0,0,0,0.001653,0.091736,0,0,1,0.001653,-1.0
PATH,2026-07-22 15:00:00-04:00,2026-07-22,16,0,10.445,10.71,10.43,10.71,False,True,10.8,-59.801229167148016,-59.20257038834284,-1.6191123682918955,green,0.2715,0.087,0.0613,40.1,0.0029081844619858,0.0261437908496733,0.9464285714285696,1.0,0.9532380019555272,207191437.01095012,8.0,0.1316526610644256,0.0308123249299719,2.0,0.0784313725490197,0.1718020541549953,0.8524743230625582,-0.0615141955835962,-0.0330793398577153,-0.1721867101571375,1,0.019607843137253,0.00834,0.0,14.0,30.0,NEUTRAL,83.9,1,0,unknown,unknown,0.0,0.0,0.0,0,0,0,none,0.0,0.5,0,0.0,0.0,0.0,0.0,0,44.4,0,0,0,0.0,0.0,0,0,0,0.0,0.0
PATH,2026-07-30 14:00:00-04:00,2026-07-30,15,0,12.215,12.27,12.18,12.255,False,True,34.79,16.44896767300669,17.923835209597378,-0.1196633360240486,yellow,0.2628,0.1219,0.0582,43.0,-0.0023828435266083,0.00734394124847,0.4444444444444554,0.8333333333333465,1.1356247825922252,105008752.4361176,7.0,0.0248878008975927,0.0485516115871073,4.0,0.1709424724602203,0.0469196246430028,0.6189310485516115,0.0478837109876015,0.0920707907822271,-0.0450401309124911,1,0.0,0.007551,0.0,15.0,54.5,LAUNCH,113.5,1,0,unknown,unknown,0.0,0.0,0.0,0,0,0,none,0.0,0.5,0,0.0,0.0,0.0,0.0,0,50.05,0,0,0,0.013872,0.00408,0,0,0,0.013872,0.27744
PATH,2026-07-30 15:00:00-04:00,2026-07-30,16,0,12.255,12.425,12.205,12.36,True,False,65.09,19.2073140759683,17.2650012482601,0.4194589570411333,yellow,0.2628,0.1219,0.0582,43.0,-0.0023828435266083,0.0177993527508091,0.4772727272727197,0.7045454545454496,1.5150306820683557,144798515.3389979,8.0,0.0161812297734628,0.0566343042071196,5.0,0.1779854368932038,0.0380258899676375,0.6051779935275081,0.0568619067977767,0.1014275784633477,-0.0368581002103951,1,0.0,0.00834,0.0,16.0,5.0,NEUTRAL,58.0,1,0,unknown,unknown,0.0,0.0,0.0,0,0,0,none,0.0,0.5,0,0.0,0.0,0.0,0.0,0,-1.96,0,0,0,0.0,0.0,0,0,0,0.0,0.0
PATH,2026-08-04 09:00:00-04:00,2026-08-04,10,0,12.8033,13.48,12.76,13.465,False,True,50.0,54.01642838411436,54.065708233152336,1.6176827704597787,green,0.3012,0.1502,0.047,47.8,-0.005368098159509,0.0534719643520238,0.9190277777777766,0.979166666666666,0.5630967077789699,37055958.86133491,2.0,0.0011139992573338,0.0523579650946899,1.0,0.2454437430375046,-0.0181953212031191,0.473449684366877,0.1363348664500611,0.1867409352911107,0.0543790204807155,1,0.0,0.007551,0.0,17.0,36.2,NEUTRAL,90.0,1,0,unknown,unknown,0.0,0.0,0.0,0,0,0,none,0.0,0.5,0,0.0,0.0,0.0,0.0,0,18.14,0,1,0,0.047159,0.013739,1,0,0,0.047159,0.94318
PATH,2026-08-04 10:00:00-04:00,2026-08-04,11,1,13.47,13.615,13.2919,13.2926,True,False,50.05,58.86625253443928,54.73359066346795,0.8413108078694299,red,0.3012,0.1502,0.047,47.8,-0.005368098159509,0.024306757143072,0.54905601980811,0.0021665119158159,0.7427967454546831,45723659.45148645,3.0,0.0242540962640867,0.0400674059251012,0.0,0.2356574334592179,-0.0054616854490468,0.4925597700976483,0.1217857293556689,0.1715464208281187,0.0408792103707359,1,0.0,0.00834,0.0,18.0,35.0,NEUTRAL,91.8,1,0,unknown,unknown,0.0,0.0,0.0,0,0,0,none,0.0,0.5,0,0.0,0.0,0.0,0.0,0,50.76,1,1,1,0.060741,0.000948,1,1,0,0.060741,1.0
PATH,2026-08-06 11:00:00-04:00,2026-08-06,12,1,13.7201,13.9399,13.72,13.92,False,True,48.69,25.26314234883485,29.61064404795681,0.2229414920462339,green,0.4098,0.2044,0.0571,60.7,-0.0132393347794649,0.0157974137931033,0.9090495679854494,0.9095043201455212,1.571701349236619,165242895.52924752,4.0,0.0014295977011494,0.0632183908045977,4.0,0.2701077586206896,0.0290086206896552,0.425287356321839,0.1511743301356268,0.2131141826294597,0.0920173687245284,1,0.0,0.009129,0.0526315789473684,19.0,36.2,NEUTRAL,103.2,1,0,unknown,unknown,0.0,0.0,0.0,0,0,0,none,0.0,0.5,0,0.0,0.0,0.0,0.0,0,57.54,1,1,0,0.007184,0.017241,0,0,0,0.007184,0.14368
PATH,2026-08-06 12:00:00-04:00,2026-08-06,13,1,13.925,13.97,13.785,13.905,True,False,49.04,27.627646573856197,25.879215526292786,0.1608646269544236,orange,0.4098,0.2044,0.0571,60.7,-0.0132393347794649,0.0133045667026249,0.1081081081081151,0.6486486486486427,1.6845108328044585,193159199.5250684,5.0,0.0046745774901115,0.062207838906868,0.0,0.2693203883495145,0.0301186623516721,0.4268248831355628,0.1499338405557392,0.2118069475188676,0.0908406258702993,1,0.0,0.00834,0.05,20.0,41.2,NEUTRAL,87.6,1,0,unknown,unknown,0.0,0.0,0.0,0,0,0,none,0.0,0.5,0,0.0,0.0,0.0,0.0,0,54.08,1,1,0,0.00827,0.016181,0,0,0,0.00827,0.1654
PATH,2026-08-10 11:00:00-04:00,2026-08-10,12,1,15.105,15.34,15.105,15.3105,True,False,51.3,62.38508224237094,62.03670711034344,1.5079390040771117,green,0.4862,0.2962,0.0777,65.7,-0.0071100764881941,0.0153489435354821,0.8744680851063804,0.8744680851063804,1.0766753026460518,119902398.9383996,4.0,0.0019267822736031,0.037915156265308,5.0,0.3363965905750955,-0.0137487345285914,0.2958427223147513,0.2376621801867345,0.3186657020309028,0.202195446568437,1,0.0,0.00827,0.0476190476190476,21.0,35.0,NEUTRAL,106.4,1,0,unknown,unknown,0.0,0.0,0.0,0,0,0,none,0.0,0.5,0,0.0,0.0,0.0,0.0,0,47.2,1,1,0,0.023481,0.001992,0,0,0,0.023481,0.4696199999999999
PATH,2026-08-11 10:00:00-04:00,2026-08-11,11,1,15.79,16.04,15.69,15.885,True,False,61.84,65.96731094673181,64.934827407488,1.45619535296252,yellow,0.5423,0.3335,0.0888,69.5,-0.0121366975407217,0.0220333648095687,0.2714285714285735,0.5571428571428585,1.7575146420514307,194238025.41164663,3.0,0.0097576329870947,0.0343090966320428,12.0,0.3603966005665722,-0.0135347812401636,0.2489770223481271,0.2649810869998008,0.3587607349368735,0.2476437323279923,1,0.0,0.0086994999999999,0.0454545454545454,22.0,25.0,NEUTRAL,105.1,1,0,unknown,unknown,0.0,0.0,0.0,0,0,0,none,0.0,0.5,0,0.0,0.0,0.0,0.0,0,20.22,0,0,0,0.003456,0.028643,0,0,0,0.003456,0.0691199999999999
PATH,2026-08-11 15:00:00-04:00,2026-08-11,16,0,15.725,15.865,15.615,15.725,False,True,43.8,53.514942492844206,54.93412243353949,0.2787904774490657,orange,0.5423,0.3335,0.0888,69.5,-0.0121366975407217,0.0158982511923688,0.0,0.4399999999999977,1.856091595648984,227749536.9343669,8.0,0.0200317965023847,0.024483306836248,0.0,0.3538887122416534,-0.0034976152623211,0.2616852146263911,0.2522396973919967,0.3450747596400589,0.2350769714106187,1,0.0,0.00827,0.0434782608695652,23.0,33.0,NEUTRAL,104.7,1,0,unknown,unknown,0.0,0.0,0.0,0,0,0,none,0.0,0.5,0,0.0,0.0,0.0,0.0,0,28.41,0,0,0,0.0,0.0,0,0,0,0.0,0.0
PATH,2026-08-13 06:00:00-04:00,2026-08-13,7,1,15.273,15.36,15.273,15.3,False,True,46.31,1.4744522235232944,1.943318656073041,0.0527582706556391,yellow,0.5787,0.2917,0.1041,71.9,0.0021653543307086,0.0056862745098039,0.3103448275862195,0.3103448275862195,0.000667268163107,79050.94849800001,1.0,0.0039215686274508,0.001764705882353,1.0,0.3359411764705883,0.0483660130718953,0.2967320261437908,0.1849442379182156,0.2950736414423566,0.2014558818332805,1,0.0,0.0079105,0.0416666666666666,24.0,36.2,NEUTRAL,109.7,1,0,unknown,unknown,0.0,1.0,0.5,0,0,0,earnings,0.0,0.5,0,0.0,0.0,0.0,0.0,0,51.82,1,1,1,0.094118,0.028758,1,1,0,0.094118,1.0
PATH,2026-08-13 09:00:00-04:00,2026-08-13,10,0,15.34,15.44,15.2,15.325,True,False,78.39,2.5599441605548927,1.5405544808447962,0.621841270046943,extended,0.5787,0.2917,0.1041,71.9,0.0021653543307086,0.0156606851549755,0.0625000000000023,0.5208333333333329,0.1829114213466064,20684620.004495967,2.0,0.0075040783034257,0.0081566068515497,0.0,0.3370244698205546,0.0466557911908645,0.2946166394779772,0.1868804213135066,0.2971897748434061,0.2034190450388903,1,0.0,0.00827,0.08,25.0,5.0,EXTENSION,22.2,1,0,unknown,unknown,0.0,1.0,0.5,0,0,0,earnings,0.0,0.5,0,0.0,0.0,0.0,0.0,0,-45.34,0,0,1,0.092333,0.030343,1,1,0,0.092333,1.0
PATH,2026-08-13 13:00:00-04:00,2026-08-13,14,0,15.255,15.52,15.21,15.445,True,False,89.54,-6.060395621777319,-7.860057463985965,0.8172903751941143,extended,0.5787,0.2917,0.1041,71.9,0.0021653543307086,0.0200712204596956,0.6129032258064525,0.7580645161290336,2.113150411902459,283384070.5092562,6.0,0.0048559404337973,0.0378763353836193,2.0,0.3421754613143412,0.0385237941081255,0.2845581094205244,0.1961741016109045,0.3073472151684442,0.2128422284258181,1,0.0,0.0086994999999999,0.1153846153846153,26.0,5.0,EXTENSION,21.9,1,0,unknown,unknown,0.0,1.0,0.5,0,0,0,earnings,0.0,0.5,0,0.0,0.0,0.0,0.0,0,-29.86,0,0,1,0.083846,0.000971,1,1,0,0.083846,1.0
PATH,2026-08-17 15:00:00-04:00,2026-08-17,16,0,15.975,16.16,15.955,16.01,True,False,61.28,8.625586684708512,7.071966648874943,0.2285006393844678,orange,0.6555,0.3352,0.1314,77.0,-0.0068664169787764,0.0128044971892567,0.1707317073170824,0.2682926829268364,1.4866318477020286,236829489.545166,8.0,0.0162398500936913,0.023735165521549,2.0,0.3653903810118676,0.0505933791380386,0.2392254840724546,0.2003748828491097,0.3351903125729731,0.2577924603159016,1,0.0,0.009129,0.1481481481481481,27.0,25.0,NEUTRAL,100.7,1,0,unknown,unknown,0.0,1.0,0.5,0,0,0,earnings,0.0,0.5,0,0.0,0.0,0.0,0.0,0,-4.71,0,0,0,0.0,0.0,0,0,0,0.0,0.0
PATH,2026-08-18 14:00:00-04:00,2026-08-18,15,0,15.7001,15.8099,15.585,15.725,True,False,45.22,-25.77916744818193,-26.09573999039219,-0.1486611814114797,orange,0.6555,0.324,0.1417,77.0,0.0012492192379762,0.014302066772655,0.1107158737216488,0.6224988883948371,2.3224643610977425,330111789.59720343,7.0,0.0270270270270269,0.0461049284578696,1.0,0.3538887122416534,0.0696343402225755,0.2616852146263911,0.1623179835908049,0.3020402079952307,0.2354845299266172,1,0.0,0.0086994999999999,0.1428571428571428,28.0,41.2,NEUTRAL,120.2,1,0,unknown,unknown,0.0,1.0,0.5,0,0,0,earnings,0.0,0.5,0,0.0,0.0,0.0,0.0,0,38.15,0,0,0,0.007949,0.009221,0,0,0,0.007949,0.1589799999999999
PATH,2026-08-19 09:00:00-04:00,2026-08-19,10,0,15.52,15.865,15.4554,15.695,False,True,31.61,-30.26949092746366,-28.73005424444037,0.0622858634966332,yellow,0.6555,0.2808,0.1448,77.0,-0.005131494547787,0.0260974832749283,0.4272460937500006,0.5849609375000012,0.2681821438832357,36544274.10408742,2.0,0.0108314749920356,0.0152660082828927,2.0,0.3526537113730487,0.0716788786237655,0.2640968461293405,0.1451189260178025,0.2902828017099637,0.2334327466767257,1,0.0,0.00827,0.1379310344827586,29.0,46.5,NEUTRAL,140.2,1,0,unknown,unknown,0.0,1.0,0.5,0,0,0,earnings,0.0,0.5,0,0.0,0.0,0.0,0.0,0,41.54,0,1,0,0.029946,0.007964,0,0,0,0.029946,0.59892
PATH,2026-08-19 10:00:00-04:00,2026-08-19,11,1,15.69,16.15,15.57,16.145,True,False,64.48,-15.719902434312344,-26.215237990972977,1.3031663164721974,green,0.6555,0.2808,0.1448,77.0,-0.005131494547787,0.0359244348095384,0.7844827586206921,0.9913793103448292,0.7352698610476586,104176513.1666652,3.0,0.0003096934035304,0.0427129142149272,3.0,0.3706968101579436,0.0418086094766181,0.228863425209043,0.1779512622209251,0.3272772114436039,0.2687971771325731,1,0.0,0.0086994999999999,0.1333333333333333,30.0,25.0,NEUTRAL,105.1,1,0,unknown,unknown,0.0,1.0,0.5,0,0,0,earnings,0.0,0.5,0,0.0,0.0,0.0,0.0,0,20.86,0,0,0,0.001239,0.03004,0,0,0,0.001239,0.02478
PATH,2026-08-20 11:00:00-04:00,2026-08-20,12,1,15.71,15.84,15.61,15.825,False,True,43.05,-16.14306903618089,-13.05845386402719,-0.1031719057600984,yellow,0.6555,0.2875,0.1545,77.0,-0.0012674271229404,0.0145339652448657,0.4999999999999923,0.9347826086956498,1.5291304480095749,218246103.5278013,4.0,0.0028436018957345,0.0268562401263822,2.0,0.3579715639810426,0.0628751974723539,0.2537124802527646,0.1335959885386821,0.2911832378714444,0.2436931201961614,1,0.0,0.00827,0.1290322580645161,31.0,34.9,NEUTRAL,126.3,1,0,unknown,unknown,0.0,1.0,0.5,0,0,0,earnings,0.0,0.5,0,0.0,0.0,0.0,0.0,0,76.15,1,1,0,0.010427,0.006635,0,0,0,0.010427,0.20854
PATH,2026-08-20 12:00:00-04:00,2026-08-20,13,1,15.8296,15.95,15.72,15.945,True,False,63.24,-6.407260405937111,-13.610586884758042,0.3416834321381185,green,0.6555,0.2875,0.1545,77.0,-0.0012674271229404,0.0144245845092504,0.5017391304347901,0.9782608695652216,1.5645116132085704,243844197.54102987,5.0,0.000313577924114,0.0341799937284415,3.0,0.3628033866415804,0.0548761367199749,0.2442772028849168,0.1421919770773641,0.3009742008126498,0.2531239685009665,1,0.0,0.0086994999999999,0.125,32.0,25.0,NEUTRAL,89.5,1,0,unknown,unknown,0.0,0.0,0.0,0,0,0,none,0.0,0.5,0,0.0,0.0,0.0,0.0,0,24.79,0,0,0,0.002822,0.009087,0,0,0,0.002822,0.05644
PATH,2026-08-25 15:00:00-04:00,2026-08-25,16,0,16.475,16.728,16.43,16.645,False,True,59.41,32.144949057102295,34.32519081217988,0.526866466570819,green,0.4722,0.316,0.1763,64.8,0.0003018412315121,0.0179032742565336,0.5704697986577084,0.7214765100671092,1.3886379074678628,185359327.67253077,8.0,0.0078101531991588,0.021327726043857,2.0,0.313607689996996,0.0105136677680985,0.1919495343947131,0.1268702186717218,0.3219970136925374,0.3066585025042,1,0.0,0.00827,0.1212121212121212,33.0,20.0,NEUTRAL,88.9,1,0,unknown,unknown,0.0,0.0,0.0,0,0,0,none,0.0,0.5,0,0.0,0.0,0.0,0.0,0,-8.11,0,0,0,0.0,0.0,0,0,0,0.0,0.0
PATH,2026-08-26 09:00:00-04:00,2026-08-26,10,0,16.21,16.925,16.135,16.785,True,False,61.62,28.926283284262997,28.004615189503262,1.0215265364181678,green,0.4425,0.3105,0.1764,62.8,-0.0141183538600179,0.0470658325886207,0.7278481012658227,0.8227848101265813,0.3566212837371875,43513164.69958008,2.0,0.0083407804587429,0.0387250521298777,1.0,0.3053321417932678,0.0020851951146857,0.1820077450104259,0.1194104504985162,0.3203020530165971,0.3165583587925469,1,0.0,0.0081094999999999,0.1176470588235294,34.0,25.0,NEUTRAL,91.5,1,0,unknown,unknown,0.0,0.0,0.0,0,0,0,none,0.0,0.5,0,0.0,0.0,0.0,0.0,0,-20.8,0,0,0,0.009532,0.011618,0,0,0,0.009532,0.19064
PATH,2026-08-26 14:00:00-04:00,2026-08-26,15,0,16.72,16.8,16.645,16.715,False,True,40.12,43.348242985158734,43.63637491895355,0.3789286767931649,orange,0.4425,0.3105,0.1764,62.8,-0.0141183538600179,0.0092731079868382,0.0322580645161223,0.451612903225805,1.0698101336509878,146081710.97452143,7.0,0.013760095722405,0.0346993718217169,0.0,0.3024229733772061,0.0062817828297936,0.1869578223152856,0.1147420720931009,0.3147958782348776,0.3110677966766411,1,0.0,0.00827,0.1142857142857142,35.0,42.2,NEUTRAL,108.0,1,0,unknown,unknown,0.0,0.0,0.0,0,0,0,none,0.0,0.5,0,0.0,0.0,0.0,0.0,0,30.61,0,0,0,0.01047,0.001197,0,0,0,0.01047,0.2094
PATH,2026-08-26 15:00:00-04:00,2026-08-26,16,0,16.715,16.89,16.695,16.75,True,False,41.05,45.80773919859618,44.08831288548352,0.3155748128981061,orange,0.4425,0.3105,0.1764,62.8,-0.0141183538600179,0.0116417910447761,0.1794871794871799,0.2820512820512801,1.3588757595213996,189939481.1904193,8.0,0.0116417910447761,0.0367164179104476,1.0,0.3038805970149253,0.0041791044776119,0.1844776119402985,0.1170762612958085,0.3175489656257373,0.313813077734594,1,0.0,0.0086994999999999,0.1111111111111111,36.0,44.9,NEUTRAL,110.5,1,0,unknown,unknown,0.0,0.0,0.0,0,0,0,none,0.0,0.5,0,0.0,0.0,0.0,0.0,0,32.17,0,0,0,0.0,0.0,0,0,0,0.0,0.0
PATH,2026-08-31 10:00:00-04:00,2026-08-31,11,1,18.28,18.4399,18.24,18.345,False,True,42.9,43.73765870784798,45.05645221904602,0.4396187775121098,yellow,0.4457,0.3805,0.1824,63.0,-0.0039939402286187,0.0108967020986646,0.3251625812906289,0.5252626313156519,0.6511953045003555,82998896.00396071,3.0,0.0051730716816572,0.027811392750068,2.0,0.3017170891251021,0.0095393840283456,0.0814935949850096,0.1632478361497733,0.3953753708070281,0.4329624320914846,1,0.0,0.00827,0.1081081081081081,37.0,35.2,NEUTRAL,112.6,1,0,unknown,unknown,0.0,0.0,0.0,0,0,0,none,0.0,0.5,0,0.0,0.0,0.0,0.0,0,64.34,1,1,0,0.022895,0.002998,0,0,0,0.022895,0.4579
PATH,2026-08-31 11:00:00-04:00,2026-08-31,12,1,18.345,18.745,18.29,18.715,True,False,59.27,50.45296756091203,44.9027065999249,1.457458308290622,green,0.4457,0.3805,0.1824,63.0,-0.0039939402286187,0.0243120491584291,0.8131868131868121,0.934065934065932,1.4467380489661927,186235035.49592125,4.0,0.0016029922522041,0.0470317926796686,3.0,0.3155223083088431,-0.0104194496393267,0.0601122094576542,0.1867093624171714,0.4235186734616262,0.4618638275602145,1,0.0,0.0086994999999999,0.1052631578947368,38.0,25.0,NEUTRAL,92.1,1,0,unknown,unknown,0.0,0.0,0.0,0,0,0,none,0.0,0.5,0,0.0,0.0,0.0,0.0,0,13.76,0,0,0,0.002672,0.014427,0,0,0,0.002672,0.0534399999999999
PATH,2026-09-02 09:00:00-04:00,2026-09-02,10,0,18.02,18.43,17.97,18.36,False,True,68.64,-10.623981057902425,-6.590524759670159,0.53259860522166,green,0.439,0.3462,0.1859,62.6,-0.0140457174332141,0.0250544662309368,0.739130434782607,0.8478260869565214,0.3157125155864526,40485323.87917381,2.0,0.0038126361655773,0.0261437908496732,1.0,0.289760348583878,0.0220588235294118,0.0806100217864924,0.1296028547697419,0.3625636382527124,0.4295613987277215,1,0.0,0.00827,0.1025641025641025,39.0,0.0,NEUTRAL,64.9,1,0,unknown,unknown,0.0,0.0,0.0,0,0,0,none,0.0,0.5,0,0.0,0.0,0.0,0.0,0,-24.75,0,0,0,0.0,0.035131,0,0,0,0.0,0.0
PATH,2026-09-02 14:00:00-04:00,2026-09-02,15,0,18.005,18.09,17.95,18.0614,False,True,35.32,-28.25721707771085,-27.49183278429323,0.0923039979111529,yellow,0.439,0.3462,0.1859,62.6,-0.0140457174332141,0.0077513371056507,0.4028571428571412,0.7957142857142805,1.3022559500151123,184887342.3176387,7.0,0.0204081632653061,0.0191790226671243,2.0,0.2780183153022468,0.0389560056252561,0.0984752012579313,0.1112314270772449,0.340403425704659,0.4063115602930756,1,0.0,0.0081094999999999,0.1,40.0,54.2,LAUNCH,132.7,1,0,unknown,unknown,0.0,1.0,0.5,0,0,0,earnings,0.0,0.5,0,0.0,0.0,0.0,0.0,0,51.67,0,0,0,0.002691,0.00949,0,0,0,0.002691,0.0538199999999999
PATH,2026-09-02 15:00:00-04:00,2026-09-02,16,0,18.065,18.11,17.89,18.0,True,False,33.09,-27.772329458817268,-28.84243166409212,-0.0681596767301305,red,0.439,0.3462,0.1859,62.6,-0.0140457174332141,0.0122222222222221,0.2954545454545528,0.5,1.5700435479673291,225814219.75445405,8.0,0.0238888888888888,0.0158333333333333,0.0,0.2755555555555556,0.0425,0.1022222222222222,0.1074537791860215,0.3358467041693259,0.4015307830663936,1,0.0,0.007949,0.0975609756097561,41.0,55.2,LAUNCH,130.2,1,0,unknown,unknown,0.0,1.0,0.5,0,0,0,earnings,0.0,0.5,0,0.0,0.0,0.0,0.0,0,49.25,0,0,0,0.0,0.0,0,0,0,0.0,0.0
SNOW,2026-06-08 09:00:00-04:00,2026-06-08,10,0,239.6648,247.1899,238.02,243.175,True,False,48.24,-43.33569121953335,-49.63867935758245,0.6603977125272453,yellow,0.9725,0.4485,0.2858,98.2,0.0057272345782627,0.0377090572632876,0.3827958865418384,0.5621653453145629,1.0765621145333122,259126972.63701332,1.0,0.0165103320653849,0.0211987251979027,2.0,0.4058599773825435,0.1719543538603886,0.1719543538603886,0.2574786822006072,0.4783789173165636,0.1893893799401478,1,0.0,0.0,0.0,0.0,41.2,NEUTRAL,152.8,1,0,unknown,unknown,0.0,0.0,0.0,0,0,0,none,0.0,0.5,0,0.0,0.0,0.0,0.0,0,52.42,0,1,0,0.007505,0.016511,0,0,0,0.007505,0.1501
SNOW,2026-06-09 14:00:00-04:00,2026-06-09,15,0,236.52,238.7399,236.08,238.085,True,False,11.31,-48.57011429889648,-49.71910525697502,-0.0095590441086772,green,0.9513,0.4481,0.3012,96.8,0.0023339437323123,0.0111720603985971,0.5883679837587885,0.7537877363810671,0.5585180844100452,93468563.35704008,7.0,0.0332444295104689,0.0356385324568957,3.0,0.3865636222357561,0.1970094714072705,0.1970094714072705,0.2037687768918462,0.433815115928937,0.1631951823781194,1,0.0,0.007505,0.0,1.0,35.0,NEUTRAL,145.5,1,0,unknown,unknown,0.0,0.0,0.0,0,0,0,none,0.0,0.5,0,0.0,0.0,0.0,0.0,0,43.27,0,0,0,0.006741,0.008715,0,0,0,0.006741,0.13482
SNOW,2026-06-11 13:00:00-04:00,2026-06-11,14,0,239.08,243.83,238.09,242.25,True,False,55.85,-10.19477374288773,-13.11031814997202,0.4134005333045644,green,0.9513,0.4152,0.3303,96.8,0.0072566519309367,0.0236945304437564,0.5522648083623662,0.7247386759581864,1.0901011790864223,171775771.51761076,6.0,0.0065221878224974,0.038628689370485,2.0,0.397110423116615,0.1764293085655315,0.1764293085655315,0.1726294490940863,0.4291040505734704,0.1810030359943886,1,0.0,0.007123,0.0,2.0,25.0,NEUTRAL,126.6,1,0,unknown,unknown,0.0,0.0,0.0,0,0,0,none,0.0,0.5,0,0.0,0.0,0.0,0.0,0,9.13,0,0,0,0.001527,0.016017,0,0,0,0.001527,0.0305399999999999
SNOW,2026-06-15 06:00:00-04:00,2026-06-15,7,1,239.44,239.44,238.0,238.7986,True,False,52.63,-35.57891374495936,-36.55932025997831,0.64071097147558,red,0.9118,0.3464,0.2945,94.1,0.0292739543481064,0.0060301861066187,0.4454166666666704,0.5545833333333295,0.0045863511836706,725531.8014941382,1.0,0.0026859453949897,0.0033442407116289,0.0,0.3757501090877417,0.1934324573092137,0.1934324573092137,0.1102315785558536,0.3811658310988545,0.1617941651611012,1,0.0,0.006741,0.0,3.0,35.0,NEUTRAL,123.8,1,0,unknown,unknown,0.0,0.0,0.0,0,0,0,none,0.0,0.5,0,0.0,0.0,0.0,0.0,0,59.41,1,1,0,0.02442,0.036762,0,0,0,0.02442,0.4884
SNOW,2026-06-17 12:00:00-04:00,2026-06-17,13,1,237.62,238.4399,237.02,237.47,False,True,24.07,-28.714050990529227,-24.97106679588154,-0.058947458843116,orange,0.7659,0.3506,0.2459,84.4,-0.0026443922095365,0.0059792815934643,0.1056412423410151,0.3169237270230253,0.5452378263229007,73513353.99608698,4.0,0.0161283530551228,0.0288457489367077,0.0,0.3203928917336927,0.2001094875142123,0.2001094875142123,0.0650861034676856,0.3457913629516621,0.1542714654780623,1,0.0,0.007123,0.0,4.0,36.2,NEUTRAL,107.8,1,0,unknown,unknown,0.0,0.0,0.0,0,0,0,none,0.0,0.5,0,0.0,0.0,0.0,0.0,0,63.4,1,1,0,0.004885,0.021308,0,0,0,0.004885,0.0976999999999999
SNOW,2026-06-17 13:00:00-04:00,2026-06-17,14,0,237.515,238.59,236.52,238.175,True,False,23.24,-27.390328687268383,-27.68481388447057,0.0148464924961442,yellow,0.7659,0.3506,0.2459,84.4,-0.0026443922095365,0.0086910884853573,0.318840579710158,0.7995169082125636,0.5519632991994913,76738957.9741568,5.0,0.0131206045974598,0.0317203736748189,1.0,0.3224045344809489,0.1965571533536265,0.1965571533536265,0.0682481268935698,0.3497867430454884,0.1576982620551544,1,0.0,0.006741,0.0,5.0,41.2,NEUTRAL,144.0,1,0,unknown,unknown,0.0,0.0,0.0,0,0,0,none,0.0,0.5,0,0.0,0.0,0.0,0.0,0,51.6,0,1,0,0.00191,0.024205,0,0,0,0.00191,0.0382
SNOW,2026-06-18 12:00:00-04:00,2026-06-18,13,1,229.6,230.79,228.17,230.545,False,True,7.55,-63.62101978910583,-63.433900325002,-0.1098945682919026,yellow,0.7659,0.3163,0.2298,84.4,0.0030724588205171,0.0113643757184064,0.3606870229007601,0.906488549618319,0.6887101967280719,97653337.52025066,5.0,0.0195840291483225,0.0470840833676722,3.0,0.2999791797696761,0.2361577999956625,0.2361577999956625,0.0191771253763144,0.2940378110837819,0.1207238511541444,1,0.0,0.005813,0.0,6.0,30.0,NEUTRAL,115.5,1,0,unknown,unknown,0.0,0.0,0.0,0,0,0,none,0.0,0.5,0,0.0,0.0,0.0,0.0,0,74.28,1,1,0,0.013934,0.007391,0,0,0,0.013934,0.27868
SNOW,2026-06-18 13:00:00-04:00,2026-06-18,14,0,230.63,233.7575,230.21,233.385,True,False,38.58,-57.39040687953246,-62.670468502420135,0.5267701125255728,green,0.7659,0.3163,0.2298,84.4,0.0030724588205171,0.0152002056687447,0.7766032417195228,0.8949964763918241,0.648415395041647,96177833.07236624,6.0,0.0071769822396469,0.0586798637444565,4.0,0.3084975469717419,0.2211153244638688,0.2211153244638688,0.0317319976835375,0.3099785922045087,0.134529640641133,1,0.0,0.006741,0.0,7.0,51.1,LAUNCH,143.8,1,0,unknown,unknown,0.0,0.0,0.0,0,0,0,none,0.0,0.5,0,0.0,0.0,0.0,0.0,0,53.58,0,1,0,0.001435,0.01947,0,0,0,0.001435,0.0287
SNOW,2026-06-23 10:00:00-04:00,2026-06-23,11,1,226.74,230.4,225.58,229.705,True,False,8.35,-48.04740209080357,-49.47316310803679,-0.1410573479792294,green,0.7024,0.2471,0.2024,80.2,0.0009710880600308,0.0209834352756796,0.6151452282157692,0.8558091286307066,0.9492889004264936,155029466.01253828,3.0,0.0030256198167214,0.0368516140266864,2.0,0.2712391981019133,0.2406782612481225,0.2406782612481225,-0.0121298524247878,0.2642521096094275,0.1167503806081514,1,0.0,0.005813,0.0,8.0,35.0,NEUTRAL,129.5,1,0,unknown,unknown,0.0,0.0,0.0,0,0,0,none,0.0,0.5,0,0.0,0.0,0.0,0.0,0,69.73,1,1,0,0.016434,0.007494,0,0,0,0.016434,0.3286799999999999
SNOW,2026-06-25 11:00:00-04:00,2026-06-25,12,1,226.56,228.1975,224.51,226.54,False,True,18.87,-36.40290818057716,-35.4437544200537,-0.1760780702205399,orange,0.6466,0.2167,0.1764,76.4,-0.0046501328609389,0.0162774785909773,0.005423728813562,0.5505084745762715,1.058204998567691,118320934.83031128,4.0,0.0084532532886025,0.0399929372296283,0.0,0.2359848150437008,0.2580118301403726,0.2580118301403726,-0.047564992737126,0.2198418416413317,0.1011255015251417,1,0.0,0.006741,0.0,9.0,30.0,NEUTRAL,113.6,1,0,unknown,unknown,0.0,0.0,0.0,0,0,0,none,0.0,0.5,0,0.0,0.0,0.0,0.0,0,64.16,1,1,0,0.024278,0.002913,0,0,0,0.024278,0.48556
SNOW,2026-06-25 12:00:00-04:00,2026-06-25,13,1,226.37,227.66,225.8801,227.255,True,False,29.69,-32.9520337797205,-36.51530063553556,0.2086038578924918,yellow,0.6466,0.2167,0.1764,76.4,-0.0046501328609389,0.0078321709093309,0.4972189448845395,0.7724591269172416,0.7711549115472417,89936497.44166502,5.0,0.0052804118721261,0.0430133550416932,1.0,0.2383885943103561,0.2540538161976635,0.2540538161976635,-0.044558940692485,0.2236918765878028,0.1046008468663198,1,0.0,0.007123,0.0,10.0,46.7,NEUTRAL,119.1,1,0,unknown,unknown,0.0,0.0,0.0,0,0,0,none,0.0,0.5,0,0.0,0.0,0.0,0.0,0,85.17,1,1,0,0.021056,0.004026,0,0,0,0.021056,0.4211199999999999
SNOW,2026-06-30 12:00:00-04:00,2026-06-30,13,1,252.55,254.42,252.46,253.235,False,True,38.11,46.67638863691454,47.116047350035466,0.4249987312421104,yellow,0.3104,0.3121,0.1192,54.0,-0.0017085187539733,0.0077398463877425,0.3494897959183721,0.3954081632653131,0.3849335369372877,90191608.06081031,5.0,0.0046794479436095,0.0285308113017553,2.0,0.1411929630580292,0.1253973581850849,0.1253973581850849,0.0519177607051695,0.320335147761163,0.2293936921692571,0,0.0,0.007505,0.0,11.0,47.2,NEUTRAL,99.1,1,0,unknown,unknown,0.0,0.0,0.0,0,0,0,none,0.0,0.5,0,0.0,0.0,0.0,0.0,0,72.05,1,1,0,0.00697,0.005469,0,0,0,0.00697,0.1394
SNOW,2026-06-30 13:00:00-04:00,2026-06-30,14,0,253.24,253.66,251.85,252.29,True,False,24.44,46.19093293657832,45.93906688042703,0.1850473273197425,red,0.3104,0.3121,0.1192,54.0,-0.0017085187539733,0.0071742835625668,0.5248618784530474,0.2430939226519321,0.565461748991969,130835659.5558288,6.0,0.008442665186888,0.0248919893773039,0.0,0.1379761385706924,0.1296127472353245,0.1296127472353245,0.0479923069414069,0.3154080377067301,0.2248059494042366,0,0.0,0.0072375,0.0,12.0,41.2,NEUTRAL,109.3,1,0,unknown,unknown,0.0,0.0,0.0,0,0,0,none,0.0,0.5,0,0.0,0.0,0.0,0.0,0,45.07,0,1,0,0.010742,0.000476,0,0,0,0.010742,0.2148399999999999
SNOW,2026-07-13 06:00:00-04:00,2026-07-13,7,1,262.67,263.05,262.67,263.04,False,True,39.91,2.121095829833465,5.450677181736756,-0.052378090919367,green,0.2642,0.2442,0.0232,45.6,0.0046662841843565,0.0014446472019464,0.9736842105263394,0.9736842105263394,0.0020130599095567,237525.12,1.0,3.801703163013574e-05,0.0014066301703163,2.0,0.173205596107056,0.0452022506082724,0.0834473844282237,0.0691335644695181,0.2518131874407501,0.267658374164521,1,0.0,0.007505,0.0,13.0,42.7,NEUTRAL,86.7,1,0,unknown,unknown,0.0,0.0,0.0,0,0,0,none,0.0,0.5,0,0.0,0.0,0.0,0.0,0,50.52,1,1,0,0.041667,0.005512,1,0,0,0.041667,0.83334
SNOW,2026-07-13 09:00:00-04:00,2026-07-13,10,0,263.07,268.355,261.59,264.44,True,False,69.32,7.175657613420639,4.271041653095515,0.4953713638732299,orange,0.2642,0.2442,0.0232,45.6,0.0046662841843565,0.0255823627287855,0.2025129342202506,0.4212860310421292,0.745356703869379,87522191.0655343,2.0,0.0148048706700953,0.0107774920586901,3.0,0.1775828165179247,0.0396687339283013,0.0777113901073968,0.074823904304742,0.25847581845663,0.2744053393554817,1,0.0,0.0091235,0.0,14.0,5.0,NEUTRAL,47.7,1,0,unknown,unknown,0.0,0.0,0.0,0,0,0,none,0.0,0.5,0,0.0,0.0,0.0,0.0,0,-16.61,0,0,0,0.036152,0.003744,1,0,0,0.036152,0.7230399999999999
SNOW,2026-07-14 10:00:00-04:00,2026-07-14,11,1,273.49,275.69,270.38,274.84,True,False,70.89,34.59802992457714,30.955690053565647,0.7405315055688297,yellow,0.2642,0.2632,0.027,46.3,-0.0101216834741191,0.019320331829428,0.2542372881355867,0.8399246704331408,1.7309784179382632,236760798.06889367,3.0,0.0030927084849367,0.0676393538058506,2.0,0.2087032455246688,0.0003274632513463,0.0369305777907147,0.110715959974782,0.2922955973364153,0.323087476907709,1,0.0,0.010742,0.0,15.0,5.0,EXTENSION,60.1,1,0,unknown,unknown,0.0,0.0,0.0,0,0,0,none,0.0,0.5,0,0.0,0.0,0.0,0.0,0,19.28,0,0,0,0.014408,0.007859,0,0,0,0.014408,0.2881599999999999
SNOW,2026-07-16 06:00:00-04:00,2026-07-16,7,1,273.1,273.1,273.1,273.1,True,False,47.36,13.541708654115372,11.890693978983132,0.2000960367920878,orange,0.2838,0.2466,0.0489,52.0,0.0040810323908967,0.0,0.0,0.0,0.0001927545004967,27310.000000000004,1.0,0.0,0.0,0.0,0.2036616623947273,0.0222995239838885,0.0435371658733064,0.087369827179468,0.2522778066659147,0.311439512553636,1,0.0,0.012338,0.0,16.0,41.2,NEUTRAL,85.3,1,0,unknown,unknown,0.0,1.0,0.5,0,0,0,none,0.0,0.5,0,0.0,0.0,0.0,0.0,0,38.24,1,1,0,0.008019,0.03766,0,0,0,0.008019,0.16038
SNOW,2026-07-16 11:00:00-04:00,2026-07-16,12,1,271.07,275.29,270.12,274.85,True,False,73.7,7.552148058882895,6.442479200086416,0.9718052251965742,green,0.2838,0.2466,0.0489,52.0,0.0040810323908967,0.0188102601418956,0.731141199226309,0.9148936170212773,0.5764754008328259,79696110.5100373,4.0,0.0016008732035655,0.0437875204657086,2.0,0.2087320356558123,0.0157904311442604,0.0368928506458067,0.0943375942888201,0.2603022891326497,0.3198430978592708,1,0.0,0.010742,0.0,17.0,5.0,EXTENSION,58.3,1,0,unknown,unknown,0.0,1.0,0.5,0,0,0,none,0.0,0.5,0,0.0,0.0,0.0,0.0,0,10.74,0,0,0,0.001164,0.023014,0,0,0,0.001164,0.02328
SNOW,2026-07-17 10:00:00-04:00,2026-07-17,11,1,269.35,274.25,266.3,266.31,False,True,40.75,-14.052012920558028,-7.272775191365374,-0.7214042186899431,red,0.2838,0.224,0.0555,52.3,-0.0306934725461881,0.0298524276219443,0.3823899371069214,0.0012578616352189,1.13234762273394,135128787.68545398,3.0,0.0298148773985205,0.0256468025984754,0.0,0.1833577409785588,0.0483646877698922,0.0701438173557132,0.0536852871412094,0.2072141824887532,0.2774417204090632,1,0.0,0.0093805,0.0,18.0,40.6,NEUTRAL,103.8,1,0,unknown,unknown,0.0,1.0,0.5,0,0,0,none,0.0,0.5,0,0.0,0.0,0.0,0.0,0,69.19,1,1,0,0.015095,0.010326,0,0,0,0.015095,0.3019
SNOW,2026-07-17 13:00:00-04:00,2026-07-17,14,0,267.755,269.93,267.55,268.78,True,False,32.27,-18.8977835961649,-18.946818799928074,-0.1341356390187405,yellow,0.2838,0.224,0.0555,52.3,-0.0306934725461881,0.0088548255078502,0.4306722689075543,0.5168067226890604,0.6924202365975077,74224745.45931078,6.0,0.0203512166083787,0.0346007887491627,2.0,0.1908624153582855,0.0387305603095469,0.0603095468412829,0.0634581182749962,0.2184109795701516,0.2892898712460965,1,0.0,0.010742,0.0,19.0,53.2,LAUNCH,122.0,1,0,unknown,unknown,0.0,1.0,0.5,0,0,0,none,0.0,0.5,0,0.0,0.0,0.0,0.0,0,48.45,0,1,0,0.005767,0.010529,0,0,0,0.005767,0.11534
SNOW,2026-07-21 09:00:00-04:00,2026-07-21,10,0,272.46,279.14,268.91,278.05,True,False,58.13,34.11857852257333,32.69733807008305,1.0101915870908085,green,0.2838,0.2148,0.0633,52.3,-0.0048113723346092,0.0367919438949827,0.5464320625611,0.8934506353861214,0.7872382161815582,98671683.8742452,2.0,0.0039201582449198,0.0328717856500628,3.0,0.217838518252113,0.0040999820176226,0.0249595396511418,0.0837494104761794,0.2312108064928935,0.3308058949843144,1,0.0,0.0093805,0.0,20.0,25.0,NEUTRAL,81.7,1,0,unknown,unknown,0.0,1.0,0.5,0,0,0,none,0.0,0.5,0,0.0,0.0,0.0,0.0,0,-10.09,0,0,0,0.005179,0.030714,0,0,0,0.005179,0.1035799999999999
SNOW,2026-07-22 06:00:00-04:00,2026-07-22,7,1,272.9211,272.9211,272.9211,272.9211,False,True,37.78,4.670947401157951,6.788282631518631,-0.0600456307454418,orange,0.2851,0.1908,0.0672,51.4,0.0043833952820814,0.0,0.0,0.0,0.0007630002999723,85697.22540000001,1.0,0.0,0.0,0.0,0.2031396619755674,0.0240684945209437,0.0442212053227104,0.0544822656672592,0.19600052236072,0.3049718740295052,1,0.0,0.008019,0.0,21.0,48.0,NEUTRAL,92.6,1,0,unknown,unknown,0.0,1.0,0.5,0,0,0,none,0.0,0.5,0,0.0,0.0,0.0,0.0,0,45.14,1,1,0,0.0,0.046098,0,0,0,0.0,0.0
SNOW,2026-07-22 12:00:00-04:00,2026-07-22,13,1,267.755,270.58,267.57,269.81,False,True,41.34,-21.70776533866165,-18.94409821926769,0.1700672087699504,green,0.2851,0.1908,0.0672,51.4,0.0043833952820814,0.0111559986657277,0.6827242524916987,0.7441860465116332,0.9276513639420898,97668923.2091884,5.0,0.0115307067936697,0.035098773210778,3.0,0.1939512990623031,0.0358767280678995,0.0562618138690189,0.0424619426628545,0.1823669952163678,0.2900961535473101,1,0.0,0.007762,0.0,22.0,39.1,NEUTRAL,83.5,1,0,unknown,unknown,0.0,1.0,0.5,0,0,0,none,0.0,0.5,0,0.0,0.0,0.0,0.0,0,62.92,1,1,0,0.0,0.011156,0,0,0,0.0,0.0
SNOW,2026-07-23 06:00:00-04:00,2026-07-23,7,1,272.08,274.53,272.08,273.21,True,False,64.19,-12.75121241797182,-21.56722478199809,1.2625051745060818,yellow,0.2851,0.1618,0.0703,48.5,0.0159441395018856,0.0089674609274916,0.4612244897959186,0.4612244897959186,0.0158662656825197,1533066.0160284,1.0,0.0048314483364444,0.0041360125910471,2.0,0.203982284689433,0.0229856154606346,0.0431170162146335,0.0480284016042071,0.1852835856379428,0.3055024292112199,1,0.0,0.007505,0.0,23.0,25.0,NEUTRAL,75.3,1,0,unknown,unknown,0.0,1.0,0.5,0,0,0,none,0.0,0.5,0,0.0,0.0,0.0,0.0,0,11.25,0,0,0,0.015757,0.046155,0,0,0,0.015757,0.31514
SNOW,2026-07-23 15:00:00-04:00,2026-07-23,16,0,264.445,266.8,263.35,265.02,False,True,31.4,-34.42488386515117,-32.615752597512994,-0.2064201163423149,orange,0.2851,0.1618,0.0703,48.5,0.0159441395018856,0.013017885442608,0.1666666666666639,0.4840579710144825,1.593523902492069,143187131.1205595,8.0,0.0471473851030111,0.0166779865670513,2.0,0.1793826880990113,0.0545992755263753,0.0753528035619954,0.0166117162371325,0.1497524097425702,0.2663674601572325,1,0.0,0.007762,0.0,24.0,46.0,NEUTRAL,99.2,1,0,unknown,unknown,0.0,1.0,0.5,0,0,0,none,0.0,0.5,0,0.0,0.0,0.0,0.0,0,39.62,0,0,0,0.0,0.0,0,0,0,0.0,0.0
SNOW,2026-07-24 06:00:00-04:00,2026-07-24,7,1,267.5,267.5,267.5,267.5,True,False,45.83,-28.10681913700303,-32.65163411915432,0.4050322639041919,orange,0.2851,0.139,0.0722,46.2,0.0093577843181647,0.0,0.0,0.0,0.0004240499756797,36647.5,1.0,0.0,0.0,0.0,0.1869906542056075,0.0448220560747662,0.0653831775700934,0.0184714551958222,0.1491813532759617,0.2773011176504153,1,0.0,0.007505,0.0,25.0,41.2,NEUTRAL,80.3,1,0,unknown,unknown,0.0,1.0,0.5,0,0,0,none,0.0,0.5,0,0.0,0.0,0.0,0.0,0,40.08,1,1,0,0.012299,0.01721,0,0,0,0.012299,0.2459799999999999
SNOW,2026-07-27 12:00:00-04:00,2026-07-27,13,1,269.97,272.0,268.83,271.14,False,True,48.52,21.743760491507494,24.15649530199501,0.3719442454934438,yellow,0.2564,0.1402,0.0759,44.4,0.0162220399642112,0.0116913771483367,0.3690851735015625,0.7287066246056753,0.9259337152133736,95899865.53214946,5.0,0.0268864793095818,0.0207272995500479,2.0,0.1795751272405399,0.0307955299845098,0.0510806225566129,0.0243352342381991,0.15331609214959,0.2938929958986637,1,0.0,0.007762,0.0,26.0,36.2,NEUTRAL,79.8,1,0,unknown,unknown,0.0,1.0,0.5,0,0,0,none,0.0,0.5,0,0.0,0.0,0.0,0.0,0,62.51,1,1,0,0.009405,0.005717,0,0,0,0.009405,0.1881
SNOW,2026-07-27 13:00:00-04:00,2026-07-27,14,0,271.06,272.02,269.6,271.665,True,False,55.3,24.18390335684516,22.782027368519145,0.4748913987653158,yellow,0.2564,0.1402,0.0759,44.4,0.0162220399642112,0.008908030110614,0.2500000000000117,0.8533057851239805,0.8808098045294492,89769391.38220383,6.0,0.0249019932637623,0.0226197706734398,3.0,0.1811606206173045,0.0288034895919605,0.049049380671047,0.0263186228860382,0.1555492224452991,0.2963983209073192,1,0.0,0.008019,0.0,27.0,25.0,NEUTRAL,81.3,1,0,unknown,unknown,0.0,1.0,0.5,0,0,0,none,0.0,0.5,0,0.0,0.0,0.0,0.0,0,0.3,0,0,0,0.007454,0.007638,0,0,0,0.007454,0.14908
SNOW,2026-08-05 06:00:00-04:00,2026-08-05,7,1,319.69,320.75,319.69,320.61,False,True,46.43,61.3793906802751,62.19265256498056,1.1400526642077575,green,0.27,0.2501,0.0692,51.3,0.0097918443412616,0.0033061975608995,0.8679245283018999,0.8679245283018999,0.0070125610351822,1584514.7379017102,1.0,0.0004366676023829,0.0028695299585166,1.0,0.2108792614079411,0.0021833380119147,0.0021833380119147,0.1585765780415754,0.265256800444523,0.5178324362415455,1,0.0,0.007762,0.0,28.0,36.2,NEUTRAL,84.8,1,0,unknown,unknown,0.0,1.0,0.5,0,0,0,none,0.0,0.5,0,0.0,0.0,0.0,0.0,0,38.26,1,1,0,0.007766,0.017436,0,0,0,0.007766,0.1553199999999999
SNOW,2026-08-06 10:00:00-04:00,2026-08-06,11,1,313.89,321.82,313.51,319.44,False,True,55.99,19.23383609404683,26.835084323764093,0.3711803147507018,green,0.2771,0.2363,0.0722,51.8,-0.0086190566395151,0.0260142749812171,0.6678700361010842,0.7135980746089056,1.5628225430447873,308845079.93681496,3.0,0.0074505384422739,0.0556912096168295,2.0,0.2079889807162534,0.0114575507137491,0.0114575507137491,0.1428816761119697,0.2464102884255212,0.5095498735307773,1,0.0,0.007766,0.0,29.0,20.0,NEUTRAL,76.6,1,0,unknown,unknown,0.0,1.0,0.5,0,0,0,none,0.0,0.5,0,0.0,0.0,0.0,0.0,0,17.27,0,0,0,0.004862,0.010612,0,0,0,0.004862,0.09724
SNOW,2026-08-06 11:00:00-04:00,2026-08-06,12,1,319.435,320.993,317.6514,320.14,True,False,58.23,23.8518962762878,22.187407334817973,0.4815225517270764,orange,0.2771,0.2363,0.0722,51.8,-0.0086190566395151,0.0104379334041356,0.2109767775915699,0.7447330620062198,1.0854285581895662,203716832.5687056,4.0,0.0052477041294433,0.0577559817579809,3.0,0.2097207471731117,0.0092459548947336,0.0092459548947336,0.1453861125422175,0.2491415907104506,0.5128578027552687,1,0.0,0.0076355,0.0,30.0,25.0,NEUTRAL,76.2,1,0,unknown,unknown,0.0,1.0,0.5,0,0,0,none,0.0,0.5,0,0.0,0.0,0.0,0.0,0,11.47,0,0,0,0.001905,0.012776,0,0,0,0.001905,0.0380999999999999
SNOW,2026-08-07 06:00:00-04:00,2026-08-07,7,1,322.0,322.0,321.5,321.93,True,False,59.81,33.60866746043146,28.696422291722747,0.9144137812553016,orange,0.2741,0.2273,0.0738,51.6,0.0127378518635005,0.0015531326685925,0.1399999999999863,0.8600000000000136,0.0044231654991103,812873.25,1.0,0.0002174385736029,0.0013356940949896,0.0,0.2122818625166961,0.0036343304445066,0.0036343304445066,0.1414763349224106,0.2425124278259795,0.5185445406477059,1,0.0,0.007505,0.0,31.0,25.0,NEUTRAL,68.1,1,0,unknown,unknown,0.0,1.0,0.5,0,0,0,none,0.0,0.5,0,0.0,0.0,0.0,0.0,0,-3.43,0,0,0,0.029416,0.0,0,0,0,0.029416,0.58832
SNOW,2026-08-11 10:00:00-04:00,2026-08-11,11,1,335.08,337.9799,331.8,337.575,False,True,35.1,56.47082807194069,59.17002140036841,0.427064988064114,yellow,0.3427,0.2673,0.0861,56.2,-0.0109364728381044,0.0183067466488927,0.4037282156669225,0.9344811404715287,0.6816845559427462,135138936.25761634,2.0,0.0011994371621121,0.028364067244316,4.0,0.2487888617344293,0.0086647411686292,0.0086647411686292,0.1689532661089257,0.2781577112012919,0.5859086094765527,1,0.0,0.0076355,0.0,32.0,54.8,LAUNCH,127.0,1,0,unknown,unknown,0.0,0.0,0.0,0,0,0,none,0.0,0.5,0,0.0,0.0,0.0,0.0,0,68.04,1,1,0,0.001377,0.017789,0,0,0,0.001377,0.02754
SNOW,2026-08-12 09:00:00-04:00,2026-08-12,10,0,330.0,341.9498,329.0,336.24,False,True,29.99,43.84141547469274,45.66301450691084,0.2526085311561328,yellow,0.3427,0.2577,0.0932,56.2,-0.0130398373011126,0.038513561741613,0.4818607237177422,0.5590819935443033,1.0165360299271518,174933233.489147,1.0,0.0169813228646204,0.0215322388769926,2.0,0.2458062693314299,0.0126695217701641,0.0126695217701641,0.1527148312958101,0.2655712233855161,0.5762131694241648,1,0.0,0.007505,0.0,33.0,42.5,NEUTRAL,115.7,1,0,unknown,unknown,0.0,0.0,0.0,0,0,0,none,0.0,0.5,0,0.0,0.0,0.0,0.0,0,41.99,0,1,0,0.013502,0.011867,0,0,0,0.013502,0.27004
SNOW,2026-08-12 10:00:00-04:00,2026-08-12,11,1,336.548,340.78,335.76,338.7,True,False,50.44,50.139498307776776,45.38152265339473,0.6654728791263029,yellow,0.3427,0.2577,0.0932,56.2,-0.0130398373011126,0.0148213758488337,0.4286852589641423,0.58565737051793,0.9997588250576142,172929099.78737468,2.0,0.0095949217596693,0.0286389134927664,3.0,0.2512840271626808,0.0053144375553587,0.0053144375553587,0.1611483266711006,0.2748303990027191,0.587745064489545,1,0.0,0.0076355,0.0,34.0,35.0,NEUTRAL,104.1,1,0,unknown,unknown,0.0,0.0,0.0,0,0,0,none,0.0,0.5,0,0.0,0.0,0.0,0.0,0,58.09,1,1,0,0.003307,0.019043,0,0,0,0.003307,0.0661399999999999
SNOW,2026-08-13 10:00:00-04:00,2026-08-13,11,1,336.06,337.4,333.02,336.295,False,True,42.29,18.789301736162358,20.54961445277621,0.2365478770715059,orange,0.3484,0.2457,0.0986,56.6,0.0052368626978872,0.0130242792786095,0.0536529680365328,0.7477168949771775,0.9019706314455076,142823089.98019645,3.0,0.003285805617092,0.0163398206931414,2.0,0.2459296153674601,0.0168149987362285,0.0168149987362285,0.1410912632098631,0.2608332795949677,0.5735473539282538,1,0.0,0.007505,0.0,35.0,36.8,NEUTRAL,95.9,1,0,unknown,unknown,0.0,0.0,0.0,0,0,0,none,0.0,0.5,0,0.0,0.0,0.0,0.0,0,53.63,1,1,0,0.010274,0.009679,0,0,0,0.010274,0.20548
SNOW,2026-08-13 13:00:00-04:00,2026-08-13,14,0,335.98,336.7,335.24,335.36,True,False,45.34,17.923928333613457,16.465795496007097,0.2455100983821202,red,0.3484,0.2457,0.0986,56.6,0.0052368626978872,0.004353530534351,0.4246575342465844,0.082191780821922,0.4340612462959804,63011418.205657616,6.0,0.0060830152671754,0.0135973282442748,0.0,0.2438272304389313,0.0196499284351144,0.0196499284351144,0.1379186905248657,0.2573277885337824,0.5691724248453863,1,0.0,0.0076355,0.0,36.0,41.2,NEUTRAL,107.7,1,0,unknown,unknown,0.0,0.0,0.0,0,0,0,none,0.0,0.5,0,0.0,0.0,0.0,0.0,0,21.77,0,1,0,0.01309,6e-05,0,0,0,0.01309,0.2618
SNOW,2026-08-17 10:00:00-04:00,2026-08-17,11,1,329.99,331.56,328.7776,330.225,False,True,33.35,-26.783337829538787,-26.673532609274098,0.1026777826054343,orange,0.3484,0.2182,0.1079,56.6,-0.0092088867276539,0.0084257703081232,0.0844594594594645,0.5201983898792475,1.162172463900858,131638368.60596368,3.0,0.0055440987205691,0.0183359830418654,2.0,0.2320687410099175,0.0355054886819591,0.0355054886819591,0.0967924073966435,0.2230464959518821,0.5400152124449178,1,0.0,0.007766,0.0,37.0,50.9,LAUNCH,111.8,1,0,unknown,unknown,0.0,0.0,0.0,0,0,0,none,0.0,0.5,0,0.0,0.0,0.0,0.0,0,60.78,1,1,0,0.012794,0.000863,0,0,0,0.012794,0.25588
SNOW,2026-08-17 11:00:00-04:00,2026-08-17,12,1,330.0,333.67,329.94,332.65,True,False,61.27,-19.77531825778713,-26.305954287634133,0.7217942005694026,green,0.3484,0.2182,0.1079,56.6,-0.0092088867276539,0.0112129866225763,0.7104557640750575,0.7265415549597765,1.0427912964544148,106627970.84488684,4.0,0.0030662858860665,0.0254922591312188,3.0,0.2376669171802193,0.027956711258079,0.027956711258079,0.1048466782360312,0.2320279109043638,0.5513242801720095,1,0.0,0.0078925,0.0,38.0,25.0,NEUTRAL,85.3,1,0,unknown,unknown,0.0,0.0,0.0,0,0,0,none,0.0,0.5,0,0.0,0.0,0.0,0.0,0,17.85,0,0,0,0.005411,0.008117,0,0,0,0.005411,0.10822
SNOW,2026-08-18 15:00:00-04:00,2026-08-18,16,0,323.66,326.7,323.54,325.32,False,True,33.57,-40.3291732433686,-39.31576180124853,-0.2280012563010916,green,0.3484,0.2149,0.1089,56.6,0.0068157033805888,0.0097135128488871,0.5253164556961978,0.5632911392405033,2.9747225484212256,342274069.32661486,8.0,0.0266814213697282,0.0117422845198573,2.0,0.220490286487151,0.0511182835362104,0.0511182835362104,0.0705858736108414,0.1972592435023329,0.5149130363919997,1,0.0,0.007766,0.0,39.0,51.4,LAUNCH,117.3,1,0,unknown,unknown,0.0,0.0,0.0,0,0,0,none,0.0,0.5,0,0.0,0.0,0.0,0.0,0,48.08,0,0,0,0.0,0.0,0,0,0,0.0,0.0
SNOW,2026-08-19 14:00:00-04:00,2026-08-19,15,0,320.245,322.725,319.99,322.23,True,False,13.82,-49.50340421452236,-52.23665625856429,0.062356211927364,green,0.3484,0.1897,0.1078,55.5,-0.0052871019304068,0.0084877261583341,0.7257769652650836,0.8190127970749536,0.8050318774307221,94395674.28052284,7.0,0.0116997175930235,0.0183409365980821,2.0,0.2130152375632312,0.0611979021196038,0.0611979021196038,0.0511464650253955,0.1783355639906094,0.4985828270118821,1,0.0,0.0076355,0.0,40.0,35.0,NEUTRAL,103.7,0,0,unknown,unknown,1.0,1.0,1.0,0,0,0,none,0.0,0.5,0,0.0,0.0,0.0,0.0,0,37.19,0,0,0,0.010365,0.000869,0,0,0,0.010365,0.2072999999999999
SNOW,2026-08-20 13:00:00-04:00,2026-08-20,14,0,321.11,321.66,318.94,321.39,True,False,17.52,-38.52449670611514,-38.727838841575554,-0.2478271138930495,orange,0.3484,0.1812,0.107,54.7,-0.0071619586266252,0.0084632378107595,0.1029411764705771,0.900735294117634,0.569479531315031,76040782.69920741,5.0,0.0112324590061918,0.0132860387690966,2.0,0.2109583372226889,0.0639714988020784,0.0639714988020784,0.038713816390147,0.1680402045115231,0.4928076851796372,1,0.0,0.007766,0.0,41.0,35.0,NEUTRAL,97.2,0,0,unknown,unknown,1.0,1.0,1.0,0,0,0,none,0.0,0.5,0,0.0,0.0,0.0,0.0,0,31.42,0,1,0,0.004823,0.006285,0,0,0,0.004823,0.0964599999999999
SNOW,2026-08-21 10:00:00-04:00,2026-08-21,11,1,320.63,324.51,318.67,324.51,True,False,50.58,-29.49726047771308,-35.76703843056603,0.5341774124843577,green,0.3484,0.1608,0.107,52.6,0.0026779597683253,0.0179963637484206,0.6643835616438377,1.0,0.786267037648439,107598875.81610876,2.0,0.0,0.0317709777818865,1.0,0.2185445748975377,0.0537419494006347,0.0537419494006347,0.0393649339647267,0.172422862733565,0.5056767367585145,1,0.0,0.0076355,0.0,42.0,35.0,NEUTRAL,93.5,0,0,unknown,unknown,1.0,1.0,1.0,0,0,0,none,0.0,0.5,0,0.0,0.0,0.0,0.0,0,61.1,1,1,0,0.02701,0.003112,0,0,0,0.02701,0.5401999999999999
SNOW,2026-08-25 15:00:00-04:00,2026-08-25,16,0,315.62,317.53,313.4,316.9,False,True,20.66,-45.87341350227687,-42.48377500109888,-0.1560173576258312,yellow,0.3484,0.1516,0.101,51.7,0.0074682367524016,0.0130325023666771,0.3099273607748121,0.847457627118645,1.4025988906198092,205400015.2851901,8.0,0.0282423477437678,0.0261281161249604,2.0,0.1997787945724202,0.0790463868728305,0.0790463868728305,-0.003297703873426,0.1306098800105032,0.4665229915310492,1,0.0,0.007766,0.0,43.0,36.2,NEUTRAL,106.8,0,0,unknown,unknown,1.0,1.0,1.0,0,0,0,none,0.0,0.5,0,0.0,0.0,0.0,0.0,0,49.29,0,0,0,0.0,0.0,0,0,0,0.0,0.0
DKNG,2026-06-11 09:00:00-04:00,2026-06-11,10,0,29.21,30.08,28.9,29.77,True,False,55.01,51.0724523052791,50.96928680706041,0.8330648555442862,yellow,0.2723,0.193,0.033,47.4,0.0208405696422369,0.0396372186765199,0.4745762711864397,0.7372881355932214,1.436359053221257,114011519.82550916,2.0,0.0104131676184077,0.0292240510581122,1.0,0.2092710782667114,0.0060463553913335,0.638562311051394,0.1717473874795819,0.2336112446337705,-0.0253181548817579,1,0.0,0.0,0.0,0.0,25.0,NEUTRAL,84.4,1,0,unknown,unknown,0.0,1.0,0.5,0,0,0,none,0.0,0.5,0,0.0,0.0,0.0,0.0,0,-2.49,0,0,0,0.010413,0.019315,0,0,0,0.010413,0.20826
DKNG,2026-06-11 14:00:00-04:00,2026-06-11,15,0,29.835,29.87,29.69,29.8501,False,True,49.58,48.777824030397575,49.49435714023666,0.8759592627796495,orange,0.2723,0.193,0.033,47.4,0.0208405696422369,0.0060301305523264,0.0838888888888908,0.8894444444444454,0.6628971416416185,49657709.59154996,7.0,0.0077018167443324,0.0318290390986965,2.0,0.2113929266568621,0.0033467224565411,0.63416537968047,0.1749001239840198,0.236930433773682,-0.0226956484728237,1,0.0,0.010413,0.0,1.0,36.2,NEUTRAL,84.7,1,0,unknown,unknown,0.0,1.0,0.5,0,0,0,none,0.0,0.5,0,0.0,0.0,0.0,0.0,0,21.25,0,0,0,0.007367,0.00268,0,0,0,0.007367,0.14734
DKNG,2026-06-11 15:00:00-04:00,2026-06-11,16,0,29.85,30.07,29.7701,30.015,True,False,59.1,49.48791979586351,49.12345233977427,0.9468675109674078,green,0.2723,0.193,0.033,47.4,0.0208405696422369,0.009991670831251,0.550183394464817,0.8166055351783943,1.5931744278900004,124766596.29934864,8.0,0.0021655838747292,0.0371480926203565,3.0,0.2157254705980343,-0.0021655838747293,0.6251874062968515,0.1813905890224942,0.2437635709668331,-0.0172967557533075,1,0.0,0.00889,0.0,2.0,25.0,NEUTRAL,76.6,1,0,unknown,unknown,0.0,1.0,0.5,0,0,0,none,0.0,0.5,0,0.0,0.0,0.0,0.0,0,-8.29,0,0,0,0.0,0.0,0,0,0,0.0,0.0
DKNG,2026-06-16 06:00:00-04:00,2026-06-16,7,1,28.79,28.81,28.78,28.78,False,True,28.11,-27.07529454144424,-25.41080725384947,-0.2278583097663067,red,0.2799,0.1727,0.0462,48.5,-0.0003472222222222,0.0010423905489922,0.3333333333332938,0.0,0.0062621379587444,266848.16000000003,1.0,0.0010423905489922,0.0,0.0,0.1820708825573315,0.0469075747046559,0.6949270326615705,0.1053076273139258,0.1723109760568317,-0.0492315061818121,1,0.0,0.007367,0.0,3.0,37.8,NEUTRAL,89.7,1,0,unknown,unknown,0.0,1.0,0.5,0,0,0,none,0.0,0.5,0,0.0,0.0,0.0,0.0,0,53.52,1,1,0,0.02606,0.018937,0,0,0,0.02606,0.5212
DKNG,2026-06-16 09:00:00-04:00,2026-06-16,10,0,28.92,29.53,28.65,28.8,True,False,28.01,-21.319115901129745,-25.522101125610973,-0.0645386583831465,orange,0.2799,0.1727,0.0462,48.5,-0.0003472222222222,0.0305555555555556,0.1363636363636371,0.1704545454545473,0.7942916698988406,33221574.7888032,2.0,0.0253472222222222,0.0052083333333334,0.0,0.1826388888888889,0.0461805555555554,0.69375,0.1060757354635532,0.1731256466447795,-0.0485707914536549,1,0.0,0.00889,0.0,4.0,42.5,NEUTRAL,96.4,1,0,unknown,unknown,0.0,1.0,0.5,0,0,0,none,0.0,0.5,0,0.0,0.0,0.0,0.0,0,34.81,0,1,0,0.006944,0.019618,0,0,0,0.006944,0.1388799999999999
DKNG,2026-06-16 14:00:00-04:00,2026-06-16,15,0,28.585,28.85,28.571,28.735,True,False,38.12,-30.14211016156301,-30.713947781234875,0.2187006381059165,green,0.2799,0.1727,0.0462,48.5,-0.0003472222222222,0.0097094136070993,0.5376344086021456,0.5878136200716774,0.5047872536632233,16931862.14417096,7.0,0.0276666086653907,0.0174003828084217,2.0,0.1807899773795023,0.0485470680354967,0.6975813467896295,0.1035793839772639,0.1704779672339492,-0.0507181143201658,1,0.0,0.007367,0.0,5.0,52.2,LAUNCH,109.1,1,0,unknown,unknown,0.0,1.0,0.5,0,0,0,none,0.0,0.5,0,0.0,0.0,0.0,0.0,0,40.71,0,0,0,0.000174,0.008874,0,0,0,0.000174,0.00348
DKNG,2026-06-17 06:00:00-04:00,2026-06-17,7,1,28.5,28.76,28.5,28.65,False,True,26.8,-31.91440741824248,-31.844611106096632,0.0407669566117258,green,0.2799,0.156,0.048,47.2,-0.0003507541213609,0.0090750436300175,0.576923076923068,0.576923076923068,0.0880994422698396,2871429.1078455,1.0,0.0038394415357767,0.0052356020942407,1.0,0.1783595113438045,0.0516579406631762,0.7026178010471206,0.0945767827465661,0.1617062687535478,-0.0504331052494643,1,0.0,0.0071555,0.0,6.0,34.5,NEUTRAL,83.1,1,0,unknown,unknown,0.0,1.0,0.5,0,0,0,none,0.0,0.5,0,0.0,0.0,0.0,0.0,0,50.94,1,1,0,0.019895,0.06178,0,0,1,0.019895,-1.0
DKNG,2026-06-18 10:00:00-04:00,2026-06-18,11,1,25.67,26.45,25.67,26.14,False,True,26.07,-79.27270758733238,-77.74771008423708,-1.1844907660888704,green,0.2799,0.0643,0.0476,37.9,0.0098746676794531,0.0298393267023717,0.602564102564103,0.602564102564103,2.046318212251521,70837962.83681108,3.0,0.0172149961744452,0.0271614384085692,1.0,0.0994644223412395,0.1526396327467482,0.8661055853098699,-0.0028038987544585,0.0570414162899223,-0.1305027550156585,1,0.0,0.007367,0.0,7.0,32.7,NEUTRAL,81.4,1,0,unknown,unknown,0.0,1.0,0.5,0,0,0,none,0.0,0.5,0,0.0,0.0,0.0,0.0,0,80.27,1,1,0,0.017598,0.004017,0,0,0,0.017598,0.3519599999999999
DKNG,2026-06-18 11:00:00-04:00,2026-06-18,12,1,26.14,26.6,26.105,26.28,True,False,21.57,-76.3083373635548,-78.05474902004886,-0.6249718915091533,yellow,0.2799,0.0643,0.0476,37.9,0.0098746676794531,0.0188356164383562,0.2828282828282834,0.3535353535353542,1.7127989665947096,60596265.75702989,4.0,0.0121765601217656,0.0323439878234399,2.0,0.104261796042618,0.1464992389649923,0.8561643835616438,0.0025368607778435,0.062702693959417,-0.1258459220279842,1,0.0,0.00889,0.0,8.0,41.2,NEUTRAL,97.8,1,0,unknown,unknown,0.0,0.0,0.0,0,0,0,none,0.0,0.5,0,0.0,0.0,0.0,0.0,0,81.32,1,1,0,0.005327,0.009323,0,0,0,0.005327,0.10654
DKNG,2026-06-23 09:00:00-04:00,2026-06-23,10,0,25.5,25.81,25.34,25.61,False,True,8.56,-59.20703084975007,-58.46470586940495,-0.7846107073232733,orange,0.2799,0.0323,0.0484,34.9,-0.0111219512195122,0.018352206169465,0.2340425531914887,0.5744680851063835,0.726402309529304,24540270.33503448,2.0,0.0078094494338148,0.0124951190941038,2.0,0.0808278016399843,0.176493557204217,0.904724716907458,-0.0260505799581669,0.0307328224612014,-0.1419170665022651,1,0.0,0.007367,0.0,9.0,30.0,NEUTRAL,74.2,1,0,unknown,unknown,0.0,0.0,0.0,0,0,0,none,0.0,0.5,0,0.0,0.0,0.0,0.0,0,37.84,0,1,0,0.012105,0.024209,0,0,0,0.012105,0.2420999999999999
DKNG,2026-06-23 10:00:00-04:00,2026-06-23,11,1,25.6,25.92,25.28,25.815,True,False,25.17,-56.73976354246433,-58.29326407203114,0.0124789223833644,yellow,0.2799,0.0323,0.0484,34.9,-0.0111219512195122,0.0247917877203176,0.3359374999999995,0.8359374999999994,2.0662313281333637,75523647.87424254,3.0,0.0040674026728646,0.020724385047453,3.0,0.0881270579120667,0.167150881270579,0.8895990703079605,-0.018254420992584,0.0389835147144052,-0.1350483823411156,1,0.0,0.00889,0.0,10.0,35.4,NEUTRAL,88.3,1,0,unknown,unknown,0.0,0.0,0.0,0,0,0,none,0.0,0.5,0,0.0,0.0,0.0,0.0,0,87.36,1,1,0,0.003874,0.031958,0,0,0,0.003874,0.07748
DKNG,2026-06-24 09:00:00-04:00,2026-06-24,10,0,25.12,25.46,24.72,25.15,False,True,7.7,-60.28984865575031,-59.91976808472072,-0.542057101684074,orange,0.2799,0.0098,0.05,33.0,0.0005967774020289,0.0294234592445328,0.0405405405405371,0.5810810810810791,0.8008367594102288,25551298.410860844,2.0,0.0123260437375746,0.0170974155069582,2.0,0.0640159045725645,0.1980119284294235,0.9395626242544732,-0.0435989580362405,0.0098454916321349,-0.1541769031440068,0,0.1998011928429426,0.007367,0.0,11.0,30.0,NEUTRAL,72.5,1,0,unknown,unknown,0.0,0.0,0.0,0,0,0,none,0.0,0.5,0,0.0,0.0,0.0,0.0,0,41.19,0,1,0,0.002783,0.02664,0,0,0,0.002783,0.0556599999999999
DKNG,2026-06-24 11:00:00-04:00,2026-06-24,12,1,25.11,25.22,25.0,25.0461,True,False,6.93,-59.19761093534965,-60.156428031036754,-0.695470828319073,red,0.2799,0.0098,0.05,33.0,0.0005967774020289,0.0087838026678803,0.2904545454545483,0.2095454545454517,0.4351843845464846,13821879.041501338,4.0,0.0165255269283442,0.0130199911363445,0.0,0.0601331145367941,0.2029817017419877,0.9476086097236696,-0.047550054189721,0.0056736050881755,-0.1576711782837022,0,0.2483360682900731,0.0071555,0.0,12.0,35.0,NEUTRAL,85.6,1,0,unknown,unknown,0.0,0.0,0.0,0,0,0,none,0.0,0.5,0,0.0,0.0,0.0,0.0,0,66.22,1,1,0,0.000156,0.022602,0,0,0,0.000156,0.00312
DKNG,2026-06-30 15:00:00-04:00,2026-06-30,16,0,24.86,25.28,24.815,25.27,False,True,52.78,-5.708037683867817,-2.078223302198057,0.0059212627639998,green,0.3055,0.0307,0.0197,30.7,-0.007361487795428,0.0184012663237039,0.8817204301075274,0.9784946236559106,2.714620044099201,85157109.34927076,8.0,0.0209734863474476,0.0197863078749505,1.0,0.0866640284922834,0.1923229125445191,0.9303521962801742,-0.0412777904241595,0.0095723600102275,-0.13777219716253,1,0.0,0.006944,0.0,13.0,30.0,NEUTRAL,66.1,1,0,unknown,unknown,0.0,0.0,0.0,0,0,0,none,0.0,0.5,0,0.0,0.0,0.0,0.0,0,49.15,0,0,0,0.0,0.0,0,0,0,0.0,0.0
DKNG,2026-07-01 09:00:00-04:00,2026-07-01,10,0,25.09,26.005,25.09,25.67,True,False,72.44,4.177958346698795,-2.127208309746302,0.8997884527649186,green,0.3055,0.0072,0.0102,26.5,-0.0071230708349821,0.0356447214647448,0.6338797814207676,0.6338797814207676,0.8147594968215287,26121713.261022817,1.0,0.0130502532138682,0.0225944682508765,2.0,0.1008959875340866,0.1737436696532916,0.9002726918582001,-0.0241213480583169,0.0235573702510447,-0.1210333935404343,0,0.0,0.0061355,0.0,14.0,5.0,EXTENSION,33.0,1,0,unknown,unknown,0.0,0.0,0.0,0,0,0,none,0.0,0.5,0,0.0,0.0,0.0,0.0,0,2.71,0,0,0,0.028438,0.001169,0,0,0,0.028438,0.56876
DKNG,2026-07-02 14:00:00-04:00,2026-07-02,15,0,25.64,26.09,25.62,26.08,True,False,66.51,17.773544784694494,13.054736343209273,1.0222049390514485,green,0.3055,0.0252,0.0059,27.4,0.0013589594253543,0.0180214723926379,0.9361702127659548,0.9787234042553158,0.7923116614774378,22070221.02248816,7.0,0.0019171779141104,0.0333588957055213,4.0,0.1150306748466257,0.1552914110429448,0.8703987730061351,-0.0094196292920084,0.0375226759173801,-0.1042018019008233,1,0.0,0.006944,0.0,15.0,5.0,EXTENSION,35.1,1,0,unknown,unknown,0.0,0.0,0.0,0,0,0,none,0.0,0.5,0,0.0,0.0,0.0,0.0,0,2.8,0,0,0,0.00115,0.009394,0,0,0,0.00115,0.023
DKNG,2026-07-06 14:00:00-04:00,2026-07-06,15,0,25.58,25.895,25.55,25.79,True,False,56.54,6.940105341627133,5.075199598607451,0.308426383484929,green,0.3055,0.0276,0.0059,27.6,0.0046367851622875,0.0133772780147343,0.6086956521739175,0.6956521739130412,1.0711041002063433,23776313.25805298,7.0,0.0112446684761535,0.0253974408685536,1.0,0.1050794881737107,0.1682822799534703,0.8914307871267935,-0.0218834148746539,0.0236239223966849,-0.1115780770953183,1,0.0,0.0061355,0.0,16.0,25.0,NEUTRAL,57.3,1,0,unknown,unknown,0.0,0.0,0.0,0,0,0,none,0.0,0.5,0,0.0,0.0,0.0,0.0,0,8.82,0,0,0,0.018224,0.001745,0,0,0,0.018224,0.3644799999999999
DKNG,2026-07-08 14:00:00-04:00,2026-07-08,15,0,26.315,27.17,26.315,27.065,True,False,77.85,27.40570957657009,26.84405936023757,0.793031624970407,extended,0.3055,0.0609,0.0081,31.4,-0.0040876997398736,0.0315906151856641,0.8771929824561399,0.8771929824561399,2.6408656929523318,73468697.72051501,6.0,0.0038795492333271,0.038241271014225,3.0,0.1472381304267505,0.1132458895252169,0.8023277295399963,0.0210125245208994,0.0670467269085805,-0.0624250334074951,1,0.0,0.006944,0.0,17.0,5.0,EXTENSION,-18.2,1,0,unknown,unknown,0.0,0.0,0.0,0,0,0,none,0.0,0.5,0,0.0,0.0,0.0,0.0,0,-21.17,0,0,0,0.009791,0.006835,0,0,0,0.009791,0.1958199999999999
DKNG,2026-07-10 09:00:00-04:00,2026-07-10,10,0,26.4577,26.94,26.4577,26.885,True,False,73.74,8.301627657767705,5.417916393470299,1.1109490763273795,green,0.3055,0.031,0.0087,28.5,0.0047555640098915,0.0179393713966896,0.8859630935102645,0.8859630935102645,0.5870295234595793,17780730.096875068,2.0,0.0020457504184489,0.0180397991445044,2.0,0.1415287334945137,0.1206992746884879,0.8143946438534498,0.0121411764705882,0.0543385334556891,-0.0632591855738081,0,0.0,0.0071555,0.0,18.0,5.0,EXTENSION,34.8,1,0,unknown,unknown,0.0,0.0,0.0,0,0,0,none,0.0,0.5,0,0.0,0.0,0.0,0.0,0,-2.07,0,0,0,0.015808,0.021759,0,0,0,0.015808,0.3161599999999999
DKNG,2026-07-13 06:00:00-04:00,2026-07-13,7,1,26.5,26.88,26.5,26.8,True,False,75.51,3.676949359919236,1.7622589081810882,0.6288780261827959,extended,0.3055,0.0358,0.0081,28.9,0.0009442870632671,0.0141791044776119,0.7894736842105302,0.7894736842105302,0.0063758715992869,182135.2609636,1.0,0.0029850746268656,0.0111940298507462,3.0,0.1388059701492538,0.1242537313432835,0.8201492537313433,0.0133570287464432,0.0484763838518989,-0.0633873574767375,0,0.0,0.007367,0.0,19.0,5.0,EXTENSION,-18.2,1,0,unknown,unknown,0.0,0.0,0.0,0,0,0,none,0.0,0.5,0,0.0,0.0,0.0,0.0,0,-13.36,0,0,0,0.026866,0.022015,0,0,0,0.026866,0.53732
COIN,2026-07-28 11:00:00-04:00,2026-07-28,12,1,163.77,168.17,162.3805,166.2082,True,False,59.59,10.599544723370972,8.746963189228694,0.4169337492171365,yellow,0.2754,0.0005,0.0139,24.5,-0.0309198352533874,0.0348328181160735,0.4211417220830823,0.6611451766128352,1.0613521661314689,109918528.90084428,4.0,0.0118032684307993,0.0458954492016638,2.0,0.1438448885193389,0.0919437187816245,1.419615879360946,0.0307996675804073,-0.0071188811940747,-0.2329490730079235,1,0.0,0.0,0.0,0.0,25.0,NEUTRAL,60.6,1,0,unknown,unknown,0.0,2.0,1.0,0,0,0,none,0.0,0.5,0,0.0,0.0,0.0,0.0,0,33.56,0,0,0,0.011141,0.008021,0,0,0,0.011141,0.22282
COIN,2026-08-27 06:00:00-04:00,2026-08-27,7,1,186.3,186.9256,184.5,185.31,True,False,71.21,-2.746004257933061,-8.222147145377482,0.7192119215976116,red,0.379,0.1384,0.0101,44.5,0.0250907890392869,0.0130894177324483,0.4081464379947262,0.3339379947229557,0.018338718221587,2952701.2098072,1.0,0.0087183638227834,0.0043710539096648,0.0,0.2493119637364415,0.035231234148184,1.1702012843343588,0.1695614854459618,0.1605281401927514,-0.0577056752753381,1,0.0,0.011141,0.0,1.0,5.0,EXTENSION,48.8,1,0,unknown,unknown,0.0,2.0,1.0,0,0,0,none,0.0,0.5,0,0.0,0.0,0.0,0.0,0,5.77,0,0,0,0.045869,0.028061,1,0,0,0.045869,0.91738
COIN,2026-08-31 06:00:00-04:00,2026-08-31,7,1,180.78,181.4,180.38,181.4,False,True,26.9,-25.401671037971056,-23.533083205736347,-0.2304001909893499,green,0.3742,0.1138,0.0341,46.5,0.011866114407254,0.0056229327453142,0.6078431372549004,1.0,0.0110965043325834,1873413.0275626,1.0,0.0,0.0056229327453142,3.0,0.2225468577728776,0.068412348401323,1.216979051819184,0.1237764837070996,0.1310580817653982,-0.0715041607004155,1,0.0,0.028505,0.0,2.0,34.8,NEUTRAL,82.7,1,0,unknown,unknown,0.0,2.0,1.0,0,0,0,none,0.0,0.5,0,0.0,0.0,0.0,0.0,0,58.76,1,1,0,0.047119,0.025854,1,0,0,0.047119,0.94238
COIN,2026-08-31 10:00:00-04:00,2026-08-31,11,1,177.27,181.8415,176.95,181.395,False,True,37.58,-27.316310386994022,-27.00640865097237,0.1884223165338545,green,0.3742,0.1138,0.0341,46.5,0.011866114407254,0.0269660133961796,0.8432996013492781,0.908719206787287,1.0843936783193378,190721318.21398,3.0,0.0024614790925879,0.0258276137710521,1.0,0.2225254279335153,0.0684417982855094,1.2170401609746686,0.1237455086110768,0.131026905963806,-0.0715297531987423,1,0.0,0.045869,0.0,3.0,48.6,NEUTRAL,103.6,1,0,unknown,unknown,0.0,2.0,1.0,0,0,0,none,0.0,0.5,0,0.0,0.0,0.0,0.0,0,80.43,1,1,0,0.047148,0.004823,1,0,0,0.047148,0.94296
COIN,2026-08-31 11:00:00-04:00,2026-08-31,12,1,181.42,182.75,180.5201,182.495,True,False,61.5,-22.643784269518303,-25.94378969920636,0.6443467538933079,yellow,0.3742,0.1138,0.0341,46.5,0.011866114407254,0.0122189649031479,0.4820843984035264,0.8856450961926557,0.848423713399178,148753360.97425395,4.0,0.0013972985561248,0.0316994986164004,2.0,0.2272117044302583,0.062001698676676,1.2036768130633717,0.1305600297360923,0.1378855823140923,-0.0658994035668265,1,0.0,0.046494,0.0,4.0,25.0,NEUTRAL,82.2,1,0,unknown,unknown,0.0,2.0,1.0,0,0,0,none,0.0,0.5,0,0.0,0.0,0.0,0.0,0,39.82,0,0,0,0.040836,0.00211,1,0,0,0.040836,0.8167199999999999
COIN,2026-09-02 10:00:00-04:00,2026-09-02,11,1,177.5193,178.7221,176.8,177.95,True,False,20.96,-33.58253716665321,-33.880990227448684,-0.1841014124449312,orange,0.3353,0.0975,0.0693,45.4,-0.0160606231974212,0.0108013486934532,0.2240778315384223,0.5983039384006956,0.8714859067484323,135853169.76009166,3.0,0.0043388592301209,0.033267771846024,2.0,0.1843776341669008,0.0891261590334364,1.2599606631076148,0.0797576537190809,0.1044727577868586,-0.0834614100942343,1,0.0,0.045869,0.0,5.0,41.2,NEUTRAL,93.4,1,0,unknown,unknown,0.0,2.0,1.0,0,0,0,none,0.0,0.5,0,0.0,0.0,0.0,0.0,0,69.44,1,1,0,0.000429,0.017533,0,0,0,0.000429,0.0085799999999999
COIN,2026-09-02 13:00:00-04:00,2026-09-02,14,0,175.16,176.9895,175.16,176.81,False,True,20.1,-34.4088210287345,-34.14715906117183,-0.0438394170705871,green,0.3353,0.0975,0.0693,45.4,-0.0160606231974212,0.0103472654261636,0.9018857611369278,0.9018857611369278,0.4062423764353979,58272890.01045781,6.0,0.0108144335727617,0.0270346699847293,1.0,0.1791188281205815,0.096148407895481,1.2745319834850972,0.0728404088455786,0.0973971806928603,-0.0893330256744117,1,0.0,0.0433525,0.0,6.0,36.2,NEUTRAL,93.6,1,0,unknown,unknown,0.0,2.0,1.0,0,0,0,none,0.0,0.5,0,0.0,0.0,0.0,0.0,0,38.13,0,1,0,0.003507,0.011198,0,0,0,0.003507,0.07014
COIN,2026-09-02 14:00:00-04:00,2026-09-02,15,0,176.835,177.43,176.16,176.25,True,False,20.41,-32.85704339862243,-33.96578561916413,-0.1641501644205979,red,0.3353,0.0975,0.0693,45.4,-0.0160606231974212,0.0072056737588653,0.4606299212598451,0.0708661417322855,0.4321119811981876,59059650.02750251,7.0,0.0140260992907802,0.0239432624113475,0.0,0.1765106382978724,0.0996312056737588,1.281758865248227,0.069442463995437,0.0939214586115979,-0.0922173280646743,1,0.0,0.040836,0.0,7.0,41.2,NEUTRAL,101.5,1,0,unknown,unknown,0.0,2.0,1.0,0,0,0,none,0.0,0.5,0,0.0,0.0,0.0,0.0,0,42.39,0,0,0,0.00295,0.008057,0,0,0,0.00295,0.059
COIN,2026-09-03 06:00:00-04:00,2026-09-03,7,1,176.57,177.09,176.32,177.0,True,False,31.67,-31.288528957431225,-33.262554322796376,0.1834043085823782,green,0.3353,0.0837,0.0795,44.1,0.0089714285714285,0.0043502824858757,0.5584415584415598,0.8831168831168802,0.0045555961441999,597337.295106,1.0,0.0005084745762712,0.0038418079096045,1.0,0.18,0.0949717514124293,1.272090395480226,0.0658862211623579,0.0962929195581133,-0.0858075495768631,1,0.0,0.0259884999999999,0.0,8.0,51.7,LAUNCH,94.9,1,0,unknown,unknown,0.0,1.0,0.5,0,0,0,none,0.0,0.5,0,0.0,0.0,0.0,0.0,0,64.86,1,1,1,0.106497,0.0,1,1,0,0.106497,1.0
MSTR,2026-08-21 06:00:00-04:00,2026-08-21,7,1,122.96,124.25,122.2,123.8,True,False,48.33,55.39348191654217,49.29284637924025,2.0,yellow,0.275,0.1273,0.011,36.6,0.0950218185056548,0.0165589660743133,0.4097560975609778,0.7804878048780471,0.1039783497753813,55173849.321237415,1.0,0.0036348949919224,0.0129240710823909,2.0,0.2794022617124394,-0.0812600969305331,1.95,0.2737936001646258,0.2416952851686619,-0.1443284023356792,1,0.0,0.0,0.0,0.0,41.2,NEUTRAL,82.0,1,0,unknown,unknown,0.0,0.0,0.0,0,0,0,none,0.0,0.5,0,0.0,0.0,0.0,0.0,0,29.13,1,1,0,0.0,0.06462,0,0,1,0.0,-1.0
MSTR,2026-08-24 09:00:00-04:00,2026-08-24,10,0,122.75,123.449,119.38,122.45,False,True,53.26,50.73865560485606,51.236642625762926,0.7086309998722153,orange,0.3666,0.1951,0.0225,51.8,0.0011741026501174,0.0332298897509187,0.0737281887441624,0.754485131481938,1.4252524274739955,784894862.7865477,2.0,0.0081584320130665,0.0285014291547571,0.0,0.2714577378521846,-0.0044099632503062,1.9825234789710084,0.2422769836358287,0.2271949200444173,-0.1493844499210947,1,0.0,0.0,0.0,1.0,30.0,NEUTRAL,82.1,1,0,unknown,unknown,0.0,0.0,0.0,0,0,0,none,0.0,0.5,0,0.0,0.0,0.0,0.0,0,17.59,0,1,0,0.044508,0.008248,1,0,0,0.044508,0.89016
MSTR,2026-08-24 10:00:00-04:00,2026-08-24,11,1,122.465,126.95,121.92,124.8,True,False,61.04,54.5508752315918,51.47086656223078,1.1396922090804882,yellow,0.3666,0.1951,0.0225,51.8,0.0011741026501174,0.0403044871794871,0.4642147117296209,0.5725646123260427,1.9194405396052283,1163200521.2655358,3.0,0.0172275641025641,0.0467948717948718,1.0,0.2851762820512821,-0.0231570512820512,1.9263621794871792,0.2661181507370471,0.2507466396206066,-0.1330598558607809,1,0.0,0.022254,0.0,2.0,25.0,NEUTRAL,87.6,1,0,unknown,unknown,0.0,0.0,0.0,0,0,0,none,0.0,0.5,0,0.0,0.0,0.0,0.0,0,20.61,0,0,0,0.02484,0.026923,0,0,0,0.02484,0.4968
MSTR,2026-08-25 10:00:00-04:00,2026-08-25,11,1,122.25,127.34,121.92,127.2,True,False,58.57,43.21538748641957,42.46337322674885,0.9981076749345078,green,0.4337,0.2284,0.0321,58.7,-0.0070933550754178,0.0426100628930817,0.9132841328413288,0.9741697416974168,1.4321667653212666,803580907.4355551,3.0,0.0011006289308176,0.0687893081761006,4.0,0.2986635220125787,0.005503144654088,1.8711477987421383,0.2749579023334135,0.274166082339978,-0.1125546826257985,1,0.0,0.02484,0.0,3.0,25.0,NEUTRAL,88.0,1,0,unknown,unknown,0.0,0.0,0.0,0,0,0,none,0.0,0.5,0,0.0,0.0,0.0,0.0,0,20.39,0,0,0,0.011478,0.0125,0,0,0,0.011478,0.22956
MSTR,2026-08-27 06:00:00-04:00,2026-08-27,7,1,127.85,128.2,126.3,126.87,True,False,70.64,16.795949789149123,9.44983807127231,1.1576067158461223,red,0.4422,0.2353,0.0657,62.8,0.0381648396264716,0.0149759596437297,0.5157894736842075,0.3000000000000052,0.0595189292393893,18435202.74317061,1.0,0.0104831717506107,0.0044927878931189,0.0,0.2968392843067708,0.014108930401198,1.8786159060455585,0.2342100015078628,0.2721577246957233,-0.1073154642802171,1,0.0,0.018159,0.0,4.0,5.0,EXTENSION,65.4,1,0,unknown,unknown,0.0,0.0,0.0,0,0,0,none,0.0,0.5,0,0.0,0.0,0.0,0.0,0,2.97,0,0,1,0.101758,0.018956,1,1,0,0.101758,1.0
MSTR,2026-08-31 06:00:00-04:00,2026-08-31,7,1,130.32,130.6,129.5506,130.42,False,True,38.45,1.0759786764813997,4.985409732742946,-0.2060800819712615,orange,0.5372,0.2701,0.1032,69.1,0.0237234878240376,0.0080463119153503,0.0952925481227321,0.8284734133790659,0.0253937177666252,11425380.9786763,1.0,0.0013801564177273,0.0066661554976229,2.0,0.3027909829780707,0.0717681337218219,1.8002606962122374,0.2248424571981328,0.3011423155584377,-0.0753068027023987,1,0.0,0.02484,0.2,5.0,46.4,NEUTRAL,106.9,1,0,unknown,unknown,0.0,0.0,0.0,0,0,0,none,0.0,0.5,0,0.0,0.0,0.0,0.0,0,56.34,1,1,0,0.022696,0.035879,0,0,0,0.022696,0.45392
MSTR,2026-08-31 11:00:00-04:00,2026-08-31,12,1,128.54,130.08,128.2405,129.835,False,True,60.13,-5.948922291856976,-4.051838405212952,0.3581154812225131,green,0.5372,0.2701,0.1032,69.1,0.0237234878240376,0.0141679824392499,0.7039956509921202,0.8668116335960845,0.6940680160798751,331531049.1907063,4.0,0.0058920938113758,0.0315346401201525,2.0,0.2996495552046828,0.0765972195478876,1.8128778834674777,0.2193484161196105,0.2953060308275555,-0.0794545217671056,1,0.0,0.023768,0.1666666666666666,6.0,20.0,NEUTRAL,93.1,1,0,unknown,unknown,0.0,0.0,0.0,0,0,0,none,0.0,0.5,0,0.0,0.0,0.0,0.0,0,27.0,0,0,0,0.027304,0.001733,0,0,0,0.027304,0.5460799999999999
MSTR,2026-08-31 12:00:00-04:00,2026-08-31,13,1,129.86,130.77,129.61,129.93,True,False,74.06,-2.8351029304542075,-5.029608806946853,0.7415305688253969,orange,0.5372,0.2701,0.1032,69.1,0.0237234878240376,0.0089278842453628,0.0603448275862011,0.2758620689655122,0.4454027931966309,217327851.3003632,5.0,0.0064650196259524,0.0322427460940506,3.0,0.3001616254906488,0.0758100515662279,1.8108212114215343,0.2202406108246697,0.2962538035616304,-0.0787809605514694,1,0.0,0.02484,0.1428571428571428,7.0,5.0,EXTENSION,59.7,1,0,unknown,unknown,0.0,0.0,0.0,0,0,0,none,0.0,0.5,0,0.0,0.0,0.0,0.0,0,8.83,0,0,0,0.026553,7.7e-05,0,0,0,0.026553,0.53106
MSTR,2026-09-02 13:00:00-04:00,2026-09-02,14,0,122.16,123.27,121.85,123.09,False,True,16.08,-45.45787936212838,-44.900449764169664,-0.3767369934491995,green,0.5249,0.237,0.1427,68.3,-0.0198542950924664,0.0115362742708587,0.6549295774647927,0.8732394366197237,0.3675876019559289,94572105.08289422,6.0,0.0127548947924282,0.0163295149890324,1.0,0.2552920627183362,0.1355918433666422,1.9670160045495164,0.1216051829476646,0.2192971681479047,-0.1211038433052893,1,0.0,0.0256965,0.125,8.0,30.0,NEUTRAL,111.1,1,0,unknown,unknown,0.0,0.0,0.0,0,0,0,none,0.0,0.5,0,0.0,0.0,0.0,0.0,0,36.62,0,1,0,0.0026,0.008937,0,0,0,0.0026,0.052
MSTR,2026-09-02 14:00:00-04:00,2026-09-02,15,0,123.07,123.41,122.25,122.64,True,False,16.14,-44.54574218000066,-45.31765072752161,-0.452017425882191,red,0.5249,0.237,0.1427,68.3,-0.0198542950924664,0.0094585779517286,0.3706896551724085,0.3362068965517256,0.4719839807119059,113297190.08022244,7.0,0.0164709719504239,0.012720156555773,0.0,0.2525595238095238,0.1397586431833007,1.9779028049575995,0.1175047496685481,0.2148395864949145,-0.1243169659839198,1,0.0,0.02484,0.1111111111111111,9.0,35.0,NEUTRAL,119.1,1,0,unknown,unknown,0.0,0.0,0.0,0,0,0,none,0.0,0.5,0,0.0,0.0,0.0,0.0,0,41.69,0,0,0,0.004892,0.0053,0,0,0,0.004892,0.0978399999999999
MSTR,2026-09-04 11:00:00-04:00,2026-09-04,12,1,138.85,142.55,138.511,142.025,False,True,44.33,34.9862741683875,35.55463265320429,0.3498414534230539,green,0.581,0.4149,0.1666,72.1,-0.0237487055574732,0.028438655166344,0.7860856647685068,0.8700173310225294,0.980742380328762,431988203.9144967,4.0,0.0036965323006513,0.0437599014258053,1.0,0.3545777151909875,0.020383735257877,1.5714486886111598,0.2526017780286459,0.3876079114901071,0.0192015710164261,1,0.0,0.023768,0.1,10.0,31.7,NEUTRAL,110.9,1,0,unknown,unknown,0.0,0.0,0.0,0,0,0,none,0.0,0.5,0,0.0,0.0,0.0,0.0,0,63.07,1,1,0,0.016722,0.003133,0,0,0,0.016722,0.33444
MSTR,2026-09-04 12:00:00-04:00,2026-09-04,13,1,142.0,143.51,141.58,142.96,True,False,50.75,36.94698275515304,35.48808695713816,0.4540300186534807,yellow,0.581,0.4149,0.1666,72.1,-0.0237487055574732,0.0135002797985448,0.4974093264248801,0.7150259067357569,0.7005027844366755,320819245.4631241,5.0,0.0038472299944039,0.0500139899272524,2.0,0.3587989647453833,0.0137101287073305,1.554630665920537,0.2608480914414731,0.3967430172619308,0.0259113296427268,1,0.0,0.022696,0.0909090909090909,11.0,35.0,NEUTRAL,102.0,1,0,unknown,unknown,0.0,0.0,0.0,0,0,0,none,0.0,0.5,0,0.0,0.0,0.0,0.0,0,62.38,1,1,0,0.010073,0.008798,0,0,0,0.010073,0.20146
CLSK,2026-06-11 06:00:00-04:00,2026-06-11,7,1,15.25,15.3,15.25,15.25,False,True,15.44,-41.0111809190832,-39.69905673575076,-0.3334414301702147,orange,0.513,0.1129,0.132,58.8,0.0228034875922199,0.0032786885245902,0.0,0.0,0.0050505189480434,193305.82331825,1.0,0.0032786885245902,0.0,0.0,0.1691803278688524,0.2570491803278689,0.5481967213114753,-0.0498738357060525,0.1390457410893012,0.1889586671188608,1,0.0,0.0,0.0,0.0,30.0,NEUTRAL,87.0,1,0,unknown,unknown,0.0,0.0,0.0,0,0,0,none,0.0,0.5,0,0.0,0.0,0.0,0.0,0,48.54,1,1,1,0.061639,0.040656,1,1,0,0.061639,1.0
CLSK,2026-06-11 10:00:00-04:00,2026-06-11,11,1,15.4,15.58,15.21,15.32,True,False,15.25,-37.28362674341923,-40.40388622076048,-0.0299396536879801,orange,0.513,0.1129,0.132,58.8,0.0228034875922199,0.0241514360313315,0.2162162162162168,0.2972972972972963,0.934590469600783,35805896.481847905,3.0,0.0169712793733681,0.0450391644908615,0.0,0.172976501305483,0.2513054830287207,0.5411227154046997,-0.0455126008535557,0.1442741477697112,0.1944161823121933,1,0.0,0.061639,1.0,1.0,35.0,NEUTRAL,101.8,1,0,unknown,unknown,0.0,0.0,0.0,0,0,0,none,0.0,0.5,0,0.0,0.0,0.0,0.0,0,85.27,1,1,1,0.056789,0.01077,1,1,0,0.056789,1.0
CLSK,2026-06-16 09:00:00-04:00,2026-06-16,10,0,17.0301,17.6378,16.9,17.475,False,True,35.34,44.397564046647815,47.21687819257209,0.382702424989067,green,0.513,0.2361,0.0914,67.5,-0.0026262036766852,0.0422203147353361,0.60300894551369,0.7793439956627851,0.9387969904581988,37441124.92781655,2.0,0.0093161659513589,0.0329041487839772,2.0,0.274964234620887,0.0969957081545064,0.3510729613733904,0.0577767016736783,0.2602951145985086,0.3513252266707909,1,0.0,0.059214,1.0,2.0,54.1,LAUNCH,130.5,1,0,unknown,unknown,0.0,0.0,0.0,0,0,0,none,0.0,0.5,0,0.0,0.0,0.0,0.0,0,69.0,0,1,0,0.035765,0.015165,1,0,0,0.035765,0.7152999999999999
CLSK,2026-06-16 10:00:00-04:00,2026-06-16,11,1,17.48,18.1,17.3701,17.73,True,False,63.68,49.89507922991919,46.7119893225856,0.720266448224164,yellow,0.513,0.2361,0.0914,67.5,-0.0026262036766852,0.0411675126903553,0.3425126729688995,0.4930812440060273,2.1902445022592207,93549527.2692001,3.0,0.020868584320361,0.0468133107727017,3.0,0.2853919909757473,0.0812182741116752,0.3316412859560067,0.0732120698526074,0.2786856870862121,0.3710441355578324,1,0.0,0.056789,0.6666666666666666,3.0,25.0,NEUTRAL,102.8,1,0,unknown,unknown,0.0,0.0,0.0,0,0,0,none,0.0,0.5,0,0.0,0.0,0.0,0.0,0,52.46,0,0,0,0.015228,0.029329,0,0,0,0.015228,0.30456
CLSK,2026-06-17 13:00:00-04:00,2026-06-17,14,0,17.49,17.67,17.48,17.63,False,True,47.76,24.083111941288504,24.267763823710222,0.3681598349806502,green,0.469,0.2303,0.0869,64.6,-0.000289771080846,0.0107770845150312,0.736842105263156,0.7894736842105136,0.4496794521165784,15580593.724883102,6.0,0.0215541690300625,0.0309132161089051,2.0,0.2597844583096993,0.0873511060692003,0.3391945547362451,0.0549621518116268,0.2566825860717087,0.3592592307039929,1,0.0,0.046277,0.5,4.0,36.2,NEUTRAL,107.2,1,0,unknown,unknown,0.0,0.0,0.0,0,0,0,none,0.0,0.5,0,0.0,0.0,0.0,0.0,0,40.91,0,1,0,0.018151,0.050482,0,0,1,0.018151,-1.0
CLSK,2026-06-17 14:00:00-04:00,2026-06-17,15,0,17.655,17.95,17.1,17.51,True,False,46.45,23.619090667861656,22.934247525287358,0.140297694238394,orange,0.469,0.2303,0.0869,64.6,-0.000289771080846,0.0485436893203882,0.1705882352941175,0.482352941176472,1.7602913023179612,60986561.78338479,7.0,0.0285551113649343,0.0242718446601942,0.0,0.2547115933752142,0.0948029697315819,0.3483723586521985,0.0477814678514797,0.2481288758999218,0.3500073244258037,1,0.0,0.035765,0.4,5.0,41.2,NEUTRAL,107.5,1,0,unknown,unknown,0.0,0.0,0.0,0,0,0,none,0.0,0.5,0,0.0,0.0,0.0,0.0,0,48.02,0,0,0,0.006853,0.043975,0,0,0,0.006853,0.13706
CLSK,2026-06-18 12:00:00-04:00,2026-06-18,13,1,17.145,17.43,17.14,17.33,False,True,51.59,-11.44264106436509,-11.217216521872482,0.3099022470187073,green,0.3633,0.1831,0.079,55.9,0.0265117664581471,0.0167339873052509,0.6379310344827561,0.6551724137930975,0.8065046563554885,29311000.08365416,5.0,0.0086555106751299,0.03000577034045,1.0,0.1886324293133294,0.1061742642815928,0.3623773802654357,0.0305661274976214,0.2218508961179972,0.3323748640139617,1,0.0,0.026958,0.3333333333333333,6.0,30.0,NEUTRAL,77.8,1,0,unknown,unknown,0.0,0.0,0.0,0,0,0,none,0.0,0.5,0,0.0,0.0,0.0,0.0,0,70.41,1,1,0,0.002308,0.028852,0,0,0,0.002308,0.04616
CLSK,2026-06-18 13:00:00-04:00,2026-06-18,14,0,17.335,17.37,17.12,17.18,True,False,32.97,-12.216459495276649,-12.446372876166446,-0.0129346118813322,red,0.3633,0.1831,0.079,55.9,0.0265117664581471,0.0145518044237485,0.6200000000000045,0.2399999999999948,0.6294352727424525,22218532.19198316,6.0,0.0174621653084982,0.0215366705471479,0.0,0.1815483119906868,0.1158323632130385,0.3742724097788125,0.0216460513796387,0.211275152643231,0.3208424791552143,1,0.0,0.018151,0.2857142857142857,7.0,54.9,LAUNCH,123.2,1,0,unknown,unknown,0.0,0.0,0.0,0,0,0,none,0.0,0.5,0,0.0,0.0,0.0,0.0,0,58.47,0,1,0,0.004075,0.020373,0,0,0,0.004075,0.0814999999999999
CLSK,2026-06-22 06:00:00-04:00,2026-06-22,7,1,17.25,17.38,17.25,17.3,True,False,63.15,-15.494950065424312,-17.287095840415287,0.5631996183281701,yellow,0.3633,0.203,0.077,57.6,0.0011607661056296,0.0075144508670519,0.384615384615393,0.384615384615393,0.0039859478946174,128694.7,1.0,0.0046242774566473,0.0028901734104046,2.0,0.1872254335260116,0.108092485549133,0.3647398843930635,0.0231842914596642,0.2072069557450492,0.3261938619455186,1,0.0,0.0166895,0.25,8.0,25.0,NEUTRAL,83.7,1,0,unknown,unknown,0.0,0.0,0.0,0,0,0,none,0.0,0.5,0,0.0,0.0,0.0,0.0,0,26.2,0,0,1,0.101156,0.008092,1,1,0,0.101156,1.0
CLSK,2026-06-23 09:00:00-04:00,2026-06-23,10,0,16.5519,17.99,16.44,17.96,False,True,52.67,-6.672064357199199,-0.3151021800037776,0.1171973983783413,green,0.3633,0.2055,0.0769,57.6,-0.0409390208989407,0.0863028953229397,0.9084516129032282,0.980645161290324,1.3802104005959257,68873352.37396613,2.0,0.0016703786191535,0.0846325167037861,1.0,0.2170935412026726,0.0673719376391982,0.314587973273942,0.0569368839193762,0.240708502583658,0.3725744942643812,1,0.0,0.018151,0.3333333333333333,9.0,30.0,NEUTRAL,93.1,1,0,unknown,unknown,0.0,0.0,0.0,0,0,0,none,0.0,0.5,0,0.0,0.0,0.0,0.0,0,40.43,0,1,0,0.031737,0.0451,1,0,0,0.031737,0.63474
CLSK,2026-06-23 10:00:00-04:00,2026-06-23,11,1,17.9501,18.53,17.5,17.65,True,False,50.09,2.6196702828360383,-1.6539634438976427,-0.3289322451354978,red,0.3633,0.2055,0.0769,57.6,-0.0409390208989407,0.058356940509915,0.291359223300971,0.1456310679611635,1.6908393946216054,84897873.91731869,3.0,0.04985835694051,0.0685552407932009,0.0,0.2033427762039659,0.0861189801699718,0.3376770538243627,0.0386935412682065,0.2192931553787061,0.3488830636840938,1,0.0,0.024944,0.3,10.0,35.0,NEUTRAL,101.6,1,0,unknown,unknown,0.0,0.0,0.0,0,0,0,none,0.0,0.5,0,0.0,0.0,0.0,0.0,0,74.51,1,1,0,0.021813,0.028329,0,0,0,0.021813,0.43626
CLSK,2026-06-25 06:00:00-04:00,2026-06-25,7,1,16.69,16.75,16.6,16.66,True,False,22.1,-45.86607555784641,-47.97971415708994,0.1775897923958879,orange,0.3633,0.102,0.0644,47.8,0.0280258700338775,0.0090036014405761,0.2000000000000094,0.3999999999999952,0.0061655183758059,219086.132146,1.0,0.0054021608643457,0.0036014405762304,0.0,0.1560024009603841,0.1506602641056423,0.4171668667466986,-0.020489755122439,0.1311479862035251,0.2659189690282971,0,0.0,0.021813,0.2727272727272727,11.0,41.2,NEUTRAL,86.0,1,0,unknown,unknown,0.0,0.0,0.0,0,0,0,none,0.0,0.5,0,0.0,0.0,0.0,0.0,0,59.31,1,1,0,0.02431,0.084274,0,0,1,0.02431,-1.0
CLSK,2026-06-25 12:00:00-04:00,2026-06-25,13,1,15.73,15.945,15.6563,15.7701,False,True,8.34,-54.50710542870876,-53.47127210256788,-0.0381033181673203,orange,0.3633,0.102,0.0644,47.8,0.0280258700338775,0.0183067957717452,0.1388985105645959,0.3941808105299594,0.636828887883168,24552542.558883112,5.0,0.0821110836329511,0.0367848016182522,3.0,0.1083759773241767,0.2155915308083019,0.497136987083151,-0.0728106534967813,0.0707273023546345,0.1982994437859032,0,0.0,0.0230615,0.25,12.0,30.0,NEUTRAL,74.1,1,0,unknown,unknown,0.0,0.0,0.0,0,0,0,none,0.0,0.5,0,0.0,0.0,0.0,0.0,0,68.66,1,1,0,0.019651,0.007299,0,0,0,0.019651,0.3930199999999999
CLSK,2026-06-25 13:00:00-04:00,2026-06-25,14,0,15.78,16.03,15.735,16.03,True,False,34.99,-51.49518156117575,-53.9642894904384,0.4588128317892942,green,0.3633,0.102,0.0644,47.8,0.0280258700338775,0.0184029943855272,0.8474576271186451,1.0,0.3956589315885855,14578082.42568104,6.0,0.0645664379288833,0.0524017467248909,4.0,0.1228321896444167,0.1958827199001871,0.4728633811603242,-0.0575300585001619,0.0883734825235599,0.2180480836448741,0,0.0,0.021813,0.2307692307692307,13.0,60.0,LAUNCH,116.8,1,0,unknown,unknown,0.0,0.0,0.0,0,0,0,none,0.0,0.5,0,0.0,0.0,0.0,0.0,0,52.33,0,1,0,0.003119,0.023394,0,0,0,0.003119,0.0623799999999999
CLSK,2026-06-26 10:00:00-04:00,2026-06-26,11,1,15.59,16.045,15.5172,15.69,True,False,21.19,-48.88993542284923,-49.94671673188233,0.1361047411647714,orange,0.3633,0.0708,0.0529,44.6,-0.0182734719596722,0.0336392606755896,0.189465706707085,0.3273967411898416,1.206022016054107,42229033.98956056,3.0,0.0226258763543659,0.047163798597833,2.0,0.1038240917782026,0.2217973231357554,0.5047801147227533,-0.0715976331360946,0.058675879193544,0.1891859116713025,0,0.0,0.020732,0.2142857142857142,14.0,41.2,NEUTRAL,92.6,1,0,unknown,unknown,0.0,0.0,0.0,0,0,0,none,0.0,0.5,0,0.0,0.0,0.0,0.0,0,73.04,1,1,0,0.04812,0.005417,1,0,0,0.04812,0.9624
CLSK,2026-06-30 15:00:00-04:00,2026-06-30,16,0,14.4617,14.65,14.385,14.5427,False,True,11.01,-55.01474447840871,-54.7218393149345,-0.7439676558464821,yellow,0.3633,0.0246,0.0211,34.2,-0.002932551319648,0.018222200829282,0.3056603773584881,0.5950943396226409,1.2560147688050194,36251654.93180645,8.0,0.0548247574384399,0.0123910965639117,1.0,0.0331231476960949,0.3181871316880635,0.6234949493560342,-0.1272721817145259,-0.0305383712868648,0.0972393031485074,0,0.5859606537988131,0.021813,0.2,15.0,30.0,NEUTRAL,85.0,1,0,unknown,unknown,0.0,0.0,0.0,0,0,0,none,0.0,0.5,0,0.0,0.0,0.0,0.0,0,66.34,0,0,0,0.0,0.0,0,0,0,0.0,0.0
HIMS,2026-06-11 13:00:00-04:00,2026-06-11,14,0,27.81,28.9,27.535,28.86,True,False,72.43,7.155865778467503,4.568393546533084,0.9091679078277972,green,0.385,0.0967,0.0058,39.8,0.0136887608069163,0.0472972972972972,0.7692307692307706,0.9706959706959712,0.8212944161175753,50117780.057811946,6.0,0.0013860013860013,0.0751905751905751,1.0,0.2539847539847539,0.0332640332640332,1.4404019404019406,0.1307669703203055,0.1393874312064243,-0.1445175461348407,1,0.0,0.0,0.0,0.0,5.0,EXTENSION,46.3,1,0,unknown,unknown,0.0,0.0,0.0,0,0,0,none,0.0,0.5,0,0.0,0.0,0.0,0.0,0,-14.3,0,0,0,0.008316,0.014546,0,0,0,0.008316,0.16632
HIMS,2026-06-15 06:00:00-04:00,2026-06-15,7,1,27.4,27.4422,27.34,27.4,False,True,35.61,-22.41784316108844,-22.062096276105187,0.1460950145897791,orange,0.385,0.0464,0.0242,38.5,0.02143522833178,0.0037299270072992,0.0,0.5870841487279728,0.0152382755030032,708877.4005150001,1.0,0.0015401459854015,0.0021897810218977,0.0,0.2142335766423357,0.0883211678832117,1.57043795620438,0.0584054388133495,0.069009644495771,-0.1838461103118363,1,0.0,0.008316,0.0,1.0,53.5,LAUNCH,86.3,1,0,unknown,unknown,0.0,0.0,0.0,0,0,0,none,0.0,0.5,0,0.0,0.0,0.0,0.0,0,54.27,1,1,1,0.105109,0.0,1,1,0,0.105109,1.0
HIMS,2026-06-15 09:00:00-04:00,2026-06-15,10,0,27.51,29.09,27.47,28.823,True,False,78.63,-10.733403233096126,-20.29095268546364,1.68436939772407,extended,0.385,0.0464,0.0242,38.5,0.02143522833178,0.0562051139714811,0.8104938271604926,0.8351851851851856,2.169437830469424,116138014.89943188,2.0,0.0092634354508552,0.0514519654442632,1.0,0.2530270964160566,0.0345904312528189,1.44353467716754,0.1133729913473421,0.1245279190985989,-0.1414597239970093,1,0.0,0.0567125,0.5,2.0,5.0,EXTENSION,-11.2,1,0,unknown,unknown,0.0,0.0,0.0,0,0,0,none,0.0,0.5,0,0.0,0.0,0.0,0.0,0,-17.48,0,0,1,0.05055,0.020921,1,1,0,0.05055,1.0
HIMS,2026-06-17 11:00:00-04:00,2026-06-17,12,1,31.67,32.49,31.6518,32.2304,True,False,49.94,48.72455592016394,48.708536695225455,0.8929927010594644,green,0.4868,0.2069,0.0513,65.8,0.0047664442326025,0.0260065031771247,0.668575518969221,0.6902887139107626,0.8952033907234135,67579953.76424287,4.0,0.0080545075456711,0.0372443407466243,1.0,0.3319971207307387,-0.0068382644956316,1.1852040309769658,0.2115325339247454,0.236084158529757,-0.036162160788166,1,0.0,0.05055,0.6666666666666666,3.0,41.2,NEUTRAL,113.0,1,0,unknown,unknown,0.0,0.0,0.0,0,0,0,none,0.0,0.5,0,0.0,0.0,0.0,0.0,0,66.27,1,1,0,0.03784,0.013044,1,0,0,0.03784,0.7567999999999999
HIMS,2026-06-18 09:00:00-04:00,2026-06-18,10,0,32.46,34.19,32.35,34.04,True,False,60.28,55.69136405821632,53.67241928472331,1.6401521588702357,green,0.5291,0.2115,0.0675,68.6,0.0222640326121041,0.0540540540540539,0.8586956521739139,0.918478260869566,1.838389075909694,161944461.27928317,2.0,0.0044065804935369,0.0496474735605169,1.0,0.3573736780258519,-0.0173325499412454,1.06903642773208,0.2572251666635889,0.2931951493784758,0.0195478227532284,1,0.0,0.044195,0.5,4.0,25.0,NEUTRAL,97.5,1,0,unknown,unknown,0.0,0.0,0.0,0,0,0,none,0.0,0.5,0,0.0,0.0,0.0,0.0,0,0.39,0,0,0,0.045828,0.00923,1,0,0,0.045828,0.91656
HIMS,2026-06-23 10:00:00-04:00,2026-06-23,11,1,34.29,34.6799,33.75,34.084,False,True,36.75,8.783910603482655,9.369765050075548,-0.0392201566529611,orange,0.5446,0.2459,0.1071,69.6,-0.0427783574303175,0.0272825959394438,0.2215291966878107,0.3591784062802473,0.7225494267810532,71396346.35525765,3.0,0.0174832766107264,0.0664241286234011,0.0,0.3163947893439737,0.0559206665884285,1.0663654500645463,0.2097893410474383,0.2661312491177499,0.0234682433274429,1,0.0,0.045828,0.4,5.0,50.6,LAUNCH,123.8,1,0,unknown,unknown,0.0,0.0,0.0,0,0,0,none,0.0,0.5,0,0.0,0.0,0.0,0.0,0,74.66,1,1,0,0.013379,0.038258,0,0,0,0.013379,0.26758
HIMS,2026-06-23 11:00:00-04:00,2026-06-23,12,1,34.085,34.34,33.8701,34.2,True,False,56.87,11.671262244416724,7.495035930826337,0.32550517735918,orange,0.5446,0.2459,0.1071,69.6,-0.0427783574303175,0.0137397660818714,0.244732921898279,0.7020642689934034,0.5160482437522089,46968550.24330982,4.0,0.01403216374269,0.0695906432748538,1.0,0.3187134502923976,0.0523391812865496,1.0593567251461988,0.2139066853603564,0.2704403450248517,0.026951470537453,1,0.0,0.0418339999999999,0.3333333333333333,6.0,25.0,NEUTRAL,94.2,1,0,unknown,unknown,0.0,0.0,0.0,0,0,0,none,0.0,0.5,0,0.0,0.0,0.0,0.0,0,25.09,0,0,0,0.009942,0.04152,0,0,0,0.009942,0.19884
HIMS,2026-06-24 11:00:00-04:00,2026-06-24,12,1,33.08,33.75,33.0432,33.325,False,True,33.84,-17.923999449963876,-15.495014400540269,-0.0204139801004345,yellow,0.5407,0.2122,0.1276,69.4,0.0080437092123235,0.0212093023255814,0.3466327108092871,0.3986983588002314,1.0722411046115556,65903836.26361429,4.0,0.0127531882970741,0.0511627906976744,2.0,0.2990247561890473,0.0799699924981245,1.1134283570892722,0.1638262205769367,0.2256163940214194,0.0029584641267415,1,0.0,0.03784,0.2857142857142857,7.0,52.1,LAUNCH,137.7,1,0,unknown,unknown,0.0,0.0,0.0,0,0,0,none,0.0,0.5,0,0.0,0.0,0.0,0.0,0,88.73,1,1,0,0.004651,0.036156,0,0,0,0.004651,0.0930199999999999
HIMS,2026-06-24 12:00:00-04:00,2026-06-24,13,1,33.3,33.48,32.94,32.98,True,False,30.95,-17.868012879515657,-18.24014219762997,-0.2490304992532709,red,0.5407,0.2122,0.1276,69.4,0.0080437092123235,0.0163735597331715,0.592592592592594,0.0740740740740726,0.5069763626595535,31628673.62450607,5.0,0.0233474833232262,0.0412371134020617,0.0,0.291691934505761,0.0912674348089753,1.1355366889023657,0.1517776070405811,0.2129280922678591,-0.0074247517809473,1,0.0,0.0256095,0.25,8.0,49.9,NEUTRAL,112.3,1,0,unknown,unknown,0.0,0.0,0.0,0,0,0,none,0.0,0.5,0,0.0,0.0,0.0,0.0,0,79.72,1,1,0,0.003487,0.026073,0,0,0,0.003487,0.06974
HIMS,2026-06-25 06:00:00-04:00,2026-06-25,7,1,33.1,33.1235,32.92,32.92,False,True,30.93,-27.60821789429348,-27.46591729786185,0.0874812595373517,red,0.4915,0.1925,0.1454,65.3,0.0119229593396515,0.0061816524908869,0.8845208845208908,0.0,0.0027581740692167,131191.7460324,1.0,0.0061816524908869,0.0,0.0,0.2670109356014581,0.0932563791008505,1.1394289185905226,0.1321857857720151,0.2005222198720707,-0.0068827370456569,1,0.0,0.013379,0.2222222222222222,9.0,44.8,NEUTRAL,110.6,1,0,unknown,unknown,0.0,0.0,0.0,0,0,0,none,0.0,0.5,0,0.0,0.0,0.0,0.0,0,64.09,1,1,0,0.017618,0.079891,0,0,1,0.017618,-1.0
HIMS,2026-06-25 15:00:00-04:00,2026-06-25,16,0,30.54,32.87,30.45,32.71,True,False,60.1,-51.20982967702837,-56.41124972937739,1.0984294497634168,green,0.4915,0.1925,0.1454,65.3,0.0119229593396515,0.0739834912870681,0.8966942148760344,0.9338842975206624,2.513379290937638,123428608.4142628,8.0,0.0241516355854478,0.0739834912870682,1.0,0.2623051054723326,0.1002751452155304,1.1531641699786,0.1249634584630198,0.1928639675581844,-0.0132179322224616,1,0.0,0.0154985,0.2,10.0,25.0,NEUTRAL,94.3,1,0,unknown,unknown,0.0,0.0,0.0,0,0,0,none,0.0,0.5,0,0.0,0.0,0.0,0.0,0,10.86,0,0,0,0.0,0.0,0,0,0,0.0,0.0
HIMS,2026-06-29 13:00:00-04:00,2026-06-29,14,0,33.59,34.05,33.33,33.91,False,True,46.61,7.920448659764548,8.991566971437503,0.2110964776352486,yellow,0.4915,0.219,0.16,66.1,0.0150575730735165,0.021232674727219,0.4444444444444356,0.8055555555555545,0.722806751767746,43961273.296703085,6.0,0.0460041285756414,0.0409908581539367,3.0,0.2884104983780595,0.0613388381008553,1.0769684458861697,0.1348728246318608,0.2179703606858847,0.0277548360699211,1,0.0,0.013379,0.1818181818181818,11.0,36.2,NEUTRAL,116.0,1,0,unknown,unknown,0.0,0.0,0.0,0,0,0,none,0.0,0.5,0,0.0,0.0,0.0,0.0,0,42.81,0,1,0,0.019168,0.017694,0,0,0,0.019168,0.38336
HIMS,2026-06-29 14:00:00-04:00,2026-06-29,15,0,33.9,34.1593,33.57,34.13,True,False,59.61,11.015596838315153,8.311654855268293,0.4286774675816239,yellow,0.4915,0.219,0.16,66.1,0.0150575730735165,0.0172663346029886,0.390293568640766,0.9502799932122872,0.5797346101595549,34007067.9367272,7.0,0.03926164664518,0.0471725754468209,4.0,0.2929973630237328,0.0544975095224142,1.06358042777615,0.1422356091030792,0.2258722621707241,0.0344226645551876,1,0.0,0.0154985,0.1666666666666666,12.0,25.0,NEUTRAL,102.2,1,0,unknown,unknown,0.0,0.0,0.0,0,0,0,none,0.0,0.5,0,0.0,0.0,0.0,0.0,0,4.73,0,0,0,0.012599,0.024026,0,0,0,0.012599,0.25198
HIMS,2026-06-30 11:00:00-04:00,2026-06-30,12,1,33.11,33.89,33.11,33.605,False,True,47.0,-2.686830974036944,-1.4407117317711733,0.1586663514159863,green,0.4169,0.1938,0.1682,60.5,-0.0077961019490254,0.02321083172147,0.6346153846153804,0.6346153846153804,0.4767093694399765,27161483.720089283,4.0,0.0120517780092248,0.0598125278976342,1.0,0.2441600952239249,0.0709715816098796,1.0958190745424792,0.1112029627670126,0.2014916301386514,0.0207367043007324,1,0.0,0.013379,0.1538461538461538,13.0,36.2,NEUTRAL,103.3,1,0,unknown,unknown,0.0,0.0,0.0,0,0,0,none,0.0,0.5,0,0.0,0.0,0.0,0.0,0,52.53,1,1,0,0.032287,0.000744,1,0,0,0.032287,0.64574
HIMS,2026-06-30 12:00:00-04:00,2026-06-30,13,1,33.605,34.29,33.58,34.0999,True,False,69.66,5.486887144287307,-1.1619219168736774,0.5495058522510615,green,0.4169,0.1938,0.1682,60.5,-0.0077961019490254,0.0208211754286669,0.6970422535211277,0.7322535211267595,0.6525639350447634,38998814.98043107,5.0,0.0055747964070276,0.0734576934243208,2.0,0.2551297804392388,0.0554283150390471,1.0654019513253707,0.1275676211890747,0.2191859675216485,0.0357690683822213,1,0.0,0.0154985,0.1428571428571428,14.0,5.0,NEUTRAL,57.4,1,0,unknown,unknown,0.0,0.0,0.0,0,0,0,none,0.0,0.5,0,0.0,0.0,0.0,0.0,0,17.99,0,0,0,0.017305,0.01466,0,0,0,0.017305,0.3461
HIMS,2026-07-06 06:00:00-04:00,2026-07-06,7,1,37.0,37.0,36.9,36.91,False,True,25.63,24.36399978880304,28.01473218952748,-0.178018257106695,red,0.5157,0.2977,0.1654,67.7,0.0062550992657056,0.0027092928745597,0.9000000000000213,0.0999999999999786,0.0014534803558241,119408.06770569998,1.0,0.0024383635871038,0.0002709292874559,0.0,0.311839609861826,0.0430777567054999,0.9081549715524252,0.1697036919664079,0.3015543895283229,0.1300801557802175,1,0.0,0.017305,0.1333333333333333,15.0,31.6,NEUTRAL,101.9,1,0,unknown,unknown,0.0,0.0,0.0,0,0,0,none,0.0,0.5,0,0.0,0.0,0.0,0.0,0,54.14,1,1,1,0.057979,0.015172,1,1,0,0.057979,1.0
HIMS,2026-07-06 09:00:00-04:00,2026-07-06,10,0,36.88,38.4098,36.35,38.35,True,False,61.34,32.33314597237315,27.447235484193072,1.3111366235398831,green,0.5157,0.2977,0.1654,67.7,0.0062550992657056,0.0537105606258147,0.7136615205359753,0.9709680551509876,0.8730965862827506,76056788.01168111,2.0,0.0015593220338981,0.0521512385919165,1.0,0.3376792698826598,0.0039113428943937,0.8365058670143417,0.2153382982094757,0.352332994809298,0.1741688966180262,1,0.0,0.0174615,0.1875,16.0,25.0,NEUTRAL,96.4,1,0,unknown,unknown,0.0,0.0,0.0,0,0,0,none,0.0,0.5,0,0.0,0.0,0.0,0.0,0,-6.91,0,0,0,0.018253,0.020078,0,0,0,0.018253,0.3650599999999999
HIMS,2026-07-08 13:00:00-04:00,2026-07-08,14,0,35.35,36.25,35.32,35.909,True,False,31.61,-37.53830488918992,-38.946401384685984,0.1726193121244474,green,0.5042,0.2601,0.156,66.9,-0.0517003041194361,0.0258987997437968,0.6010752688172017,0.6333333333333321,1.090070738273616,56419526.67256638,6.0,0.0094962265727255,0.0484279707037232,2.0,0.2770614609150909,0.0874711075217911,0.9613467375866775,0.1026022875566133,0.251001595585315,0.1039598861884346,1,0.0,0.017618,0.1764705882352941,17.0,51.5,LAUNCH,128.1,1,0,unknown,unknown,0.0,0.0,0.0,0,0,0,none,0.0,0.5,0,0.0,0.0,0.0,0.0,0,51.7,0,1,0,0.013813,0.005542,0,0,0,0.013813,0.27626
HIMS,2026-07-10 13:00:00-04:00,2026-07-10,14,0,34.44,34.535,34.05,34.26,False,True,12.2,-55.73635913543711,-54.11727057450564,-0.3701763776871209,red,0.4725,0.2251,0.1465,64.8,0.0016930022573364,0.0141564506713368,0.3711340206185565,0.4329896907216518,0.6964086232584538,30211464.60328937,6.0,0.0642148277875073,0.0315236427320489,0.0,0.2259194395796847,0.1398131932282545,1.0557501459427907,0.0277177825773937,0.1840086260523366,0.0601904072263767,1,0.0,0.0174615,0.1666666666666666,18.0,30.0,NEUTRAL,111.4,1,0,unknown,unknown,0.0,0.0,0.0,0,0,0,none,0.0,0.5,0,0.0,0.0,0.0,0.0,0,48.42,0,1,0,0.012551,0.010216,0,0,0,0.012551,0.2510199999999999
HIMS,2026-07-10 15:00:00-04:00,2026-07-10,16,0,33.98,34.69,33.94,34.405,True,False,17.36,-53.58150320665497,-55.44538491090587,-0.0070107257190544,green,0.4725,0.2251,0.1465,64.8,0.0016930022573364,0.0217991570992588,0.5666666666666723,0.6200000000000045,1.3371204394048803,56232361.82049111,8.0,0.0597296904519691,0.0356052899287894,1.0,0.2291818049702078,0.1350094463014095,1.0470861793343993,0.0320674346052316,0.1890197542128034,0.0646774944723728,1,0.0,0.017305,0.1578947368421052,19.0,35.0,NEUTRAL,112.3,1,0,unknown,unknown,0.0,0.0,0.0,0,0,0,none,0.0,0.5,0,0.0,0.0,0.0,0.0,0,48.59,0,0,0,0.0,0.0,0,0,0,0.0,0.0
HIMS,2026-07-14 09:00:00-04:00,2026-07-14,10,0,34.8854,35.39,34.08,35.1,True,False,61.82,-27.87359281489009,-36.78679554867536,0.7601242351121718,orange,0.4725,0.1763,0.1359,62.5,-0.0093077370564281,0.0373219373219373,0.1638167938931328,0.7786259541984744,1.463295127580721,58735222.3758807,2.0,0.0082621082621082,0.0313390313390313,4.0,0.2444444444444445,0.1125356125356124,1.006552706552707,0.0341322569715538,0.2009854239375894,0.0937901699114218,1,0.0,0.015559,0.15,20.0,25.0,NEUTRAL,86.1,1,0,unknown,unknown,0.0,0.0,0.0,0,0,0,none,0.0,0.5,0,0.0,0.0,0.0,0.0,0,4.04,0,0,0,0.004274,0.020513,0,0,0,0.004274,0.08548
HIMS,2026-07-17 13:00:00-04:00,2026-07-17,14,0,33.29,33.585,33.2,33.255,False,True,22.57,-32.43115246330871,-32.002564326124656,-0.3134462878885435,orange,0.2892,0.1337,0.1199,46.0,-0.0267459138187221,0.0115772064351224,0.0909090909090825,0.1428571428571428,0.3410046918122551,16334681.656239584,6.0,0.0236024657946173,0.0404450458577658,0.0,0.0891595248834762,0.1742595098481429,1.1178770109757932,-0.0449042893863891,0.1193577703726141,0.046161009071133,1,0.0,0.013813,0.1428571428571428,21.0,36.2,NEUTRAL,88.7,1,0,unknown,unknown,0.0,0.0,0.0,0,0,0,none,0.0,0.5,0,0.0,0.0,0.0,0.0,0,32.25,0,1,0,0.00015,0.015486,0,0,0,0.00015,0.0029999999999999
HIMS,2026-07-17 14:00:00-04:00,2026-07-17,15,0,33.22,33.26,32.97,33.09,True,False,21.8,-32.585459779725774,-32.919599928929514,-0.3120475380748931,red,0.2892,0.1337,0.1199,46.0,-0.0267459138187221,0.008763977032336,0.4482758620689511,0.4137931034482928,0.425324307599595,18903974.04769548,7.0,0.028706557872469,0.0356603203384709,0.0,0.0846177092777275,0.1801148383197338,1.1284375944394076,-0.049643149475135,0.1138038978087446,0.0409703139426791,1,0.0,0.013596,0.1363636363636363,22.0,41.2,NEUTRAL,101.8,1,0,unknown,unknown,0.0,0.0,0.0,0,0,0,none,0.0,0.5,0,0.0,0.0,0.0,0.0,0,41.89,0,0,0,0.004835,0.010577,0,0,0,0.004835,0.0967
HIMS,2026-07-20 06:00:00-04:00,2026-07-20,7,1,32.97,33.1,32.97,33.08,False,True,21.17,-33.09238149111805,-32.878257864962016,-0.0602047554367169,green,0.2892,0.1006,0.1049,42.7,0.0036529680365296,0.0039298669891173,0.8461538461538252,0.8461538461538252,0.0038835058524769,167869.43142779998,1.0,0.0006045949214027,0.0033252720677146,1.0,0.084340991535671,0.180471584038694,1.1290810157194682,-0.0512246888085814,0.1086088098876644,0.04497532082922,1,0.0,0.013379,0.1304347826086956,23.0,36.2,NEUTRAL,81.6,1,0,unknown,unknown,0.0,0.0,0.0,0,0,0,none,0.0,0.5,0,0.0,0.0,0.0,0.0,0,59.6,1,1,0,0.015719,0.026602,0,0,0,0.015719,0.31438
HIMS,2026-07-20 11:00:00-04:00,2026-07-20,12,1,32.83,33.41,32.8,33.22,True,False,48.25,-31.994753279960413,-33.67231796570189,0.4721174177711608,green,0.2892,0.1006,0.1049,42.7,0.0036529680365296,0.018362432269717,0.6393442622950835,0.6885245901639379,0.8293632470851144,35366170.59865824,4.0,0.005719446116797,0.0307043949428054,2.0,0.088199879590608,0.1754966887417218,1.1201083684527395,-0.0472093156656915,0.1133006246816267,0.0493978282329713,1,0.0,0.013596,0.125,24.0,41.2,NEUTRAL,90.2,1,0,unknown,unknown,0.0,0.0,0.0,0,0,0,none,0.0,0.5,0,0.0,0.0,0.0,0.0,0,73.87,1,1,0,0.011439,0.020169,0,0,0,0.011439,0.2287799999999999
HIMS,2026-07-21 06:00:00-04:00,2026-07-21,7,1,33.11,33.17,33.11,33.11,True,False,45.18,-26.44371309845368,-26.92788864821477,0.3544184612445877,orange,0.2892,0.0916,0.0829,41.8,0.0122286762457963,0.0018121413470251,0.0,0.0,0.0013205156947226,48042.61,1.0,0.0018121413470251,0.0,0.0,0.0851706433101782,0.1794019933554816,1.1271519178495926,-0.0465769203081133,0.1053025143879608,0.0499062187362756,0,0.0,0.013379,0.12,25.0,41.2,NEUTRAL,76.5,1,0,unknown,unknown,0.0,0.0,0.0,0,0,0,none,0.0,0.5,0,0.0,0.0,0.0,0.0,0,55.72,1,1,0,0.022048,0.031712,0,0,0,0.022048,0.44096
HIMS,2026-07-22 06:00:00-04:00,2026-07-22,7,1,32.65,32.75,32.65,32.71,True,False,18.54,-37.72163758231315,-38.07397412614616,-0.0983386072147803,green,0.2892,0.0875,0.0651,41.4,-0.0024442407577145,0.0030571690614491,0.6000000000000142,0.6000000000000142,0.005523430155827,161718.24,1.0,0.0012228676245796,0.0018343014368695,2.0,0.0739834912870682,0.1938245184958727,1.1531641699786,-0.0569954161501426,0.086812062251638,0.0411146387847828,0,0.0752063589116471,0.013596,0.1153846153846153,26.0,35.0,NEUTRAL,79.8,1,0,unknown,unknown,0.0,0.0,0.0,0,0,0,none,0.0,0.5,0,0.0,0.0,0.0,0.0,0,60.34,1,1,0,0.039437,0.038523,1,0,0,0.039437,0.78874
HIMS,2026-07-23 09:00:00-04:00,2026-07-23,10,0,31.18,32.5,30.81,32.08,False,True,23.12,-55.60506086946526,-52.93504868963651,-0.2402812635223472,green,0.2892,0.0502,0.0488,37.4,0.0013527180783817,0.0526807980049875,0.5325443786982236,0.7514792899408276,1.9007870159707176,57007126.92619926,2.0,0.0130922693266833,0.0395885286783042,2.0,0.0557980049875311,0.2172693266832917,1.1954488778054866,-0.0734482858215638,0.0634700683564611,0.0253361587609031,0,0.3025249376558607,0.013813,0.1111111111111111,27.0,36.2,NEUTRAL,85.0,1,0,unknown,unknown,0.0,0.0,0.0,0,0,0,none,0.0,0.5,0,0.0,0.0,0.0,0.0,0,55.93,0,1,1,0.117519,0.027743,1,1,0,0.117519,1.0
HIMS,2026-07-23 10:00:00-04:00,2026-07-23,11,1,32.095,32.56,31.76,31.89,True,False,13.84,-51.28519868416176,-53.97421527129167,-0.4523094854694215,red,0.2892,0.0502,0.0488,37.4,0.0013527180783817,0.0250862339291314,0.2562499999999976,0.1624999999999986,1.272552808667288,38524813.1787896,3.0,0.0210097209156475,0.0338664158043274,0.0,0.0501724678582628,0.2245217936657258,1.2085293195359048,-0.0789359674205009,0.057171461343128,0.0192634071971696,0,0.3728441517717147,0.014766,0.1428571428571428,28.0,35.0,NEUTRAL,88.6,1,0,unknown,unknown,0.0,0.0,0.0,0,0,0,none,0.0,0.5,0,0.0,0.0,0.0,0.0,0,83.19,1,1,1,0.124177,0.02195,1,1,0,0.124177,1.0
OSCR,2026-06-09 13:00:00-04:00,2026-06-09,14,0,26.62,27.33,26.602,27.29,False,True,42.47,45.85773747101802,50.1666196531185,0.4826563081754882,green,0.3733,0.4607,0.0945,58.2,-0.0057986870897156,0.0266764382557712,0.9203296703296704,0.945054945054946,0.6727253732892876,22867763.925598804,6.0,0.0318798094540124,0.0443385855624771,2.0,0.2638329058263099,0.0109930377427629,0.0109930377427629,0.180388849239819,0.4553735227612098,0.6148884549381619,1,0.0,0.0,0.0,0.0,36.3,NEUTRAL,102.0,1,0,unknown,unknown,0.0,0.0,0.0,0,0,0,none,0.0,0.5,0,0.0,0.0,0.0,0.0,0,29.85,0,1,0,0.013925,0.006046,0,0,0,0.013925,0.2784999999999999
OSCR,2026-06-09 14:00:00-04:00,2026-06-09,15,0,27.29,27.61,27.13,27.5609,True,False,50.74,47.94231108648977,47.72428297262946,0.8285333135525408,green,0.3733,0.4607,0.0945,58.2,-0.0057986870897156,0.0174159769818837,0.5643750000000016,0.897708333333335,0.5644513068208565,18727202.28826592,7.0,0.0217373162705136,0.0537319173176493,3.0,0.2710687967374069,0.0010558436045266,0.0010558436045266,0.1921062306710784,0.4698205981483851,0.630918989289307,1,0.0,0.013925,0.0,1.0,35.0,NEUTRAL,99.1,1,0,unknown,unknown,0.0,0.0,0.0,0,0,0,none,0.0,0.5,0,0.0,0.0,0.0,0.0,0,24.98,0,0,0,0.003959,0.015816,0,0,0,0.003959,0.0791799999999999
OSCR,2026-06-11 11:00:00-04:00,2026-06-11,12,1,27.9,28.65,27.84,28.295,True,False,40.97,35.58966517915431,32.97400555895191,0.3062339379874768,yellow,0.4584,0.4346,0.0942,63.9,-0.0197486535008976,0.0286269658950344,0.4876543209876589,0.5617283950617316,0.768939331476603,18516382.950229585,4.0,0.0125463862873298,0.0369323201979148,5.0,0.289980561936738,0.0355186428697649,0.0355186428697649,0.199626905221207,0.4575434764691338,0.6631155129090563,1,0.0,0.008942,0.0,2.0,45.1,NEUTRAL,123.8,1,0,unknown,unknown,0.0,0.0,0.0,0,0,0,none,0.0,0.5,0,0.0,0.0,0.0,0.0,0,69.93,1,1,0,0.03976,0.006185,1,0,0,0.03976,0.7951999999999999
OSCR,2026-06-15 06:00:00-04:00,2026-06-15,7,1,28.5,28.51,28.48,28.48,True,False,46.26,18.086907070747053,16.030351666088663,0.2113857305685223,red,0.4644,0.4065,0.0975,64.3,0.0092067988668555,0.0010533707865168,0.6666666666666272,0.0,0.0035183352103224,66159.04000000001,1.0,0.0010533707865168,0.0,0.0,0.2945926966292135,0.0330056179775281,0.0330056179775281,0.1814240972351853,0.4174654841182149,0.6625657101659939,1,0.0,0.013925,0.0,3.0,41.2,NEUTRAL,103.7,1,0,unknown,unknown,0.0,0.0,0.0,0,0,0,none,0.0,0.5,0,0.0,0.0,0.0,0.0,0,47.07,1,1,0,0.024754,0.046973,0,0,0,0.024754,0.49508
OSCR,2026-06-15 11:00:00-04:00,2026-06-15,12,1,28.07,28.24,28.06,28.12,False,True,45.52,1.643697553210071,6.860158262387286,0.1092765073292663,yellow,0.4644,0.4065,0.0975,64.3,0.0092067988668555,0.0064011379800853,0.2777777777777822,0.3333333333333464,0.5192966158742244,9290437.91861632,4.0,0.0138691322901849,0.0347724039829303,2.0,0.2855618776671408,0.0462304409672831,0.0462304409672831,0.1664903656690102,0.3995480833358217,0.6415501323689519,1,0.0,0.0193395,0.0,4.0,36.2,NEUTRAL,114.4,1,0,unknown,unknown,0.0,0.0,0.0,0,0,0,none,0.0,0.5,0,0.0,0.0,0.0,0.0,0,64.36,1,1,0,0.037873,0.0,1,0,0,0.037873,0.7574599999999999
OSCR,2026-06-15 12:00:00-04:00,2026-06-15,13,1,28.125,28.73,28.125,28.7286,True,False,77.04,9.976918405644636,4.832661096111683,1.0400251663477895,extended,0.4644,0.4065,0.0975,64.3,0.0092067988668555,0.021059153596068,0.9976859504132226,0.9976859504132226,1.121246953019188,21708496.519498628,5.0,4.873192567686173e-05,0.055220233495541,3.0,0.300696866537179,0.0240666095806966,0.0240666095806966,0.1917366685333829,0.4298384447696119,0.6770781341669512,1,0.0,0.024754,0.0,5.0,5.0,EXTENSION,12.7,1,0,unknown,unknown,0.0,0.0,0.0,0,0,0,none,0.0,0.5,0,0.0,0.0,0.0,0.0,0,-8.3,0,0,0,0.015887,0.013875,0,0,0,0.015887,0.3177399999999999
OSCR,2026-06-17 09:00:00-04:00,2026-06-17,10,0,28.32,29.075,28.27,28.79,False,True,47.48,8.742531494794989,9.838271641664178,0.1686577332437369,green,0.4838,0.3762,0.1005,65.6,-0.0080532212885154,0.0279610976033344,0.5838509316770174,0.6459627329192543,0.7090236641916141,11284366.51112374,2.0,0.0098992705800625,0.0180618270232719,1.0,0.3021882598124348,0.0354289683918026,0.0354289683918026,0.1722074062010137,0.3872960496516098,0.6692419415156533,1,0.0,0.0203205,0.0,6.0,36.2,NEUTRAL,108.3,1,0,unknown,unknown,0.0,0.0,0.0,0,0,0,none,0.0,0.5,0,0.0,0.0,0.0,0.0,0,32.14,0,1,0,0.023619,0.019451,0,0,0,0.023619,0.47238
OSCR,2026-06-17 10:00:00-04:00,2026-06-17,11,1,28.79,29.44,28.64,29.2,True,False,78.95,18.73312278019094,10.541880188003775,0.7661435835412007,extended,0.4838,0.3762,0.1005,65.6,-0.0080532212885154,0.0273972602739726,0.5124999999999997,0.6999999999999977,1.4387565642181537,24246357.0840428,3.0,0.0082191780821918,0.0318493150684931,2.0,0.311986301369863,0.020890410958904,0.020890410958904,0.1889008774251337,0.4070526102753389,0.6930137093524514,1,0.0,0.023619,0.0,7.0,5.0,EXTENSION,15.8,1,0,unknown,unknown,0.0,0.0,0.0,0,0,0,none,0.0,0.5,0,0.0,0.0,0.0,0.0,0,-7.83,0,0,0,0.009247,0.033219,0,0,0,0.009247,0.18494
OSCR,2026-06-18 15:00:00-04:00,2026-06-18,16,0,27.92,28.45,27.82,28.4,False,True,60.63,-20.657441834499902,-20.142196827199065,0.2782953763645167,green,0.4838,0.3424,0.1026,65.6,0.0045985143261407,0.0221830985915492,0.7619047619047582,0.9206349206349194,2.063645535487244,31837645.038704403,8.0,0.0158450704225353,0.0292253521126759,1.0,0.2926056338028168,0.0496478873239436,0.0496478873239436,0.1475674802004203,0.3486176668914361,0.6411062442936887,1,0.0,0.019753,0.0,8.0,20.0,NEUTRAL,89.5,1,0,unknown,unknown,0.0,0.0,0.0,0,0,0,none,0.0,0.5,0,0.0,0.0,0.0,0.0,0,0.73,0,0,0,0.0,0.0,0,0,0,0.0,0.0
OSCR,2026-06-22 06:00:00-04:00,2026-06-22,7,1,28.21,28.22,28.02,28.22,True,False,35.6,-20.65896226886064,-20.79618597551261,0.1155787519573569,orange,0.4838,0.3312,0.1044,65.6,-0.0066901408450703,0.0070871722182848,0.0499999999999902,1.0,0.0049438326071788,73964.62,1.0,0.0,0.0070871722182848,2.0,0.2880935506732813,0.0563430191353649,0.0563430191353649,0.1289354722566709,0.322783564109535,0.625084579836167,1,0.0,0.015887,0.0,9.0,58.5,LAUNCH,115.2,1,0,unknown,unknown,0.0,0.0,0.0,0,0,0,none,0.0,0.5,0,0.0,0.0,0.0,0.0,0,52.99,1,1,0,0.046421,0.003349,1,0,0,0.046421,0.92842
OSCR,2026-06-23 09:00:00-04:00,2026-06-23,10,0,27.9171,29.4581,27.9171,29.37,False,True,66.55,7.272843350160799,11.962938825497185,0.4755679669734655,green,0.4838,0.3205,0.1096,65.6,-0.0136650315346881,0.052468505277494,0.9428293316028548,0.9428293316028548,1.2058414877909032,20000324.45424322,2.0,0.0029996595165134,0.0494688457609805,1.0,0.3159686755192373,0.0149812734082396,0.0149812734082396,0.1600900580637516,0.3588540654581794,0.6860366657003194,1,0.0,0.019753,0.0,10.0,0.0,NEUTRAL,68.3,1,0,unknown,unknown,0.0,0.0,0.0,0,0,0,none,0.0,0.5,0,0.0,0.0,0.0,0.0,0,-11.64,0,0,0,0.024515,0.016854,0,0,0,0.024515,0.4902999999999999
OSCR,2026-06-23 10:00:00-04:00,2026-06-23,11,1,29.365,29.63,28.96,29.395,True,False,73.07,14.897430696590682,10.54368585780482,0.420957014091284,orange,0.4838,0.3205,0.1096,65.6,-0.0136650315346881,0.022792992005443,0.0447761194029869,0.6492537313432835,1.7833663376815638,30837357.115084708,3.0,0.0079945568974315,0.050277258037081,2.0,0.3165504337472359,0.0141180472869535,0.0141180472869535,0.161077536832958,0.360010733882982,0.6874718348062951,1,0.0,0.023619,0.0,11.0,5.0,NEUTRAL,67.0,1,0,unknown,unknown,0.0,0.0,0.0,0,0,0,none,0.0,0.5,0,0.0,0.0,0.0,0.0,0,12.37,0,0,0,0.023643,0.01769,0,0,0,0.023643,0.47286
OSCR,2026-06-23 15:00:00-04:00,2026-06-23,16,0,28.93,30.09,28.91,29.91,True,False,80.18,28.82127888861971,21.44391855159077,0.9319287663751052,extended,0.4838,0.3205,0.1096,65.6,-0.0136650315346881,0.0394516883985289,0.8305084745762717,0.8474576271186443,4.239378746068141,86092677.0870184,8.0,0.0060180541624874,0.0666298896690069,1.0,0.3283182881979271,-0.0033433634236041,-0.0033433634236041,0.1814195994786112,0.3838381034339171,0.7170363183893957,1,0.0,0.023631,0.0,12.0,5.0,EXTENSION,15.6,1,0,unknown,unknown,0.0,0.0,0.0,0,0,0,none,0.0,0.5,0,0.0,0.0,0.0,0.0,0,-30.22,0,0,0,0.0,0.0,0,0,0,0.0,0.0
OSCR,2026-06-24 12:00:00-04:00,2026-06-24,13,1,29.21,29.555,29.19,29.265,False,True,26.65,24.584651545255905,27.60686907073036,-0.2318549681262001,orange,0.4978,0.3652,0.1108,66.5,-0.0026746907388833,0.012472236459935,0.1506849315068491,0.2054794520547934,1.0440489362309548,20683819.441518422,5.0,0.0381001195967879,0.0261404407995899,2.0,0.3135144370408337,0.0281906714505381,0.0281906714505381,0.1395362420419368,0.3348750649990423,0.6744577251634979,1,0.0,0.023619,0.0,13.0,34.1,NEUTRAL,90.3,1,0,unknown,unknown,0.0,0.0,0.0,0,0,0,none,0.0,0.5,0,0.0,0.0,0.0,0.0,0,58.94,1,1,0,0.001025,0.022037,0,0,0,0.001025,0.0205
OSCR,2026-06-25 06:00:00-04:00,2026-06-25,7,1,29.18,29.18,29.18,29.18,False,True,36.07,8.696272254568452,10.492973710173288,-0.3999099615624725,orange,0.5122,0.3137,0.114,67.5,0.0005143151037202,0.0,0.0,0.0,0.0006300312664563,11963.8,1.0,0.0,0.0,0.0,0.3115147361206306,0.0411240575736805,0.0411240575736805,0.1203685928201191,0.3145920619903586,0.6649596740832877,1,0.0,0.019753,0.0,14.0,52.3,LAUNCH,111.2,1,0,unknown,unknown,0.0,0.0,0.0,0,0,0,none,0.0,0.5,0,0.0,0.0,0.0,0.0,0,50.3,1,1,0,0.000685,0.038382,0,0,0,0.000685,0.0136999999999999
OSCR,2026-06-25 14:00:00-04:00,2026-06-25,15,0,28.57,28.85,28.48,28.81,False,True,41.2,-22.57910335112147,-20.39649905227266,0.1973890245791404,green,0.5122,0.3137,0.114,67.5,0.0005143151037202,0.0128427629295383,0.6486486486486427,0.8918918918918849,0.7387009430189225,13997117.48440191,7.0,0.013536966331135,0.026032627559875,2.0,0.3026726830961471,0.0544949670253384,0.0544949670253384,0.1061624112113649,0.2979231427670402,0.6438481223557065,1,0.0,0.015887,0.0,15.0,39.5,NEUTRAL,114.8,1,0,unknown,unknown,0.0,0.0,0.0,0,0,0,none,0.0,0.5,0,0.0,0.0,0.0,0.0,0,40.58,0,0,0,0.000347,0.009198,0,0,0,0.000347,0.0069399999999999
OSCR,2026-06-26 09:00:00-04:00,2026-06-26,10,0,28.3,29.33,28.2,29.26,True,False,61.43,-23.121040370808892,-25.12015086948398,1.0267680284786702,green,0.5122,0.2762,0.1184,67.5,-0.0156849076333218,0.0386192754613806,0.8495575221238953,0.9380530973451356,0.87500856874455,17071021.45350294,2.0,0.0023923444976075,0.0382775119617225,1.0,0.3133971291866029,0.0382775119617223,0.0382775119617223,0.1092156639751317,0.3024937012010005,0.6655377136709569,1,0.0,0.0149059999999999,0.0,16.0,25.0,NEUTRAL,96.2,1,0,unknown,unknown,0.0,0.0,0.0,0,0,0,none,0.0,0.5,0,0.0,0.0,0.0,0.0,0,-4.81,0,0,0,0.032468,0.018455,1,0,0,0.032468,0.6493599999999999
OSCR,2026-06-26 15:00:00-04:00,2026-06-26,16,0,28.875,29.85,28.87,29.79,True,False,86.68,10.420037294647132,7.940738558582463,0.72301491244654,extended,0.5122,0.2762,0.1184,67.5,-0.0156849076333218,0.0328969452836522,0.933673469387754,0.9387755102040792,2.2687874706438382,43912975.33229382,8.0,0.014098690835851,0.0553877139979858,1.0,0.3256126216851292,0.0198053037932192,0.0198053037932192,0.129307403616513,0.3260863758980794,0.6957063735563159,1,0.0,0.015887,0.0,17.0,5.0,EXTENSION,17.5,1,0,unknown,unknown,0.0,0.0,0.0,0,0,0,none,0.0,0.5,0,0.0,0.0,0.0,0.0,0,-32.38,0,0,0,0.0,0.0,0,0,0,0.0,0.0
OSCR,2026-06-29 14:00:00-04:00,2026-06-29,15,0,29.16,29.67,29.11,29.61,True,False,58.92,10.099389033429532,9.991140901989716,0.4081616541595944,green,0.5122,0.3095,0.1216,67.5,0.0040281973816717,0.0189125295508275,0.803571428571424,0.8928571428571392,0.6854346161928967,12634773.98750532,7.0,0.0356095913542722,0.0293819655521783,1.0,0.3215130023640661,0.0260047281323876,0.0260047281323876,0.1068331339712917,0.3016185611422241,0.6808010626341062,1,0.0,0.0149059999999999,0.0,18.0,25.0,NEUTRAL,96.7,1,0,unknown,unknown,0.0,0.0,0.0,0,0,0,none,0.0,0.5,0,0.0,0.0,0.0,0.0,0,-7.34,0,0,0,0.0,0.019588,0,0,0,0.0,0.0
OSCR,2026-06-30 13:00:00-04:00,2026-06-30,14,0,28.22,29.02,28.1,28.89,False,True,45.64,-30.282919447507425,-26.93759615276741,0.3427448191992147,green,0.5264,0.279,0.1247,68.4,-0.0084889643463497,0.0318449290411906,0.7282608695652207,0.8586956521739139,0.9046229141310964,17594410.249744736,6.0,0.017307026652821,0.0384215991692627,2.0,0.3046036690896504,0.0614188300449982,0.0614188300449982,0.0655405156198134,0.2547231270358307,0.635303074471668,1,0.0,0.013925,0.0,19.0,36.2,NEUTRAL,111.5,1,0,unknown,unknown,0.0,0.0,0.0,0,0,0,none,0.0,0.5,0,0.0,0.0,0.0,0.0,0,34.97,0,1,0,0.006404,0.016961,0,0,0,0.006404,0.12808
OSCR,2026-06-30 14:00:00-04:00,2026-06-30,15,0,28.88,29.075,28.43,28.665,True,False,25.66,-27.29580562272072,-29.475970826996733,0.0196267730678178,red,0.5264,0.279,0.1247,68.4,-0.0084889643463497,0.0225013082155939,0.3333333333333333,0.3643410852713172,0.9661220324392888,18558186.201217845,7.0,0.025292168149311,0.030873888016745,0.0,0.2991452991452991,0.0697502180359323,0.0697502180359323,0.0572419134732416,0.2449511400651466,0.6225670692187733,1,0.0,0.0115859999999999,0.0,20.0,36.7,NEUTRAL,119.0,1,0,unknown,unknown,0.0,0.0,0.0,0,0,0,none,0.0,0.5,0,0.0,0.0,0.0,0.0,0,44.92,0,0,0,0.004012,0.009245,0,0,0,0.004012,0.0802399999999999
OSCR,2026-07-01 09:00:00-04:00,2026-07-01,10,0,28.2808,30.05,28.2808,30.0321,True,False,61.29,-15.707350073645538,-25.23853482785537,2.0,green,0.5264,0.2251,0.1227,68.4,-0.0068337129840546,0.0589102993130684,0.9898824327379602,0.9898824327379602,0.7075902217428072,13668458.237022333,2.0,0.0005960289157268,0.0583142703973415,2.0,0.3310491107847936,0.0210538057611689,0.0210538057611689,0.0964421971121372,0.2900608257873843,0.6955888414004144,1,0.0,0.009247,0.0,21.0,25.0,NEUTRAL,97.1,1,0,unknown,unknown,0.0,0.0,0.0,0,0,0,none,0.0,0.5,0,0.0,0.0,0.0,0.0,0,-9.24,0,0,1,0.067524,0.0,1,1,0,0.067524,1.0
OSCR,2026-07-07 09:00:00-04:00,2026-07-07,10,0,31.55,32.3123,31.45,31.585,True,False,49.96,-0.6618908112409159,-1.801083386848587,0.1744734259956654,orange,0.4115,0.2987,0.1563,60.8,0.0034987277353689,0.0273009339876524,0.0405891221152732,0.1565580424446264,0.6403349727652639,14267991.340258565,1.0,0.0230267532056355,0.0042741807820168,2.0,0.2575589678644926,0.0479658065537438,0.0479658065537438,0.0927364251241158,0.3046800776570693,0.7635842329930123,1,0.0,0.0115859999999999,0.0454545454545454,22.0,41.2,NEUTRAL,103.0,1,0,unknown,unknown,0.0,0.0,0.0,0,0,0,none,0.0,0.5,0,0.0,0.0,0.0,0.0,0,28.07,0,1,0,0.015039,0.01773,0,0,0,0.015039,0.30078
OSCR,2026-07-08 09:00:00-04:00,2026-07-08,10,0,30.7,31.88,30.55,31.85,False,True,65.55,-12.75060404692996,-5.341245500392136,0.4903951393312541,green,0.351,0.2701,0.1548,56.7,-0.0194502491560842,0.0417582417582417,0.864661654135341,0.9774436090225582,0.454420147042201,8849860.69256835,2.0,0.0009419152276294,0.0518053375196232,1.0,0.2307692307692308,0.0392464678178963,0.0392464678178963,0.0894475799555327,0.2998514455490801,0.7717772845357498,1,0.0,0.013925,0.0434782608695652,23.0,0.0,NEUTRAL,59.6,1,0,unknown,unknown,0.0,0.0,0.0,0,0,0,none,0.0,0.5,0,0.0,0.0,0.0,0.0,0,-20.85,0,0,0,0.002826,0.040188,0,0,0,0.002826,0.0565199999999999
OSCR,2026-07-09 10:00:00-04:00,2026-07-09,11,1,30.92,31.1299,30.64,30.94,False,True,22.5,-32.163904922961294,-30.44377123124977,-0.0495078174104297,orange,0.2692,0.2432,0.145,51.3,-0.0049578195976638,0.0158338720103425,0.0408246580934877,0.6123698714023301,0.5072244797133565,8523874.649200823,2.0,0.0061376858435681,0.0265998707175177,2.0,0.1570782159017454,0.0698125404007757,0.0698125404007757,0.0521662245800177,0.2484465032199753,0.7155721161310356,1,0.0,0.0115859999999999,0.0416666666666666,24.0,36.2,NEUTRAL,94.0,1,0,unknown,unknown,0.0,0.0,0.0,0,0,0,none,0.0,0.5,0,0.0,0.0,0.0,0.0,0,53.99,1,1,0,0.00905,0.008727,0,0,0,0.00905,0.181
OSCR,2026-07-09 12:00:00-04:00,2026-07-09,13,1,30.725,30.99,30.7,30.86,True,False,20.91,-31.882494421735245,-32.55385202863204,-0.0474846648561358,yellow,0.2692,0.2432,0.145,51.3,-0.0049578195976638,0.009397278029812,0.4655172413793048,0.5517241379310366,0.4079159060697201,6419243.42498106,4.0,0.008745949449125,0.0240764744005184,1.0,0.1548930654569021,0.0725858716785483,0.0725858716785483,0.0494456913555057,0.2452184579627807,0.7111362476988932,1,0.0,0.009247,0.04,25.0,41.2,NEUTRAL,94.6,1,0,unknown,unknown,0.0,0.0,0.0,0,0,0,none,0.0,0.5,0,0.0,0.0,0.0,0.0,0,58.46,1,1,0,0.011666,0.005185,0,0,0,0.011666,0.2333199999999999
OSCR,2026-07-09 14:00:00-04:00,2026-07-09,15,0,30.78,30.91,30.78,30.88,True,False,21.24,-30.885228054646102,-31.88509848217912,-0.0043658682915969,green,0.2692,0.2432,0.145,51.3,-0.0049578195976638,0.0042098445595854,0.7692307692307587,0.7692307692307587,0.4106967913274377,5524141.31053328,6.0,0.0080926165803108,0.0247085492227978,1.0,0.155440414507772,0.0718911917098446,0.0718911917098446,0.0501258246616336,0.2460254692770793,0.7122452148069287,1,0.0,0.0104565,0.0384615384615384,26.0,41.2,NEUTRAL,104.3,1,0,unknown,unknown,0.0,0.0,0.0,0,0,0,none,0.0,0.5,0,0.0,0.0,0.0,0.0,0,26.66,0,0,0,0.01101,0.002238,0,0,0,0.01101,0.2202
OSCR,2026-08-21 15:00:00-04:00,2026-08-21,16,0,31.62,32.06,31.57,32.05,True,False,81.68,-6.852583710919085,-8.53075806069564,0.5582378012523873,extended,0.3197,0.056,0.0047,31.2,0.005701615457713,0.0152886115444618,0.8775510204081519,0.9795918367346836,1.7334584152318744,31258507.667850748,7.0,0.0003120124804993,0.0452418096723867,3.0,0.2084243369734788,0.0446177847113884,0.0446177847113884,0.0645895268306454,0.0720641164586094,0.6313545842081822,1,0.0,0.01101,0.037037037037037,27.0,5.0,EXTENSION,-18.8,1,0,unknown,unknown,0.0,0.0,0.0,0,0,0,none,0.0,0.5,0,0.0,0.0,0.0,0.0,0,-31.37,0,0,0,0.0,0.0,0,0,0,0.0,0.0
OSCR,2026-08-26 09:00:00-04:00,2026-08-26,10,0,30.72,32.34,30.302,32.34,True,False,60.77,-24.58230204397936,-29.69635215459257,1.5709312655028194,green,0.3223,0.0279,0.0328,34.2,-0.0012932428063368,0.0630179344465059,0.7948969578017672,1.0,1.1809894396419138,16955138.097365163,2.0,0.0,0.0630179344465059,1.0,0.2155225726654298,0.0373531230674087,0.0373531230674087,0.0621387283236996,0.0747470987810229,0.6283250003776265,1,0.0,0.0101285,0.0357142857142857,28.0,25.0,NEUTRAL,63.0,1,0,unknown,unknown,0.0,0.0,0.0,0,0,0,none,0.0,0.5,0,0.0,0.0,0.0,0.0,0,-4.45,0,0,0,0.00773,0.041126,0,0,0,0.00773,0.1546
OSCR,2026-08-26 14:00:00-04:00,2026-08-26,15,0,31.14,31.3699,31.12,31.3,True,False,39.27,-18.06559005271597,-18.502711970389704,0.1156959832718003,green,0.3223,0.0279,0.0328,34.2,-0.0012932428063368,0.0079840255591054,0.6402561024409764,0.7202881152460966,1.1575582240174178,15092760.259764295,7.0,0.0412140575079873,0.0318849840255591,1.0,0.1894568690095846,0.0718210862619808,0.0718210862619808,0.027982133473463,0.0401850399457642,0.5759608074155753,1,0.0,0.009247,0.0344827586206896,29.0,49.3,NEUTRAL,91.6,1,0,unknown,unknown,0.0,0.0,0.0,0,0,0,none,0.0,0.5,0,0.0,0.0,0.0,0.0,0,45.9,0,0,0,0.003195,0.00738,0,0,0,0.003195,0.0639
OSCR,2026-08-27 11:00:00-04:00,2026-08-27,12,1,30.93,31.28,30.915,31.16,False,True,25.62,-28.43132545466725,-25.54065161084402,-0.0186843285147226,green,0.3223,0.0367,0.0357,35.6,-0.0009603072983353,0.0117137355584082,0.6301369863013676,0.6712328767123278,0.5230138972717004,6083456.740722559,4.0,0.0038510911424904,0.021181001283697,2.0,0.1858151476251604,0.0766367137355584,0.0766367137355584,0.0222594032445912,0.0340890989221047,0.5631348981403914,0,0.0,0.0091485,0.0333333333333333,30.0,31.6,NEUTRAL,78.1,1,0,unknown,unknown,0.0,0.0,0.0,0,0,0,none,0.0,0.5,0,0.0,0.0,0.0,0.0,0,64.17,1,1,0,0.0,0.038511,0,0,0,0.0,0.0
OSCR,2026-08-31 15:00:00-04:00,2026-08-31,16,0,29.61,30.11,29.58,29.94,False,True,27.78,-45.52700570510908,-45.07784979720719,-0.8671881887283304,green,0.3223,0.0087,0.0227,30.2,-0.0049532250123092,0.0177020708082832,0.6226415094339645,0.6792452830188721,2.176520782533661,31343506.06224072,7.0,0.0176686706746826,0.0123580494321977,1.0,0.1526386105544422,0.1205076820307281,0.1205076820307281,-0.0146453842356424,-0.0088258857335812,0.4913886502036089,0,0.0,0.00905,0.032258064516129,31.0,37.0,NEUTRAL,77.6,1,0,unknown,unknown,0.0,0.0,0.0,0,0,0,none,0.0,0.5,0,0.0,0.0,0.0,0.0,0,52.49,0,0,0,0.0,0.0,0,0,0,0.0,0.0
OSCR,2026-09-04 14:00:00-04:00,2026-09-04,15,0,31.78,32.445,31.78,32.265,True,False,50.23,46.51357617838536,45.50215641080902,0.6868871860698667,green,0.3223,0.0629,0.0169,34.5,-0.0038789759503491,0.0206105687277235,0.7293233082706768,0.7293233082706768,0.9992367192040212,14534553.691683223,7.0,0.00557880055788,0.0227801022780102,4.0,0.2136990547032388,0.0397644506431117,0.0397644506431117,0.053912361789348,0.0636859942241504,0.5817610910793383,1,0.0,0.00839,0.03125,32.0,35.0,NEUTRAL,75.5,0,0,unknown,unknown,2.0,2.0,2.0,0,0,0,none,0.0,0.5,0,0.0,0.0,0.0,0.0,0,37.68,0,0,0,0.006819,0.004804,0,0,0,0.006819,0.13638
